Age,Avg Monthly GB Download,Avg Monthly Long Distance Charges,CLTV,Contract,Device Protection Plan,Gender,Internet Service,Multiple Lines,Number of Dependents,Offer,Online Backup,Online Security,Paperless Billing,Partner,Payment Method,Premium Tech Support,Satisfaction Score,Streaming TV,Tenure in Months,Total Extra Data Charges,Total Long Distance Charges,Total Refunds,Churn
72,4,19.44,4849,Two Year,1,Female,1,0,0,0,1,0,0,1,Bank Withdrawal,0,3,0,25,0,486.0,0,0
27,59,45.62,3715,Month-to-Month,1,Male,1,1,0,0,0,0,0,0,Bank Withdrawal,1,3,1,35,0,1596.7,0,0
59,0,16.07,5092,Month-to-Month,0,Male,0,0,0,0,0,0,0,1,Bank Withdrawal,0,5,0,46,0,739.22,0,0
25,27,0.0,2068,One Year,1,Male,1,0,0,0,1,0,1,1,Credit Card,0,4,0,27,1,0.0,0,0
31,21,17.22,4026,One Year,1,Male,1,0,0,1,1,1,0,1,Credit Card,0,2,0,58,0,998.76,0,1
32,30,11.94,5351,Month-to-Month,1,Male,1,1,0,1,0,0,1,0,Bank Withdrawal,0,1,1,3,1,35.82,0,1
36,8,10.23,5436,Month-to-Month,0,Male,1,0,0,0,0,1,1,1,Bank Withdrawal,1,3,0,24,0,245.52,0,0
48,16,8.98,5413,Month-to-Month,1,Female,1,1,0,1,1,1,1,1,Bank Withdrawal,0,2,1,63,0,565.74,0,1
72,14,44.81,5388,Two Year,1,Female,1,1,0,1,1,0,0,0,Bank Withdrawal,1,5,1,72,0,3226.32,0,0
54,12,14.88,3172,Month-to-Month,0,Male,1,1,1,0,1,1,0,0,Bank Withdrawal,0,4,0,2,0,29.76,0,0
67,22,44.26,2364,One Year,1,Female,1,1,0,0,0,0,1,1,Bank Withdrawal,0,3,1,31,0,1372.06,0,0
79,2,32.62,2901,Two Year,0,Female,1,0,0,1,0,0,1,1,Bank Withdrawal,0,4,0,2,0,65.24,0,0
20,71,26.64,4515,One Year,1,Male,1,0,0,1,0,1,1,1,Credit Card,0,3,1,64,0,1704.96,0,0
30,30,26.26,2876,Month-to-Month,0,Female,1,0,0,0,0,0,1,0,Bank Withdrawal,0,1,0,3,0,78.78,0,1
72,23,11.86,4143,Two Year,0,Male,1,0,1,0,1,0,1,0,Bank Withdrawal,1,4,0,11,0,130.46,0,0
62,7,30.61,3182,Month-to-Month,1,Male,1,0,0,0,0,0,1,0,Bank Withdrawal,0,2,0,17,0,520.37,0,1
71,13,19.14,5061,One Year,1,Female,1,1,0,0,1,1,1,1,Bank Withdrawal,1,3,0,59,1,1129.26,0,0
48,9,27.41,4114,Two Year,1,Female,1,1,0,0,1,1,0,1,Credit Card,1,4,0,68,0,1863.88,1,0
22,59,2.73,4237,Two Year,1,Male,1,1,1,0,1,1,0,1,Credit Card,1,3,0,72,0,196.56,0,0
38,20,27.89,2699,Month-to-Month,0,Male,1,0,0,0,0,0,1,0,Bank Withdrawal,0,2,0,1,0,27.89,0,1
46,0,43.8,4691,One Year,0,Female,0,0,0,0,0,0,0,0,Bank Withdrawal,0,4,0,32,0,1401.6,0,0
47,3,17.07,4592,Month-to-Month,0,Male,1,1,0,1,1,1,0,0,Bank Withdrawal,0,4,0,1,0,17.07,0,0
48,20,38.5,2651,Month-to-Month,0,Male,1,0,1,0,0,0,1,1,Bank Withdrawal,0,4,0,6,0,231.0,0,0
68,19,8.97,5166,Month-to-Month,1,Male,1,1,0,0,0,0,1,1,Bank Withdrawal,0,1,1,47,0,421.59,0,1
48,0,19.28,5190,Two Year,0,Female,0,0,1,0,0,0,0,1,Bank Withdrawal,0,5,0,12,0,231.36,0,0
60,0,47.46,3142,Month-to-Month,0,Female,0,0,0,0,0,0,0,0,Mailed Check,0,3,0,6,0,284.76,0,0
50,28,22.05,4017,Month-to-Month,0,Male,1,1,0,0,0,0,1,0,Bank Withdrawal,0,2,1,1,0,22.05,0,1
80,5,28.64,5345,Month-to-Month,0,Female,1,0,0,0,0,0,1,0,Bank Withdrawal,0,3,0,1,0,28.64,0,1
76,10,42.29,2677,One Year,0,Female,1,1,0,0,0,0,1,1,Bank Withdrawal,0,4,1,42,1,1776.18,0,0
34,0,40.91,4311,Two Year,0,Female,0,0,0,0,0,0,0,1,Credit Card,0,4,0,70,0,2863.7,1,0
30,30,17.22,5944,Month-to-Month,0,Male,1,1,0,1,0,0,1,0,Bank Withdrawal,0,1,0,2,0,34.44,0,1
50,11,35.49,3585,Month-to-Month,1,Female,1,0,1,0,0,0,1,0,Credit Card,1,1,1,9,0,319.41,0,1
28,52,35.2,5605,Month-to-Month,0,Female,1,1,1,0,1,0,1,1,Credit Card,1,3,0,4,0,140.8,0,0
46,0,44.84,6334,Two Year,0,Female,0,1,0,0,0,0,0,1,Credit Card,0,5,0,71,0,3183.64,0,0
69,19,45.88,2482,Month-to-Month,1,Female,1,1,0,0,1,1,0,0,Credit Card,0,1,0,30,0,1376.4,0,1
35,56,12.96,4480,Two Year,1,Female,1,0,1,0,0,1,1,1,Bank Withdrawal,1,3,1,72,0,933.12,0,0
37,14,2.72,2388,Month-to-Month,0,Male,1,0,0,1,0,0,0,0,Credit Card,0,4,0,2,1,5.44,0,0
60,0,18.64,3828,Two Year,0,Female,0,0,1,1,0,0,0,1,Bank Withdrawal,0,5,0,48,0,894.72,0,0
39,6,14.07,2187,Month-to-Month,0,Female,1,1,0,0,0,0,1,0,Bank Withdrawal,0,2,0,2,0,28.14,0,1
35,13,22.33,2039,Month-to-Month,0,Female,1,1,0,0,1,0,1,1,Bank Withdrawal,1,2,0,26,0,580.58,0,1
20,27,26.63,5611,Month-to-Month,0,Male,1,0,1,1,0,0,0,0,Credit Card,0,3,0,13,0,346.19,0,0
59,76,29.5,6123,One Year,1,Male,1,0,1,1,1,1,1,1,Bank Withdrawal,1,4,1,66,0,1947.0,0,0
27,0,43.5,3854,Month-to-Month,0,Male,0,0,0,1,0,0,0,0,Credit Card,0,3,0,14,0,609.0,0,0
39,13,35.18,3972,Month-to-Month,0,Female,1,1,0,1,0,0,1,1,Credit Card,0,1,0,3,0,105.54,0,1
63,20,27.0,4634,Two Year,1,Female,1,0,0,1,1,0,1,0,Mailed Check,0,3,0,55,0,1485.0,0,0
71,21,0.0,6285,Month-to-Month,0,Male,1,0,0,1,1,0,1,1,Credit Card,0,4,0,51,0,0.0,0,0
38,30,0.0,4507,Two Year,1,Female,1,0,0,1,1,0,1,0,Credit Card,0,4,0,62,0,0.0,0,0
76,15,3.42,2768,Two Year,0,Female,1,0,0,0,0,1,1,1,Bank Withdrawal,0,3,0,38,0,129.96,1,0
76,9,0.0,5295,Two Year,1,Male,1,0,0,0,1,1,1,1,Credit Card,1,5,1,72,0,0.0,0,0
62,20,44.0,6202,Two Year,0,Male,1,1,1,1,0,0,1,1,Credit Card,0,5,0,72,0,3168.0,0,0
44,0,10.83,5946,Two Year,0,Female,0,0,0,1,0,0,1,0,Credit Card,0,5,0,54,0,584.82,0,0
74,4,46.5,4990,Month-to-Month,0,Male,1,1,0,0,0,0,1,1,Bank Withdrawal,0,1,0,10,0,465.0,0,1
66,28,45.37,6019,One Year,0,Female,1,1,0,1,1,0,1,1,Bank Withdrawal,0,3,1,58,0,2631.46,0,0
33,10,33.82,5870,One Year,1,Male,1,1,1,0,0,0,1,1,Bank Withdrawal,1,5,1,58,0,1961.56,0,0
58,21,1.88,4521,Month-to-Month,0,Male,1,0,0,1,0,0,1,0,Credit Card,1,5,0,4,0,7.52,0,0
59,26,0.0,5474,Month-to-Month,1,Male,1,0,0,1,1,0,1,0,Credit Card,0,2,0,18,0,0.0,0,1
60,0,47.33,5448,One Year,0,Male,0,1,0,1,0,0,0,0,Bank Withdrawal,0,3,0,24,0,1135.92,0,0
19,59,37.32,4081,One Year,1,Male,1,1,0,1,1,1,1,0,Bank Withdrawal,1,3,1,67,0,2500.44,0,0
47,26,4.34,2709,One Year,0,Male,1,1,0,1,1,1,1,0,Bank Withdrawal,0,4,1,38,0,164.92,0,0
54,0,15.51,5527,Month-to-Month,0,Female,0,0,0,1,0,0,0,0,Credit Card,0,3,0,1,0,15.51,0,1
56,30,29.29,5219,Two Year,1,Male,1,1,0,1,1,1,1,1,Bank Withdrawal,1,3,0,72,1,2108.88,0,0
63,3,44.73,5861,Month-to-Month,0,Male,1,1,0,1,0,0,1,1,Bank Withdrawal,0,1,0,1,0,44.73,0,1
63,10,20.13,5056,Month-to-Month,0,Female,1,0,1,0,0,1,1,0,Credit Card,1,3,1,40,0,805.2,0,0
58,57,0.0,2898,Two Year,0,Male,1,0,1,0,1,1,0,1,Credit Card,1,3,0,13,0,0.0,0,0
26,85,21.45,4908,One Year,1,Male,1,1,0,0,1,1,0,0,Credit Card,1,4,1,63,0,1351.35,0,0
68,13,15.82,4032,Two Year,1,Female,1,1,0,0,1,1,0,1,Bank Withdrawal,1,3,0,72,0,1139.04,0,0
33,20,43.14,6183,Month-to-Month,1,Female,1,1,0,1,1,1,1,0,Bank Withdrawal,1,3,0,66,0,2847.24,0,0
49,28,0.0,4051,Two Year,1,Male,1,0,1,0,0,0,0,1,Bank Withdrawal,1,5,1,66,0,0.0,1,0
58,7,0.0,3100,Two Year,1,Female,1,0,0,1,0,1,0,0,Credit Card,1,3,0,12,0,0.0,0,0
20,85,42.59,5816,Two Year,1,Male,1,1,0,1,0,1,1,0,Bank Withdrawal,1,4,0,63,0,2683.17,0,0
42,27,38.53,3972,Two Year,1,Female,1,0,0,0,0,1,1,1,Bank Withdrawal,1,4,1,43,0,1656.79,1,0
30,59,31.67,4533,Month-to-Month,1,Male,1,1,0,0,0,0,1,1,Bank Withdrawal,0,3,0,9,1,285.03,0,1
50,12,13.69,2886,One Year,0,Male,1,0,0,1,1,0,1,0,Bank Withdrawal,1,5,1,28,0,383.32,0,0
56,19,39.07,5266,Two Year,0,Female,1,1,1,0,0,1,0,1,Credit Card,1,3,0,69,0,2695.83,0,0
76,19,38.85,5269,Two Year,1,Male,1,1,0,0,0,0,1,0,Credit Card,0,4,1,67,0,2602.95,0,0
23,0,16.42,4501,One Year,0,Male,0,1,0,1,0,0,0,1,Bank Withdrawal,0,3,0,60,0,985.2,0,0
22,51,18.62,5870,Month-to-Month,0,Male,1,0,0,1,1,0,1,0,Credit Card,0,5,0,2,0,37.24,0,0
50,21,0.0,2933,Month-to-Month,1,Male,1,0,0,0,0,0,1,0,Bank Withdrawal,0,1,1,19,0,0.0,0,1
44,24,44.14,5962,Month-to-Month,1,Female,1,0,1,1,0,0,1,0,Credit Card,0,4,1,14,0,617.96,0,0
41,19,14.64,5284,Month-to-Month,0,Female,1,0,1,1,1,0,0,1,Mailed Check,0,4,0,43,0,629.52,0,0
47,6,44.45,5870,One Year,0,Male,1,0,0,0,1,1,0,1,Credit Card,1,4,0,32,0,1422.4,0,0
61,0,33.92,5475,Two Year,0,Male,0,1,1,0,0,0,0,1,Credit Card,0,3,0,72,0,2442.24,0,0
75,25,1.92,3728,Two Year,1,Male,1,1,0,1,0,0,0,0,Bank Withdrawal,1,4,1,18,0,34.56,0,0
43,12,31.31,4770,One Year,1,Male,1,0,0,1,0,1,0,0,Bank Withdrawal,0,3,1,52,0,1628.12,0,0
29,0,3.58,4761,One Year,0,Male,0,0,0,1,0,0,1,0,Bank Withdrawal,0,4,0,25,0,89.5,0,0
75,18,26.82,4368,One Year,1,Female,1,1,0,0,1,1,1,1,Credit Card,1,4,0,56,0,1501.92,0,0
21,48,23.52,4799,Month-to-Month,0,Male,1,0,0,0,0,0,0,0,Bank Withdrawal,1,3,1,2,0,47.04,0,0
42,21,8.29,4080,Month-to-Month,1,Female,1,0,0,0,0,0,0,0,Bank Withdrawal,1,4,0,7,0,58.03,0,0
30,53,0.0,2967,Month-to-Month,0,Female,1,0,0,0,0,0,1,0,Bank Withdrawal,0,3,0,13,0,0.0,0,1
59,18,47.64,5087,Two Year,0,Male,1,0,0,1,0,1,1,0,Bank Withdrawal,1,3,1,33,0,1572.12,0,0
45,25,22.52,5154,One Year,0,Male,1,1,0,0,1,0,1,0,Bank Withdrawal,1,5,1,49,1,1103.48,0,0
77,19,6.97,5374,Month-to-Month,0,Male,1,0,0,1,0,0,1,1,Bank Withdrawal,0,2,0,12,0,83.64,0,1
48,4,19.22,4968,One Year,1,Male,1,1,0,1,1,0,0,1,Bank Withdrawal,0,5,1,60,0,1153.2,0,0
42,26,10.9,6005,Two Year,0,Male,1,0,1,1,1,1,1,1,Bank Withdrawal,0,4,0,67,1,730.3,0,0
76,19,34.39,3104,One Year,0,Male,1,1,0,1,1,0,1,0,Bank Withdrawal,1,4,1,27,0,928.53,0,0
21,73,32.08,3700,Month-to-Month,0,Male,1,0,0,0,0,0,0,1,Credit Card,0,3,0,1,0,32.08,0,1
80,17,39.51,3711,Month-to-Month,0,Female,1,0,0,1,1,0,1,1,Bank Withdrawal,0,5,0,3,1,118.53,0,0
62,20,11.74,5804,Month-to-Month,1,Male,1,0,1,1,1,0,1,1,Credit Card,0,3,1,49,0,575.26,0,0
69,2,10.55,3172,Month-to-Month,0,Male,1,1,0,0,0,0,1,1,Bank Withdrawal,1,5,0,29,0,305.95,0,0
77,8,40.5,5610,Two Year,1,Male,1,1,0,0,0,0,0,1,Bank Withdrawal,0,5,1,30,0,1215.0,0,0
33,25,18.75,2061,Month-to-Month,0,Female,1,1,0,1,0,0,1,0,Bank Withdrawal,0,5,0,12,1,225.0,0,0
73,20,0.0,5372,One Year,0,Male,1,0,0,1,1,1,1,0,Bank Withdrawal,0,3,1,71,0,0.0,0,0
32,13,2.45,4543,One Year,1,Female,1,0,0,1,0,1,1,0,Bank Withdrawal,1,4,1,47,0,115.15,0,0
30,30,37.65,5665,One Year,1,Female,1,1,0,1,1,0,1,0,Bank Withdrawal,0,4,1,54,1,2033.1,0,0
64,17,32.87,5830,Month-to-Month,0,Female,1,1,0,1,1,1,1,0,Bank Withdrawal,0,3,0,19,1,624.53,0,1
37,0,48.14,3678,Month-to-Month,0,Male,0,0,0,1,0,0,0,0,Credit Card,0,4,0,1,0,48.14,0,0
77,20,3.83,3689,Month-to-Month,0,Female,1,1,0,0,0,0,1,1,Bank Withdrawal,0,3,1,17,0,65.11,0,0
68,17,34.39,5507,One Year,1,Female,1,1,0,0,0,0,1,0,Bank Withdrawal,1,3,1,60,1,2063.4,0,1
25,69,0.0,3423,One Year,1,Male,1,0,1,0,0,0,1,1,Bank Withdrawal,1,5,1,44,1,0.0,0,0
39,19,18.74,5584,Two Year,0,Female,1,1,1,0,1,1,1,1,Bank Withdrawal,0,3,1,72,0,1349.28,0,0
24,0,8.21,2745,Two Year,0,Male,0,0,1,0,0,0,0,1,Bank Withdrawal,0,3,0,37,0,303.77,0,0
31,4,0.0,5493,One Year,1,Female,1,0,0,1,1,1,0,1,Bank Withdrawal,0,3,0,60,0,0.0,0,0
62,29,44.96,3443,Month-to-Month,1,Female,1,1,0,1,0,0,0,0,Bank Withdrawal,0,5,0,17,0,764.32,0,0
67,2,26.99,3443,Month-to-Month,0,Male,1,0,0,0,0,0,1,1,Credit Card,0,1,1,8,0,215.92,0,1
47,30,27.75,5649,Two Year,1,Male,1,1,0,1,1,0,0,0,Credit Card,0,3,1,65,0,1803.75,0,0
19,53,4.65,5361,Month-to-Month,0,Female,1,0,0,0,1,1,0,1,Bank Withdrawal,0,3,1,2,0,9.3,0,0
73,19,0.0,4694,Month-to-Month,0,Male,1,0,0,1,0,0,1,0,Bank Withdrawal,0,3,0,4,0,0.0,0,1
78,7,32.4,5638,Month-to-Month,0,Male,1,1,0,0,0,0,0,0,Credit Card,0,2,0,7,0,226.8,0,1
34,0,49.91,3009,Month-to-Month,0,Female,0,0,0,0,0,0,0,0,Credit Card,0,3,0,2,0,99.82,0,0
48,23,26.3,6483,Two Year,1,Male,1,1,0,0,0,0,1,0,Bank Withdrawal,0,5,1,55,0,1446.5,0,0
50,19,0.0,3540,Month-to-Month,0,Female,1,0,1,0,1,0,0,0,Bank Withdrawal,0,5,0,13,1,0.0,0,0
72,28,0.0,5597,Two Year,1,Female,1,0,0,0,1,0,1,0,Bank Withdrawal,0,3,1,34,0,0.0,0,0
53,15,0.0,4969,Two Year,1,Male,1,0,0,1,1,1,1,1,Credit Card,1,4,1,72,0,0.0,0,0
62,27,0.0,2088,Month-to-Month,0,Female,1,0,0,0,0,0,0,0,Bank Withdrawal,0,1,0,3,0,0.0,0,1
61,28,0.0,5092,One Year,1,Male,1,0,1,0,1,0,1,1,Credit Card,0,3,0,56,1,0.0,0,0
19,0,19.38,4001,Month-to-Month,0,Male,0,0,1,1,0,0,0,0,Credit Card,0,3,0,12,0,232.56,0,0
23,59,21.56,3038,Month-to-Month,1,Female,1,1,0,1,1,1,1,0,Bank Withdrawal,1,1,1,41,0,883.96,0,1
30,41,28.27,4882,Month-to-Month,0,Female,1,1,0,0,1,1,1,0,Bank Withdrawal,1,3,0,57,0,1611.39,1,0
43,4,42.41,3801,Month-to-Month,1,Female,1,1,0,0,1,1,1,0,Credit Card,1,4,1,37,1,1569.17,0,0
63,14,1.55,5795,Month-to-Month,0,Female,1,0,0,1,1,0,1,0,Credit Card,0,3,0,34,0,52.7,0,1
64,23,10.67,5700,Two Year,1,Female,1,1,0,0,1,0,1,1,Bank Withdrawal,1,4,1,63,0,672.21,0,0
62,17,2.12,4115,Month-to-Month,1,Male,1,1,0,0,1,0,0,1,Bank Withdrawal,0,1,1,31,1,65.72,0,1
31,0,22.12,3663,Month-to-Month,0,Female,0,0,0,1,0,0,0,0,Mailed Check,0,3,0,1,0,22.12,0,1
30,26,44.57,3359,Month-to-Month,0,Male,1,0,1,0,1,1,1,1,Credit Card,1,3,0,24,0,1069.68,0,0
73,30,5.75,2645,One Year,1,Male,1,0,0,1,1,0,1,0,Credit Card,1,3,1,38,0,218.5,0,1
49,21,41.4,4029,Two Year,0,Female,1,0,0,1,1,1,0,1,Bank Withdrawal,1,3,0,60,0,2484.0,0,0
55,18,4.32,5444,Two Year,1,Male,1,1,0,0,1,0,1,1,Credit Card,1,3,1,72,0,311.04,0,0
71,27,40.19,2656,Two Year,0,Female,1,1,1,1,0,0,0,1,Bank Withdrawal,0,5,1,22,0,884.18,0,0
19,27,13.16,4983,One Year,1,Female,1,1,0,0,1,0,0,0,Credit Card,1,4,1,30,0,394.8,0,0
77,25,38.32,5348,One Year,1,Female,1,0,0,0,1,1,0,1,Bank Withdrawal,0,4,0,65,0,2490.8,0,0
40,15,9.72,6317,Two Year,1,Female,1,1,1,1,1,1,0,1,Bank Withdrawal,1,4,0,72,1,699.84,0,0
36,20,39.9,3443,Month-to-Month,0,Female,1,0,0,1,0,0,1,0,Credit Card,0,2,0,4,0,159.6,0,1
55,29,0.0,5941,One Year,1,Female,1,0,1,0,0,0,1,0,Credit Card,0,3,1,22,0,0.0,0,0
26,0,45.13,4868,Month-to-Month,0,Male,0,1,0,1,0,0,1,0,Bank Withdrawal,0,5,0,7,0,315.91,0,0
31,0,27.7,5390,One Year,0,Female,0,0,1,1,0,0,0,1,Credit Card,0,3,0,55,0,1523.5,0,0
62,0,10.32,4116,Two Year,0,Female,0,0,0,1,0,0,0,0,Mailed Check,0,5,0,53,0,546.96,0,0
64,13,22.41,4022,One Year,1,Male,1,1,0,1,1,1,0,0,Credit Card,1,3,1,34,0,761.94,0,0
20,48,8.3,3652,Month-to-Month,0,Female,1,0,0,0,1,0,1,1,Credit Card,0,3,0,19,0,157.7,0,0
32,18,42.55,4741,Month-to-Month,0,Female,1,0,0,1,0,0,0,0,Bank Withdrawal,0,3,0,12,0,510.6,0,1
43,25,6.68,4135,One Year,1,Female,1,0,0,0,1,1,0,1,Bank Withdrawal,1,3,1,53,0,354.04,0,0
40,20,12.54,5964,Month-to-Month,0,Male,1,0,0,0,0,0,1,0,Bank Withdrawal,0,1,0,13,0,163.02,0,1
35,0,32.54,5535,Month-to-Month,0,Female,0,0,0,1,0,0,0,0,Credit Card,0,4,0,4,0,130.16,0,0
21,0,35.46,2011,Two Year,0,Male,0,0,0,1,0,0,1,1,Bank Withdrawal,0,4,0,41,0,1453.86,0,0
40,15,41.03,3407,Month-to-Month,1,Female,1,1,1,0,1,0,1,1,Bank Withdrawal,0,3,0,37,0,1518.11,0,0
33,12,3.47,3459,Two Year,1,Female,1,0,0,1,0,0,0,0,Credit Card,1,3,1,47,0,163.09,0,0
27,48,10.4,5822,Month-to-Month,1,Male,1,0,0,0,0,1,1,0,Bank Withdrawal,1,3,1,25,0,260.0,0,0
73,6,30.17,5536,Month-to-Month,0,Male,1,1,0,1,0,0,1,0,Bank Withdrawal,0,1,1,1,0,30.17,0,1
39,0,31.37,2056,Two Year,0,Female,0,0,0,0,0,0,0,1,Credit Card,0,3,0,40,0,1254.8,1,0
44,22,17.18,4110,Month-to-Month,0,Female,1,0,0,1,1,1,0,0,Bank Withdrawal,0,1,0,6,0,103.08,0,1
28,48,46.9,4847,One Year,0,Male,1,1,0,0,0,1,1,1,Bank Withdrawal,0,3,1,56,0,2626.4,0,0
24,47,6.36,4736,One Year,0,Female,1,1,0,1,1,1,1,1,Credit Card,0,1,1,48,0,305.28,0,1
20,48,41.15,4620,One Year,1,Female,1,1,0,1,1,1,1,1,Credit Card,1,4,0,59,0,2427.85,0,0
36,17,13.14,4273,Two Year,1,Male,1,0,0,0,1,1,0,0,Credit Card,1,4,1,63,0,827.82,0,0
62,29,20.1,4830,Month-to-Month,0,Female,1,1,0,0,0,0,1,0,Bank Withdrawal,0,4,1,3,1,60.3,0,0
54,20,5.32,2683,Month-to-Month,1,Female,1,1,0,0,0,0,0,0,Credit Card,0,1,0,2,0,10.64,0,1
48,0,11.81,6440,Two Year,0,Female,0,0,1,1,0,0,1,1,Credit Card,0,4,0,58,0,684.98,0,0
46,14,10.23,6034,Two Year,0,Female,1,0,0,0,0,0,1,1,Credit Card,1,5,1,65,0,664.95,0,0
40,8,36.47,2994,One Year,0,Female,1,1,0,1,1,0,1,0,Credit Card,0,5,0,41,0,1495.27,0,0
51,18,48.02,3363,Two Year,0,Female,1,0,0,0,0,0,1,1,Credit Card,1,5,1,45,1,2160.9,1,0
62,18,26.51,4971,Month-to-Month,0,Female,1,0,0,1,0,0,0,1,Bank Withdrawal,0,2,1,9,0,238.59,0,1
27,42,49.88,5427,One Year,1,Female,1,0,0,1,1,0,1,1,Bank Withdrawal,0,3,0,48,0,2394.24,0,0
62,0,30.09,4836,Two Year,0,Female,0,0,1,0,0,0,0,1,Credit Card,0,5,0,1,0,30.09,0,0
69,23,20.78,4309,Two Year,1,Female,1,0,1,0,0,0,1,1,Bank Withdrawal,0,5,1,24,0,498.72,0,0
39,27,24.51,4544,Month-to-Month,1,Female,1,1,0,0,1,0,1,1,Bank Withdrawal,0,2,1,36,0,882.36,1,1
62,0,32.05,4673,Two Year,0,Female,0,1,1,1,0,0,1,0,Credit Card,0,4,0,61,0,1955.05,0,0
34,0,39.37,4865,One Year,0,Male,0,1,0,1,0,0,0,0,Bank Withdrawal,0,3,0,53,0,2086.61,0,0
25,51,11.47,3654,Month-to-Month,0,Female,1,0,1,1,1,0,1,1,Credit Card,0,3,1,3,0,34.41,0,0
61,27,46.1,6468,Two Year,1,Male,1,1,0,0,1,1,0,0,Credit Card,1,4,1,72,0,3319.2,0,0
48,0,27.3,6094,Two Year,0,Male,0,0,0,1,0,0,0,0,Credit Card,0,3,0,54,0,1474.2,0,0
74,16,11.32,3273,Month-to-Month,0,Female,1,1,0,1,1,0,1,1,Credit Card,0,5,1,36,0,407.52,1,0
58,30,46.17,2007,Month-to-Month,0,Female,1,0,0,1,0,0,1,0,Bank Withdrawal,0,3,0,1,0,46.17,0,1
34,53,8.69,3457,Month-to-Month,1,Female,1,0,1,0,0,0,1,1,Bank Withdrawal,0,1,0,7,0,60.83,0,1
41,6,0.0,3605,Month-to-Month,0,Male,1,0,0,1,1,0,1,0,Mailed Check,0,2,0,1,1,0.0,0,1
37,19,0.0,3424,One Year,0,Female,1,0,0,0,1,1,1,0,Bank Withdrawal,1,3,0,39,0,0.0,0,0
48,13,28.8,5897,Month-to-Month,0,Male,1,1,0,0,0,0,1,0,Bank Withdrawal,0,3,0,23,0,662.4,0,1
50,5,41.38,3167,Month-to-Month,0,Female,1,0,0,0,0,0,1,0,Bank Withdrawal,0,4,1,3,0,124.14,0,0
61,0,33.13,2024,One Year,0,Female,0,0,0,1,0,0,0,0,Bank Withdrawal,0,3,0,13,0,430.69,0,0
63,17,25.17,4989,Month-to-Month,0,Female,1,1,0,0,0,0,1,0,Bank Withdrawal,0,3,0,7,0,176.19,0,0
57,12,25.79,4103,Month-to-Month,1,Female,1,1,0,1,0,1,0,1,Bank Withdrawal,0,1,1,17,0,438.43,0,1
68,9,0.0,4095,Month-to-Month,0,Female,1,0,0,0,0,0,1,0,Mailed Check,0,1,0,1,0,0.0,0,1
35,0,27.66,2717,Two Year,0,Male,0,0,0,0,0,0,0,0,Credit Card,0,3,0,17,0,470.22,1,0
28,0,38.73,5586,One Year,0,Male,0,0,0,1,0,0,0,0,Credit Card,0,5,0,18,0,697.14,0,0
34,0,29.14,4580,Month-to-Month,0,Female,0,0,0,0,0,0,0,1,Credit Card,0,4,0,4,0,116.56,0,0
40,13,40.28,4583,Month-to-Month,0,Male,1,1,1,1,1,1,1,1,Bank Withdrawal,0,4,1,70,0,2819.6,0,0
50,17,46.5,4093,Month-to-Month,0,Male,1,0,0,0,1,0,1,0,Credit Card,0,4,1,22,0,1023.0,0,0
33,56,26.09,5447,Month-to-Month,1,Female,1,0,1,0,0,1,1,1,Bank Withdrawal,1,3,1,35,1,913.15,1,0
37,0,20.96,2269,One Year,0,Female,0,0,0,0,0,0,1,1,Credit Card,0,4,0,27,0,565.92,0,0
47,0,46.91,3636,Month-to-Month,0,Female,0,0,1,0,0,0,0,1,Mailed Check,0,4,0,19,0,891.29,0,0
27,59,20.44,2827,Month-to-Month,0,Male,1,0,0,0,0,1,1,0,Bank Withdrawal,0,1,1,16,1,327.04,0,1
44,25,38.02,5176,Month-to-Month,0,Female,1,0,0,0,1,0,0,0,Bank Withdrawal,0,5,0,16,0,608.32,0,0
40,29,0.0,5224,Two Year,1,Female,1,0,0,1,1,0,0,1,Bank Withdrawal,1,5,1,71,0,0.0,0,0
41,6,30.04,3565,Month-to-Month,0,Male,1,0,0,1,0,0,0,0,Credit Card,0,5,0,7,0,210.28,0,0
47,53,26.35,4667,Two Year,1,Male,1,1,1,0,0,1,0,1,Bank Withdrawal,1,3,1,69,0,1818.15,0,0
50,17,14.35,2650,Month-to-Month,0,Female,1,1,0,0,0,0,0,0,Bank Withdrawal,0,4,0,3,0,43.05,0,0
33,10,29.03,3916,Month-to-Month,0,Female,1,0,1,0,0,0,1,1,Bank Withdrawal,0,3,0,2,0,58.06,0,0
21,59,14.86,5308,Two Year,1,Female,1,0,0,1,1,1,1,0,Credit Card,1,3,1,68,1,1010.48,0,0
63,26,5.65,3476,Month-to-Month,1,Male,1,0,1,0,0,0,1,1,Credit Card,0,3,1,34,0,192.1,0,0
71,6,21.67,5271,One Year,0,Male,1,1,0,0,0,1,1,1,Bank Withdrawal,1,1,0,53,1,1148.51,0,1
24,76,49.61,4705,One Year,0,Male,1,0,0,0,0,1,0,0,Bank Withdrawal,1,3,1,26,0,1289.86,0,0
46,3,0.0,2734,Month-to-Month,0,Male,1,0,0,1,1,0,1,0,Bank Withdrawal,0,1,0,3,0,0.0,0,1
20,0,38.97,2616,Month-to-Month,0,Female,0,1,1,1,0,0,1,0,Credit Card,0,5,0,4,0,155.88,0,0
20,26,34.14,5720,Month-to-Month,1,Female,1,1,0,0,1,0,1,1,Bank Withdrawal,0,1,1,65,0,2219.1,0,1
21,30,42.98,4626,Month-to-Month,1,Female,1,0,1,1,1,1,0,1,Credit Card,0,1,0,22,1,945.56,0,1
48,0,4.09,2507,Month-to-Month,0,Female,0,0,0,0,0,0,0,0,Credit Card,0,5,0,1,0,4.09,0,0
62,0,36.16,2654,Two Year,0,Male,0,0,1,0,0,0,0,0,Credit Card,0,4,0,19,0,687.04,0,0
30,76,12.59,3477,Month-to-Month,1,Male,1,0,0,0,0,1,0,0,Bank Withdrawal,0,4,0,2,0,25.18,0,0
47,6,1.13,5086,Month-to-Month,0,Male,1,0,0,1,0,0,1,0,Bank Withdrawal,0,3,1,1,0,1.13,0,1
48,30,47.45,4722,Month-to-Month,1,Female,1,1,0,0,0,0,1,0,Credit Card,0,1,0,16,0,759.2,0,1
61,30,21.84,4703,Two Year,0,Female,1,1,1,0,1,1,0,1,Credit Card,1,3,1,72,0,1572.48,0,0
52,19,6.85,4463,Two Year,1,Female,1,1,1,1,1,1,1,1,Bank Withdrawal,1,3,0,72,0,493.2,0,0
22,27,0.0,4283,Two Year,0,Male,1,0,0,0,1,0,0,1,Credit Card,0,4,1,49,0,0.0,0,0
24,73,39.92,2165,Month-to-Month,0,Female,1,0,0,0,0,0,1,0,Bank Withdrawal,0,4,1,8,0,319.36,0,0
30,0,8.21,5409,Two Year,0,Female,0,1,0,0,0,0,1,1,Credit Card,0,5,0,71,0,582.91,0,0
44,3,10.13,4120,One Year,1,Male,1,1,0,1,1,0,1,1,Bank Withdrawal,0,4,1,46,0,465.98,0,0
44,53,0.0,5880,Month-to-Month,0,Female,1,0,1,0,1,0,0,0,Mailed Check,0,3,0,3,0,0.0,0,0
80,18,0.0,2061,Month-to-Month,0,Male,1,0,1,0,0,1,0,1,Mailed Check,0,1,0,22,0,0.0,0,1
56,0,2.15,3078,Month-to-Month,0,Male,0,0,0,0,0,0,0,1,Bank Withdrawal,0,4,0,37,0,79.55,1,0
60,26,49.61,4446,One Year,0,Male,1,0,0,1,0,1,1,0,Bank Withdrawal,1,4,0,35,0,1736.35,0,0
40,20,38.32,5877,Month-to-Month,0,Female,1,1,0,0,0,0,1,0,Bank Withdrawal,0,3,0,18,0,689.76,0,0
22,52,14.75,4271,Month-to-Month,0,Male,1,1,1,1,1,1,1,1,Bank Withdrawal,0,4,1,62,1,914.5,0,0
45,0,30.07,2687,Month-to-Month,0,Female,0,0,0,0,0,0,1,1,Credit Card,0,3,0,31,0,932.17,0,1
35,53,45.61,3202,Month-to-Month,0,Male,1,0,1,0,0,1,1,0,Credit Card,0,3,0,17,0,775.37,0,0
61,16,44.97,5755,Month-to-Month,0,Male,1,0,0,0,0,1,1,0,Credit Card,1,4,0,3,1,134.91,0,0
48,0,34.79,3040,Two Year,0,Male,0,1,1,0,0,0,0,1,Credit Card,0,3,0,36,0,1252.44,0,0
21,42,1.28,2142,Month-to-Month,0,Female,1,1,0,1,0,0,1,0,Credit Card,0,5,0,8,0,10.24,0,0
63,0,10.46,6059,Two Year,0,Male,0,1,1,1,0,0,0,1,Credit Card,0,3,0,70,0,732.2,0,0
25,71,33.88,4495,Two Year,1,Male,1,1,0,1,1,1,0,0,Credit Card,1,2,1,67,0,2269.96,0,1
31,9,0.0,4909,Month-to-Month,0,Female,1,0,0,1,0,0,1,0,Bank Withdrawal,0,1,0,4,0,0.0,0,1
64,9,13.64,5148,Month-to-Month,0,Female,1,1,0,1,1,0,1,1,Bank Withdrawal,0,2,0,14,0,190.96,0,1
33,9,47.89,3981,Month-to-Month,0,Male,1,1,0,0,1,0,1,1,Credit Card,0,4,1,32,0,1532.48,0,0
49,0,2.85,5566,Month-to-Month,0,Female,0,0,0,0,0,0,0,0,Credit Card,0,3,0,1,0,2.85,0,0
24,0,20.29,3926,Month-to-Month,0,Male,0,0,0,1,0,0,0,0,Credit Card,0,3,0,10,0,202.9,0,0
56,10,30.35,2444,Month-to-Month,0,Male,1,1,0,1,1,0,1,0,Credit Card,0,5,0,22,1,667.7,0,0
55,9,33.37,5115,Two Year,1,Male,1,1,0,1,1,0,0,1,Credit Card,1,4,1,70,1,2335.9,0,0
38,25,32.22,6378,Two Year,1,Male,1,1,1,1,1,1,1,1,Credit Card,1,4,0,72,0,2319.84,0,0
77,25,30.11,4140,Two Year,0,Male,1,0,0,0,0,0,0,0,Bank Withdrawal,0,3,0,4,0,120.44,0,0
57,11,11.32,4131,One Year,0,Female,1,0,0,1,1,1,1,0,Bank Withdrawal,1,3,0,28,0,316.96,0,0
64,0,23.81,6019,Two Year,0,Male,0,1,1,1,0,0,1,0,Credit Card,0,4,0,66,0,1571.46,0,0
44,13,15.76,2451,Month-to-Month,0,Male,1,0,0,1,0,0,1,0,Credit Card,0,3,0,1,0,15.76,0,0
21,71,14.6,4415,Month-to-Month,0,Male,1,1,1,1,0,0,1,0,Bank Withdrawal,0,1,0,3,0,43.8,1,1
22,0,36.37,2299,Two Year,0,Male,0,1,1,0,0,0,0,1,Credit Card,0,4,0,10,0,363.7,0,0
36,0,14.27,3977,One Year,0,Male,0,0,0,0,0,0,0,1,Credit Card,0,4,0,15,0,214.05,0,0
46,17,0.0,5041,Two Year,1,Male,1,0,0,1,1,1,0,1,Credit Card,1,4,0,72,0,0.0,0,0
22,0,31.93,5730,Two Year,0,Male,0,0,1,0,0,0,0,0,Credit Card,0,4,0,72,0,2298.96,0,0
50,18,44.76,2667,One Year,0,Male,1,1,0,1,0,1,1,0,Bank Withdrawal,1,3,0,48,0,2148.48,0,0
30,59,41.78,2632,Month-to-Month,0,Female,1,0,0,1,0,0,1,0,Bank Withdrawal,0,2,0,1,0,41.78,0,1
32,13,33.62,4780,Month-to-Month,0,Female,1,0,1,0,0,0,1,1,Credit Card,0,4,1,29,0,974.98,0,0
29,73,36.75,5530,Month-to-Month,0,Male,1,1,0,0,1,0,1,1,Bank Withdrawal,0,3,1,65,0,2388.75,0,1
37,21,39.85,4525,Month-to-Month,0,Female,1,1,0,0,0,0,1,0,Mailed Check,0,5,0,10,0,398.5,0,0
51,4,44.31,5213,Two Year,1,Female,1,1,0,0,1,1,1,0,Bank Withdrawal,1,3,1,64,0,2835.84,0,0
74,18,32.9,6084,Two Year,1,Male,1,1,1,0,1,1,1,1,Bank Withdrawal,0,4,0,50,0,1645.0,0,0
25,85,26.51,5220,One Year,0,Male,1,0,0,0,1,0,1,0,Credit Card,1,1,0,36,0,954.36,0,1
30,59,9.37,6107,Month-to-Month,1,Female,1,0,0,0,0,0,1,0,Bank Withdrawal,0,3,0,52,0,487.24,0,0
58,0,40.0,3047,Two Year,0,Male,0,0,1,0,0,0,0,1,Credit Card,0,3,0,30,0,1200.0,0,0
29,0,7.32,4801,Month-to-Month,0,Male,0,0,0,1,0,0,0,0,Credit Card,0,4,0,1,0,7.32,0,0
46,14,46.21,3818,One Year,1,Male,1,0,0,0,0,0,1,0,Credit Card,1,3,0,38,0,1755.98,0,1
41,14,0.0,3752,One Year,1,Male,1,0,0,0,0,0,0,0,Credit Card,1,3,0,39,0,0.0,0,0
58,21,17.9,4296,Two Year,1,Female,1,1,0,1,1,1,1,0,Bank Withdrawal,1,3,1,71,0,1270.9,0,0
20,59,29.41,3458,Month-to-Month,0,Female,1,0,0,0,0,0,0,0,Bank Withdrawal,0,1,1,1,1,29.41,0,1
57,0,45.75,4722,Two Year,0,Male,0,0,0,0,0,0,0,0,Bank Withdrawal,0,4,0,72,0,3294.0,0,0
43,24,8.69,3271,Month-to-Month,0,Male,1,1,0,1,0,0,1,0,Credit Card,0,5,0,39,0,338.91,0,0
33,0,16.81,5747,Month-to-Month,0,Male,0,0,0,1,0,0,0,0,Credit Card,0,1,0,1,0,16.81,0,1
54,0,30.82,3948,Two Year,0,Female,0,1,0,1,0,0,0,0,Credit Card,0,3,0,48,0,1479.36,0,0
69,11,3.76,4053,One Year,1,Female,1,0,0,0,1,1,0,1,Bank Withdrawal,0,3,0,64,0,240.64,0,0
31,0,7.72,5346,Month-to-Month,0,Female,0,0,0,1,0,0,0,0,Credit Card,0,5,0,6,0,46.32,0,0
58,16,8.39,5979,Two Year,0,Female,1,0,1,1,0,1,1,1,Bank Withdrawal,0,3,1,66,0,553.74,0,0
43,20,0.0,2578,Two Year,1,Female,1,0,0,0,0,1,1,1,Bank Withdrawal,1,3,1,10,0,0.0,0,0
65,6,16.36,5203,Month-to-Month,0,Female,1,1,0,1,1,0,1,0,Bank Withdrawal,0,1,0,14,0,229.04,0,1
77,18,26.95,4419,Month-to-Month,0,Female,1,0,1,1,0,1,0,0,Bank Withdrawal,0,2,0,7,0,188.65,1,1
30,71,42.4,5364,One Year,1,Male,1,1,0,1,1,1,1,0,Bank Withdrawal,0,3,1,61,0,2586.4,0,0
36,0,20.56,5335,Two Year,0,Female,0,1,1,1,0,0,0,1,Bank Withdrawal,0,3,0,72,0,1480.32,0,0
19,0,5.7,4974,Two Year,0,Male,0,0,1,1,0,0,0,1,Bank Withdrawal,0,5,0,72,0,410.4,0,0
28,59,42.99,5494,Month-to-Month,0,Male,1,0,1,0,1,0,0,1,Credit Card,0,5,0,1,0,42.99,0,0
32,28,20.52,2786,Month-to-Month,0,Male,1,1,1,1,0,0,0,0,Credit Card,0,1,1,7,1,143.64,1,1
77,19,49.21,4848,One Year,0,Female,1,1,1,1,1,0,1,1,Bank Withdrawal,0,3,1,32,0,1574.72,0,0
43,20,36.55,4454,Two Year,1,Male,1,1,0,0,1,1,0,1,Credit Card,1,3,0,66,0,2412.3,0,0
25,51,24.77,5056,Month-to-Month,0,Female,1,1,0,1,1,1,1,0,Credit Card,0,4,1,56,0,1387.12,0,0
31,0,23.43,4626,Two Year,0,Male,0,0,0,1,0,0,1,0,Credit Card,0,5,0,72,0,1686.96,0,0
67,27,26.1,3110,Month-to-Month,0,Female,1,0,0,0,1,1,1,0,Credit Card,0,1,0,38,0,991.8,0,1
52,76,2.96,2871,Month-to-Month,0,Male,1,1,1,1,1,1,0,1,Credit Card,0,3,0,14,0,41.44,0,0
70,22,21.9,5039,Two Year,0,Female,1,1,0,1,0,0,1,0,Bank Withdrawal,0,3,0,2,0,43.8,0,0
40,0,27.59,3167,Month-to-Month,0,Female,0,0,0,0,0,0,0,0,Mailed Check,0,4,0,1,0,27.59,0,0
55,4,46.36,4852,Month-to-Month,0,Female,1,0,0,1,1,0,0,0,Bank Withdrawal,0,2,1,3,0,139.08,0,1
50,23,47.91,5001,Two Year,1,Female,1,1,1,1,1,1,1,1,Bank Withdrawal,1,3,1,68,0,3257.88,0,0
53,14,9.46,2583,Month-to-Month,1,Male,1,1,0,0,0,0,0,0,Bank Withdrawal,0,4,0,42,0,397.32,1,0
39,16,31.15,5641,Two Year,1,Male,1,1,0,0,1,0,1,1,Credit Card,1,4,1,72,0,2242.8,0,0
57,24,42.67,5591,Two Year,1,Female,1,1,0,1,0,1,0,1,Credit Card,1,1,0,70,0,2986.9,0,1
69,6,7.94,5884,Month-to-Month,0,Male,1,1,0,1,1,0,1,1,Bank Withdrawal,0,1,1,53,0,420.82,0,1
62,10,32.12,5056,Month-to-Month,0,Female,1,0,0,1,1,0,1,0,Bank Withdrawal,0,2,1,5,0,160.6,0,1
58,19,1.1,3334,Month-to-Month,0,Female,1,1,0,0,0,0,1,0,Credit Card,1,4,1,4,0,4.4,0,0
53,26,14.48,3940,Month-to-Month,0,Female,1,0,0,0,1,0,0,0,Bank Withdrawal,0,1,0,1,0,14.48,0,1
22,85,1.74,5146,One Year,1,Female,1,0,0,0,1,0,0,0,Bank Withdrawal,0,5,1,22,0,38.28,0,0
38,14,47.95,5601,Two Year,0,Female,1,0,0,1,1,1,1,1,Bank Withdrawal,1,4,1,68,0,3260.6,0,0
44,0,4.42,2236,Two Year,0,Male,0,0,0,1,0,0,0,1,Credit Card,0,3,0,34,0,150.28,0,0
61,53,25.85,5237,One Year,0,Female,1,0,1,1,0,0,1,0,Bank Withdrawal,1,3,0,23,0,594.55,0,0
49,22,43.51,5436,Two Year,1,Female,1,1,1,0,1,1,0,1,Credit Card,1,3,1,68,1,2958.68,0,0
27,71,42.37,4606,One Year,1,Female,1,1,0,0,0,0,1,1,Credit Card,0,4,1,56,0,2372.72,0,0
67,15,16.78,3715,Month-to-Month,1,Male,1,1,0,0,0,0,1,0,Bank Withdrawal,0,3,0,19,0,318.82,0,1
26,42,14.0,5667,Two Year,1,Female,1,0,0,0,1,0,1,1,Bank Withdrawal,1,5,1,60,0,840.0,0,0
38,0,49.5,5234,Two Year,0,Male,0,0,0,1,0,0,0,1,Credit Card,0,5,0,72,0,3564.0,0,0
38,0,18.86,5998,Two Year,0,Female,0,1,1,0,0,0,0,1,Bank Withdrawal,0,4,0,35,0,660.1,0,0
32,28,24.3,2454,Month-to-Month,0,Male,1,0,0,0,1,0,1,1,Credit Card,0,4,0,40,0,972.0,1,0
31,10,37.76,2928,Month-to-Month,0,Female,1,0,0,1,0,0,0,0,Bank Withdrawal,0,3,0,2,0,75.52,0,1
60,26,42.04,2761,One Year,0,Female,1,0,0,0,1,0,1,1,Credit Card,1,2,0,45,0,1891.8,0,1
33,23,0.0,4652,Two Year,0,Male,1,0,1,1,0,0,0,1,Bank Withdrawal,1,4,1,66,1,0.0,0,0
29,52,31.14,4403,Month-to-Month,1,Female,1,1,0,1,0,1,0,0,Credit Card,1,1,0,31,1,965.34,0,1
43,53,13.45,4162,Month-to-Month,0,Male,1,0,1,0,1,0,0,1,Bank Withdrawal,1,4,0,55,0,739.75,0,0
45,9,32.33,3473,Month-to-Month,0,Female,1,1,0,1,0,0,0,0,Credit Card,0,2,1,1,0,32.33,0,1
20,0,2.68,2360,Month-to-Month,0,Female,0,0,1,0,0,0,0,1,Bank Withdrawal,0,5,0,37,0,99.16,0,0
25,52,0.0,2270,Month-to-Month,0,Female,1,0,0,1,0,0,0,0,Credit Card,0,5,1,6,0,0.0,0,0
44,0,47.19,4476,Month-to-Month,0,Male,0,0,0,1,0,0,0,0,Mailed Check,0,5,0,7,0,330.33,0,0
75,15,34.31,5581,One Year,1,Male,1,1,0,1,0,0,1,1,Credit Card,0,4,0,68,0,2333.08,0,0
39,0,49.13,6025,Two Year,0,Male,0,1,0,1,0,0,0,0,Credit Card,0,4,0,66,0,3242.58,0,0
64,17,16.67,4701,Month-to-Month,0,Male,1,1,1,1,1,1,1,1,Bank Withdrawal,0,3,1,42,0,700.14,0,0
62,0,18.81,6338,Two Year,0,Female,0,0,0,0,0,0,0,0,Credit Card,0,3,0,53,0,996.93,0,0
47,12,31.08,3859,Month-to-Month,1,Female,1,1,0,1,0,1,1,0,Bank Withdrawal,1,4,0,41,1,1274.28,0,0
80,19,39.88,5443,Month-to-Month,0,Male,1,1,0,0,0,0,1,0,Bank Withdrawal,0,3,0,1,0,39.88,0,1
69,2,22.56,3357,Month-to-Month,0,Female,1,1,0,0,0,0,0,0,Credit Card,0,1,0,1,0,22.56,0,1
63,2,27.04,4145,Two Year,1,Male,1,1,0,0,0,0,0,0,Bank Withdrawal,1,5,0,50,0,1352.0,1,0
72,13,2.18,4899,Two Year,1,Female,1,0,0,0,0,0,1,0,Bank Withdrawal,0,3,0,8,0,17.44,0,0
46,26,0.0,5460,Two Year,1,Female,1,0,0,0,0,1,1,1,Bank Withdrawal,1,3,0,70,0,0.0,0,0
19,52,1.24,5787,Month-to-Month,0,Female,1,0,0,0,1,1,0,0,Bank Withdrawal,0,2,0,3,0,3.72,0,1
45,9,27.69,4220,Month-to-Month,0,Female,1,1,0,0,0,0,1,0,Credit Card,0,4,0,6,0,166.14,0,0
38,16,5.62,4769,Month-to-Month,1,Male,1,1,0,0,0,0,0,0,Credit Card,0,3,0,51,0,286.62,0,1
29,85,27.37,2200,Month-to-Month,0,Female,1,0,1,0,0,1,0,1,Bank Withdrawal,1,3,0,24,0,656.88,0,0
25,59,21.96,5551,Two Year,1,Female,1,1,0,0,0,1,1,1,Bank Withdrawal,0,3,1,72,0,1581.12,0,0
20,0,18.28,4925,Month-to-Month,0,Male,0,0,0,1,0,0,1,0,Credit Card,0,3,0,4,0,73.12,0,0
37,26,46.33,4614,One Year,1,Male,1,0,0,1,0,1,1,0,Bank Withdrawal,0,3,1,10,0,463.3,0,0
41,27,8.31,3365,Month-to-Month,0,Female,1,0,0,0,0,0,1,0,Bank Withdrawal,0,1,0,1,0,8.31,0,1
61,24,13.39,4579,Month-to-Month,0,Male,1,1,1,1,0,1,0,0,Bank Withdrawal,0,3,0,21,0,281.19,0,0
40,25,0.0,4116,Month-to-Month,1,Female,1,0,1,0,1,1,1,1,Bank Withdrawal,0,4,0,53,0,0.0,0,0
78,23,46.65,4845,One Year,0,Male,1,1,0,1,1,0,1,1,Bank Withdrawal,1,4,0,61,0,2845.65,0,0
55,2,0.0,2863,Month-to-Month,1,Female,1,0,0,1,0,0,0,0,Bank Withdrawal,0,2,0,5,0,0.0,1,1
57,0,7.91,5972,One Year,0,Female,0,0,0,1,0,0,1,1,Bank Withdrawal,0,5,0,67,0,529.97,0,0
80,30,31.91,4322,Month-to-Month,0,Female,1,0,0,1,0,0,1,0,Bank Withdrawal,0,3,0,2,0,63.82,0,1
25,76,7.31,6494,One Year,0,Female,1,1,1,0,1,1,0,1,Bank Withdrawal,0,3,0,56,1,409.36,0,0
33,53,2.31,3607,One Year,1,Male,1,0,1,0,0,1,1,1,Credit Card,0,4,0,24,0,55.44,0,0
43,0,23.18,2028,One Year,0,Male,0,1,0,0,0,0,0,1,Mailed Check,0,5,0,8,0,185.44,0,0
67,20,0.0,3766,Month-to-Month,0,Male,1,0,0,1,0,0,1,1,Credit Card,0,1,1,3,0,0.0,0,1
58,0,11.74,4879,Two Year,0,Male,0,1,0,1,0,0,0,1,Credit Card,0,3,0,67,0,786.58,0,0
23,73,48.03,4094,Month-to-Month,0,Male,1,0,0,0,0,0,0,0,Credit Card,0,1,0,1,0,48.03,0,1
27,59,8.5,5799,Month-to-Month,0,Female,1,0,0,0,1,0,1,1,Bank Withdrawal,0,1,0,2,0,17.0,0,1
26,73,38.99,5656,Two Year,1,Female,1,1,1,1,0,1,1,1,Bank Withdrawal,0,3,1,72,0,2807.28,0,0
54,0,8.02,3753,Month-to-Month,0,Male,0,0,0,0,0,0,1,0,Credit Card,0,5,0,1,0,8.02,0,0
30,0,10.0,6072,One Year,0,Female,0,0,0,0,0,0,0,0,Bank Withdrawal,0,4,0,70,0,700.0,0,0
46,13,9.22,4756,Month-to-Month,0,Female,1,1,0,1,0,0,0,1,Bank Withdrawal,0,4,1,17,0,156.74,0,0
67,6,45.72,2718,Month-to-Month,0,Male,1,0,0,0,0,0,1,0,Bank Withdrawal,0,2,1,5,0,228.6,0,1
29,59,47.64,5893,One Year,1,Female,1,0,0,0,1,0,1,1,Bank Withdrawal,0,5,1,48,0,2286.72,0,0
28,0,15.68,3629,Two Year,0,Male,0,1,1,1,0,0,0,1,Credit Card,0,4,0,47,0,736.96,0,0
56,18,36.74,2215,One Year,1,Female,1,0,1,1,0,0,1,1,Bank Withdrawal,1,5,1,30,0,1102.2,0,0
68,28,48.43,4826,Month-to-Month,0,Female,1,1,0,0,1,0,0,0,Bank Withdrawal,0,4,0,67,0,3244.81,0,0
49,23,26.58,5251,Month-to-Month,0,Female,1,0,0,1,0,1,1,1,Bank Withdrawal,1,3,0,2,0,53.16,0,0
51,8,42.41,4834,Month-to-Month,0,Female,1,1,0,1,0,0,1,0,Bank Withdrawal,0,5,0,9,0,381.69,0,0
38,28,0.0,4146,Two Year,1,Female,1,0,0,1,1,1,0,0,Credit Card,1,3,1,68,1,0.0,0,0
38,6,48.86,4738,Two Year,1,Female,1,1,0,0,1,1,1,0,Bank Withdrawal,0,1,1,57,0,2785.02,0,1
48,6,11.09,4464,Month-to-Month,0,Female,1,1,0,0,0,0,1,0,Mailed Check,0,2,1,27,0,299.43,0,1
47,21,32.94,5432,Month-to-Month,1,Female,1,0,1,0,1,1,1,0,Bank Withdrawal,0,4,1,34,1,1119.96,0,0
20,82,41.22,4800,One Year,1,Male,1,1,0,1,0,0,1,1,Credit Card,0,3,1,13,0,535.86,0,1
53,25,6.2,2426,Month-to-Month,0,Male,1,1,0,0,0,1,0,0,Bank Withdrawal,1,3,0,32,1,198.4,1,0
59,30,7.99,2578,Month-to-Month,0,Male,1,1,0,1,0,0,1,0,Bank Withdrawal,0,3,1,1,0,7.99,0,1
49,30,37.51,5379,Month-to-Month,0,Female,1,0,0,0,0,0,1,0,Credit Card,0,3,0,26,0,975.26,0,0
66,0,10.48,6136,Two Year,0,Male,0,0,0,1,0,0,1,0,Credit Card,0,5,0,68,0,712.64,0,0
21,41,15.35,6114,Two Year,0,Female,1,1,0,0,1,1,1,1,Bank Withdrawal,1,3,1,72,0,1105.2,0,0
55,7,45.56,3445,One Year,0,Female,1,0,0,0,1,1,0,0,Bank Withdrawal,0,3,0,34,0,1549.04,1,0
68,19,30.59,5775,Month-to-Month,1,Male,1,1,0,0,1,1,1,1,Bank Withdrawal,0,3,1,71,1,2171.89,0,0
39,0,36.39,2165,Two Year,0,Male,0,0,0,1,0,0,1,1,Bank Withdrawal,0,5,0,39,0,1419.21,0,0
23,82,47.68,2755,Month-to-Month,0,Male,1,0,0,0,0,0,0,0,Credit Card,0,2,1,3,0,143.04,0,1
78,19,26.19,5527,Month-to-Month,0,Male,1,1,0,0,0,1,0,0,Credit Card,0,3,0,35,1,916.65,0,0
50,17,2.05,4561,Month-to-Month,0,Male,1,0,0,0,0,0,1,0,Bank Withdrawal,1,5,1,29,1,59.45,0,0
45,0,49.51,4248,Month-to-Month,0,Female,0,0,0,0,0,0,0,0,Mailed Check,0,2,0,1,0,49.51,0,1
44,16,44.94,5622,Month-to-Month,0,Female,1,0,0,1,0,0,1,0,Bank Withdrawal,0,1,0,1,0,44.94,0,1
23,59,14.14,6101,One Year,1,Male,1,0,1,1,1,1,1,1,Bank Withdrawal,0,4,1,71,0,1003.94,0,0
40,0,28.96,5974,Two Year,0,Male,0,0,1,1,0,0,0,1,Credit Card,0,4,0,51,0,1476.96,0,0
51,12,6.16,4176,One Year,1,Female,1,1,0,0,1,0,1,0,Bank Withdrawal,0,3,1,41,0,252.56,0,0
56,14,23.89,4846,Month-to-Month,0,Female,1,0,1,0,0,0,0,0,Mailed Check,0,1,0,5,0,119.45,0,1
47,4,41.38,4226,One Year,0,Female,1,1,0,0,0,0,1,0,Credit Card,0,5,1,29,0,1200.02,0,0
62,0,24.57,3302,One Year,0,Male,0,0,0,0,0,0,0,0,Mailed Check,0,4,0,30,0,737.1,0,0
39,30,6.05,6212,Two Year,1,Male,1,1,0,1,1,1,1,1,Bank Withdrawal,1,4,1,72,0,435.6,0,0
53,19,16.34,4196,Month-to-Month,0,Female,1,1,1,0,0,0,1,0,Credit Card,0,5,0,26,1,424.84,0,0
74,7,8.81,4556,Two Year,0,Male,1,1,0,0,0,0,1,0,Bank Withdrawal,0,4,1,43,0,378.83,0,0
63,10,13.18,3235,Month-to-Month,1,Male,1,0,1,0,0,0,1,1,Bank Withdrawal,0,3,0,20,0,263.6,0,0
29,59,44.7,4844,One Year,1,Female,1,1,0,0,0,1,1,0,Credit Card,1,3,1,36,0,1609.2,0,0
37,8,16.64,5029,One Year,1,Male,1,1,0,0,1,0,1,0,Bank Withdrawal,0,4,1,47,0,782.08,0,0
41,16,36.44,5554,Month-to-Month,0,Male,1,1,0,0,0,0,1,1,Bank Withdrawal,0,3,0,1,0,36.44,0,1
40,30,35.87,6006,Month-to-Month,0,Female,1,1,0,1,1,1,1,0,Credit Card,0,1,0,49,0,1757.63,0,1
75,5,28.5,4680,Two Year,1,Male,1,1,0,0,1,1,1,1,Credit Card,0,3,0,72,0,2052.0,0,0
46,0,2.74,3366,Month-to-Month,0,Female,0,0,0,0,0,0,0,0,Mailed Check,0,4,0,15,0,41.1,0,0
78,3,12.26,4964,Two Year,1,Female,1,0,0,1,1,1,1,1,Bank Withdrawal,1,3,1,71,0,870.46,0,0
31,21,24.14,3493,Month-to-Month,0,Male,1,1,0,0,0,0,1,0,Credit Card,1,1,1,13,0,313.82,0,1
27,52,42.51,4830,Month-to-Month,1,Male,1,0,0,1,0,1,1,0,Credit Card,1,3,1,36,1,1530.36,0,0
28,0,4.02,3643,One Year,0,Male,0,0,0,0,0,0,1,0,Bank Withdrawal,0,4,0,9,0,36.18,0,0
54,6,40.17,3997,Month-to-Month,1,Female,1,1,0,0,1,0,1,0,Bank Withdrawal,0,2,0,44,0,1767.48,0,1
33,0,35.88,4629,Month-to-Month,0,Male,0,0,0,0,0,0,0,0,Credit Card,0,3,0,1,0,35.88,0,0
47,21,22.42,5722,Month-to-Month,0,Male,1,1,0,1,1,1,1,1,Credit Card,1,4,0,31,0,695.02,0,0
53,6,0.0,5265,Two Year,1,Female,1,0,0,1,1,1,0,1,Bank Withdrawal,1,4,1,72,0,0.0,0,0
27,52,0.0,5575,Month-to-Month,0,Male,1,0,0,0,1,0,1,1,Credit Card,0,5,1,17,0,0.0,0,0
68,22,8.88,2044,Two Year,0,Female,1,1,0,1,1,1,1,0,Bank Withdrawal,0,3,0,29,0,257.52,1,0
20,59,5.54,4115,Month-to-Month,1,Male,1,1,0,1,0,0,1,0,Bank Withdrawal,0,1,1,20,0,110.8,0,1
48,8,8.4,2935,One Year,0,Female,1,0,0,1,1,1,1,0,Credit Card,1,3,0,45,0,378.0,0,0
72,16,48.9,5153,One Year,1,Female,1,0,0,1,1,1,1,1,Credit Card,1,3,0,60,0,2934.0,0,0
62,0,15.41,2896,Two Year,0,Female,0,0,0,0,0,0,1,0,Mailed Check,0,5,0,27,0,416.07,1,0
40,0,47.51,4117,Two Year,0,Male,0,0,0,0,0,0,0,0,Credit Card,0,3,0,24,0,1140.24,0,0
48,0,19.48,3535,Month-to-Month,0,Female,0,0,0,1,0,0,0,1,Credit Card,0,1,0,12,0,233.76,0,1
52,28,17.01,2813,Month-to-Month,0,Female,1,0,0,0,1,0,0,0,Bank Withdrawal,0,3,1,3,0,51.03,0,0
21,26,25.69,5264,Two Year,0,Male,1,1,1,1,1,1,0,1,Credit Card,1,3,1,45,0,1156.05,0,0
21,69,3.61,5476,Month-to-Month,0,Female,1,0,0,0,0,1,0,0,Bank Withdrawal,1,1,0,5,0,18.05,0,1
69,7,15.16,3392,Month-to-Month,1,Male,1,1,0,0,0,0,1,1,Bank Withdrawal,0,2,1,16,0,242.56,0,1
42,8,32.16,5387,Month-to-Month,1,Female,1,0,0,1,0,1,0,0,Credit Card,0,3,0,42,0,1350.72,0,0
61,0,16.02,5811,Month-to-Month,0,Female,0,0,1,0,0,0,0,1,Credit Card,0,5,0,1,0,16.02,0,0
25,41,4.82,3698,Month-to-Month,0,Female,1,1,0,1,0,0,1,1,Bank Withdrawal,0,2,0,30,0,144.6,0,1
20,0,8.04,4573,Month-to-Month,0,Male,0,0,1,0,0,0,0,1,Credit Card,0,3,0,5,0,40.2,0,0
35,10,41.16,2087,Month-to-Month,0,Male,1,0,0,0,0,0,0,0,Bank Withdrawal,0,2,0,6,1,246.96,0,1
48,20,7.63,2358,Month-to-Month,1,Male,1,0,0,1,1,1,1,1,Credit Card,0,3,0,43,0,328.09,0,0
73,13,34.36,4241,Two Year,0,Female,1,1,0,1,1,0,1,0,Credit Card,0,4,1,71,0,2439.56,1,0
42,10,7.97,3043,Month-to-Month,0,Male,1,0,0,0,0,1,0,0,Credit Card,1,1,0,12,0,95.64,0,1
47,16,20.15,4156,One Year,1,Female,1,1,1,0,1,1,1,1,Credit Card,0,4,1,68,0,1370.2,0,0
24,0,41.02,3942,One Year,0,Male,0,0,1,1,0,0,0,1,Bank Withdrawal,0,3,0,35,0,1435.7,0,0
48,8,45.59,2545,Month-to-Month,0,Female,1,1,0,1,0,0,1,0,Bank Withdrawal,0,1,1,8,0,364.72,0,1
50,14,2.7,3270,Month-to-Month,0,Female,1,0,0,0,0,0,1,0,Bank Withdrawal,1,4,1,1,0,2.7,0,0
66,7,37.38,5679,One Year,1,Female,1,1,0,0,0,0,1,0,Bank Withdrawal,0,3,1,55,1,2055.9,0,1
56,21,6.47,2699,Month-to-Month,0,Male,1,0,0,1,0,0,1,0,Bank Withdrawal,0,2,0,2,0,12.94,0,1
60,0,40.98,3889,Month-to-Month,0,Female,0,0,0,0,0,0,0,0,Bank Withdrawal,0,4,0,3,0,122.94,0,0
48,23,22.97,4931,Month-to-Month,1,Female,1,0,0,1,0,0,1,0,Bank Withdrawal,0,2,1,1,0,22.97,0,1
54,4,9.88,4969,Month-to-Month,0,Female,1,1,0,1,0,0,1,1,Bank Withdrawal,1,3,0,8,0,79.04,0,0
20,71,10.7,4105,Month-to-Month,1,Female,1,1,0,0,1,0,1,0,Bank Withdrawal,0,2,1,60,0,642.0,0,1
48,13,28.5,4668,Month-to-Month,0,Female,1,0,1,1,0,0,1,0,Bank Withdrawal,0,5,0,7,1,199.5,0,0
70,20,28.09,5153,Two Year,1,Female,1,1,0,0,1,1,1,1,Bank Withdrawal,1,4,0,72,0,2022.48,0,0
47,0,17.2,3967,Two Year,0,Male,0,0,0,0,0,0,0,0,Bank Withdrawal,0,3,0,35,0,602.0,0,0
22,0,19.04,4275,Two Year,0,Male,0,1,1,1,0,0,0,1,Bank Withdrawal,0,4,0,72,0,1370.88,0,0
58,17,29.51,2754,One Year,1,Female,1,0,0,1,0,0,1,0,Bank Withdrawal,0,5,1,3,1,88.53,0,0
47,0,49.16,5084,One Year,0,Male,0,0,1,0,0,0,0,0,Credit Card,0,3,0,7,0,344.12,0,0
26,48,21.67,3955,Month-to-Month,0,Female,1,0,0,0,0,1,1,0,Credit Card,1,3,1,25,0,541.75,0,0
58,0,1.61,5809,Month-to-Month,0,Male,0,0,0,1,0,0,1,0,Credit Card,0,5,0,1,0,1.61,0,0
29,52,41.89,6411,Month-to-Month,0,Male,1,1,1,1,0,0,0,1,Bank Withdrawal,0,4,0,55,0,2303.95,0,0
22,59,0.0,5973,Month-to-Month,0,Female,1,0,1,0,1,0,1,1,Bank Withdrawal,0,3,0,5,0,0.0,0,0
75,10,35.07,5342,Month-to-Month,0,Female,1,1,0,0,0,0,1,0,Bank Withdrawal,0,3,0,14,0,490.98,0,1
58,0,7.37,5865,Two Year,0,Male,0,1,1,0,0,0,0,1,Credit Card,0,5,0,24,0,176.88,0,0
38,19,9.91,4192,One Year,1,Male,1,0,0,1,1,1,0,1,Bank Withdrawal,0,4,1,45,0,445.95,1,0
32,9,44.77,3430,Month-to-Month,0,Female,1,0,0,0,0,0,0,0,Bank Withdrawal,0,5,0,2,0,89.54,0,0
21,30,0.0,4031,Two Year,1,Male,1,0,0,1,0,1,0,1,Bank Withdrawal,1,4,1,70,0,0.0,1,0
69,0,22.19,4367,Two Year,0,Male,0,1,0,1,0,0,0,1,Bank Withdrawal,0,5,0,71,0,1575.49,0,0
62,16,39.5,2568,Month-to-Month,1,Male,1,1,0,0,1,0,1,1,Bank Withdrawal,0,3,0,29,1,1145.5,0,0
66,0,30.72,4329,Two Year,0,Male,0,1,0,1,0,0,0,1,Bank Withdrawal,0,3,0,71,0,2181.12,0,0
23,52,15.59,5793,One Year,1,Male,1,0,1,1,1,1,1,1,Bank Withdrawal,0,3,0,47,0,732.73,0,0
55,15,11.58,5518,Month-to-Month,0,Male,1,1,0,0,0,0,1,0,Bank Withdrawal,0,3,0,1,0,11.58,0,1
36,9,17.46,5047,Month-to-Month,1,Female,1,0,0,1,0,0,1,0,Bank Withdrawal,1,1,0,12,0,209.52,0,1
40,14,38.37,6216,Month-to-Month,0,Male,1,0,0,0,0,1,0,1,Bank Withdrawal,0,1,1,52,0,1995.24,0,1
51,0,17.01,5594,Month-to-Month,0,Female,0,1,0,1,0,0,1,0,Credit Card,0,3,0,10,0,170.1,0,0
23,30,2.12,3707,One Year,0,Male,1,0,1,0,0,1,0,1,Bank Withdrawal,1,3,1,15,1,31.8,0,0
60,18,16.8,5687,Month-to-Month,1,Male,1,0,0,0,0,0,1,0,Bank Withdrawal,1,3,1,59,0,991.2,0,0
42,5,13.59,5136,Two Year,1,Male,1,1,0,1,1,1,0,1,Credit Card,1,4,1,72,0,978.48,0,0
33,19,12.92,5731,Two Year,1,Female,1,1,0,1,1,0,0,0,Bank Withdrawal,0,5,1,53,0,684.76,0,0
44,19,38.48,2004,Month-to-Month,0,Male,1,0,1,1,0,0,0,1,Bank Withdrawal,0,5,1,11,0,423.28,0,0
60,13,21.17,5356,Two Year,1,Male,1,0,0,0,0,1,1,1,Bank Withdrawal,1,3,0,67,1,1418.39,0,0
35,0,31.33,4467,One Year,0,Female,0,1,0,0,0,0,0,0,Credit Card,0,5,0,70,0,2193.1,0,0
47,0,25.08,5682,One Year,0,Male,0,0,0,0,0,0,1,1,Bank Withdrawal,0,4,0,25,0,627.0,0,0
29,29,0.0,4851,Month-to-Month,0,Female,1,0,0,1,0,0,1,1,Bank Withdrawal,0,1,0,1,0,0.0,0,1
40,75,33.67,5952,Two Year,0,Male,1,1,1,0,1,0,1,1,Bank Withdrawal,1,3,0,71,0,2390.57,0,0
62,0,11.86,3612,Month-to-Month,0,Female,0,1,0,0,0,0,0,0,Bank Withdrawal,0,5,0,19,0,225.34,1,0
80,8,37.3,4011,Two Year,1,Female,1,1,0,0,0,1,0,0,Bank Withdrawal,1,3,0,56,0,2088.8,1,0
44,30,24.94,5045,Two Year,1,Female,1,1,1,0,1,0,1,1,Credit Card,0,5,0,68,0,1695.92,0,0
46,10,10.69,5414,Month-to-Month,0,Male,1,1,0,0,0,0,0,0,Credit Card,0,5,0,9,1,96.21,1,0
35,6,0.0,3215,Month-to-Month,0,Male,1,0,0,1,1,0,0,0,Credit Card,1,3,0,12,0,0.0,0,0
73,11,31.27,2394,Month-to-Month,0,Female,1,1,0,0,0,0,1,1,Bank Withdrawal,0,2,0,1,1,31.27,0,1
25,42,38.78,5536,One Year,1,Female,1,1,0,1,1,1,1,0,Bank Withdrawal,1,3,1,61,0,2365.58,0,0
58,0,29.25,4335,Two Year,0,Male,0,0,0,1,0,0,0,0,Credit Card,0,4,0,58,0,1696.5,0,0
78,3,34.0,5085,Two Year,1,Female,1,1,0,1,0,1,0,0,Bank Withdrawal,0,3,0,52,0,1768.0,1,0
78,10,27.79,6423,One Year,1,Female,1,1,0,1,1,0,0,1,Credit Card,0,5,1,72,0,2000.88,0,0
61,26,27.56,4903,Month-to-Month,0,Male,1,1,1,1,0,1,0,1,Bank Withdrawal,1,4,0,53,0,1460.68,0,0
46,28,0.0,2750,Two Year,1,Male,1,0,1,0,0,1,0,1,Credit Card,1,3,0,7,0,0.0,0,0
59,22,24.04,3149,Month-to-Month,0,Female,1,1,1,0,1,0,1,1,Bank Withdrawal,0,4,1,32,0,769.28,0,0
22,85,37.57,5835,Two Year,1,Female,1,1,1,1,1,1,0,1,Bank Withdrawal,1,5,1,71,1,2667.47,0,0
40,15,0.0,4831,Month-to-Month,0,Female,1,0,0,1,0,0,0,0,Bank Withdrawal,0,5,0,1,1,0.0,0,0
69,14,18.58,5232,Two Year,0,Male,1,1,0,0,1,0,1,0,Bank Withdrawal,0,5,0,54,0,1003.32,0,0
42,0,47.6,5897,Two Year,0,Female,0,1,1,0,0,0,0,1,Credit Card,0,4,0,72,0,3427.2,1,0
38,29,43.39,5989,Month-to-Month,1,Female,1,0,1,0,1,0,1,1,Bank Withdrawal,1,4,1,53,0,2299.67,0,0
22,48,2.88,4644,One Year,1,Male,1,1,0,0,1,1,1,0,Bank Withdrawal,1,4,1,71,0,204.48,0,0
46,0,36.76,4982,Two Year,0,Male,0,0,0,0,0,0,0,0,Credit Card,0,3,0,41,0,1507.16,1,0
75,17,48.33,5296,Two Year,0,Male,1,1,0,0,1,1,0,0,Bank Withdrawal,0,3,0,11,1,531.63,0,0
34,0,35.5,4261,One Year,0,Female,0,0,0,1,0,0,0,0,Credit Card,0,4,0,35,0,1242.5,0,0
68,12,3.91,5448,One Year,0,Female,1,1,0,1,1,1,1,0,Credit Card,1,4,1,71,0,277.61,0,0
78,24,28.44,5521,One Year,1,Male,1,0,0,1,0,0,1,0,Bank Withdrawal,1,4,0,57,0,1621.08,0,0
51,11,7.99,3704,Month-to-Month,0,Female,1,0,0,1,1,0,1,0,Bank Withdrawal,0,5,0,1,0,7.99,0,0
70,8,6.03,4444,Two Year,0,Male,1,0,0,0,0,0,1,1,Bank Withdrawal,0,5,0,4,0,24.12,1,0
33,13,21.23,5838,Month-to-Month,0,Male,1,1,0,0,0,0,1,1,Bank Withdrawal,0,1,0,6,0,127.38,0,1
74,10,39.31,6238,One Year,1,Female,1,1,1,1,0,0,1,1,Bank Withdrawal,0,4,1,61,0,2397.91,0,0
28,51,4.13,3244,Month-to-Month,0,Female,1,0,0,0,0,1,0,0,Mailed Check,0,1,0,1,0,4.13,0,1
66,23,38.78,4843,Month-to-Month,0,Male,1,1,0,0,0,0,1,1,Bank Withdrawal,0,1,1,1,0,38.78,0,1
52,19,0.0,4534,One Year,1,Female,1,0,1,0,1,0,0,1,Bank Withdrawal,1,4,0,45,0,0.0,0,0
62,12,15.69,2860,Month-to-Month,0,Female,1,1,0,1,0,0,1,1,Bank Withdrawal,1,1,0,11,0,172.59,0,1
38,29,16.43,4753,Month-to-Month,0,Male,1,1,0,0,0,0,0,0,Bank Withdrawal,0,1,1,53,0,870.79,0,1
44,27,35.54,3207,Month-to-Month,0,Female,1,1,0,0,0,0,1,0,Bank Withdrawal,0,3,0,3,0,106.62,0,1
25,82,48.49,4444,Month-to-Month,0,Female,1,1,1,0,0,1,0,1,Bank Withdrawal,0,4,1,32,0,1551.68,0,0
42,11,13.95,5133,One Year,0,Female,1,1,1,0,0,1,1,1,Bank Withdrawal,1,4,1,64,0,892.8,0,0
50,0,35.35,5997,One Year,0,Male,0,0,0,0,0,0,0,0,Credit Card,0,5,0,63,0,2227.05,1,0
24,48,24.86,2113,Month-to-Month,0,Female,1,1,0,0,1,0,1,0,Credit Card,0,3,1,21,0,522.06,0,0
37,0,17.89,3383,Month-to-Month,0,Male,0,0,1,0,0,0,1,0,Credit Card,0,3,0,1,0,17.89,0,0
79,12,42.07,5792,One Year,0,Male,1,0,0,1,1,1,1,1,Bank Withdrawal,1,3,0,67,0,2818.69,1,0
38,10,6.45,5785,Two Year,1,Female,1,1,0,0,1,0,1,1,Bank Withdrawal,1,2,1,49,0,316.05,0,1
68,19,1.98,5957,One Year,0,Female,1,1,0,0,1,1,1,1,Credit Card,0,1,0,68,0,134.64,0,1
42,17,19.02,3344,One Year,1,Male,1,1,0,1,0,1,1,1,Credit Card,1,1,1,47,0,893.94,1,1
24,82,1.36,5420,Two Year,0,Female,1,1,0,1,0,1,1,1,Bank Withdrawal,0,3,1,67,0,91.12,0,0
67,25,12.52,2189,Month-to-Month,0,Female,1,0,0,0,0,0,1,0,Bank Withdrawal,0,1,0,2,0,25.04,0,1
21,59,48.32,4957,Two Year,0,Male,1,0,0,0,0,1,0,1,Bank Withdrawal,1,3,0,71,0,3430.72,0,0
59,0,48.29,4755,Two Year,0,Female,0,1,1,0,0,0,1,1,Bank Withdrawal,0,4,0,72,0,3476.88,0,0
67,4,33.21,4291,Two Year,1,Female,1,0,0,0,0,0,0,1,Credit Card,1,3,1,55,0,1826.55,0,0
29,69,44.95,3764,One Year,0,Male,1,0,1,0,0,1,0,1,Credit Card,1,4,0,42,0,1887.9,0,0
76,18,46.06,5597,Two Year,0,Male,1,1,0,1,0,1,0,1,Bank Withdrawal,0,4,1,31,0,1427.86,1,0
42,18,40.11,3080,Month-to-Month,0,Male,1,0,0,1,0,0,0,0,Bank Withdrawal,0,4,0,25,1,1002.75,0,0
57,0,2.41,4574,Two Year,0,Female,0,0,1,0,0,0,0,1,Bank Withdrawal,0,5,0,62,0,149.42,0,0
45,15,17.03,2478,One Year,1,Female,1,1,0,0,0,0,1,1,Credit Card,1,4,0,48,0,817.44,0,0
22,0,3.12,5634,Month-to-Month,0,Female,0,0,0,0,0,0,0,0,Credit Card,0,4,0,3,0,9.36,0,0
50,0,30.28,2692,Month-to-Month,0,Female,0,0,0,1,0,0,0,0,Mailed Check,0,5,0,25,0,757.0,0,0
32,75,13.86,3718,Month-to-Month,1,Male,1,1,1,1,0,0,1,1,Bank Withdrawal,0,5,1,40,0,554.4,0,0
35,18,0.0,3007,One Year,1,Male,1,0,0,1,0,0,0,0,Credit Card,1,3,0,46,0,0.0,0,0
71,2,41.3,2715,Month-to-Month,1,Male,1,1,0,0,1,0,1,1,Bank Withdrawal,0,2,1,3,0,123.9,0,1
22,52,29.81,3273,Month-to-Month,0,Female,1,0,0,0,0,0,1,1,Bank Withdrawal,1,3,1,25,1,745.25,0,0
52,15,42.64,6091,Two Year,1,Female,1,1,0,0,1,1,1,1,Bank Withdrawal,1,3,1,72,0,3070.08,0,0
39,15,14.07,3160,Month-to-Month,0,Male,1,1,1,0,1,1,0,1,Bank Withdrawal,1,3,1,27,0,379.89,0,0
23,82,9.07,4200,One Year,1,Female,1,0,1,0,1,0,0,1,Credit Card,0,5,1,49,0,444.43,0,0
69,14,43.96,5203,Month-to-Month,1,Female,1,1,0,1,0,0,1,0,Bank Withdrawal,0,2,0,2,0,87.92,0,1
50,7,39.62,5100,Month-to-Month,1,Female,1,1,0,0,0,0,1,0,Bank Withdrawal,0,1,1,2,0,79.24,0,1
52,13,4.22,5616,One Year,1,Female,1,0,0,0,1,1,0,0,Credit Card,1,3,1,30,1,126.6,0,0
47,18,31.59,3555,One Year,1,Female,1,1,1,0,0,0,1,1,Bank Withdrawal,1,5,1,33,1,1042.47,0,0
48,5,26.86,2032,Month-to-Month,0,Female,1,0,0,0,0,0,1,0,Bank Withdrawal,0,5,1,3,0,80.58,0,0
59,21,8.83,4893,One Year,0,Female,1,1,0,0,1,1,0,1,Bank Withdrawal,0,1,1,54,0,476.82,0,1
27,42,15.18,4030,Month-to-Month,0,Male,1,1,0,1,0,0,1,0,Bank Withdrawal,0,5,0,18,0,273.24,0,0
78,17,28.71,5721,Month-to-Month,0,Female,1,1,0,0,0,0,1,1,Bank Withdrawal,0,3,0,6,0,172.26,0,1
74,8,26.12,2076,Month-to-Month,0,Male,1,0,0,1,1,0,1,1,Credit Card,0,1,0,16,0,417.92,0,1
79,2,43.34,5242,Month-to-Month,0,Female,1,0,0,0,0,0,1,0,Bank Withdrawal,0,2,1,9,0,390.06,0,1
35,10,0.0,2539,Two Year,0,Female,1,0,0,0,1,1,1,0,Bank Withdrawal,1,3,0,31,0,0.0,0,0
57,14,0.0,3163,Month-to-Month,0,Female,1,0,1,0,1,1,1,1,Bank Withdrawal,0,4,0,32,0,0.0,0,0
62,0,41.51,4336,One Year,0,Female,0,0,0,1,0,0,0,0,Credit Card,0,5,0,16,0,664.16,0,0
38,0,20.44,6050,One Year,0,Male,0,0,1,0,0,0,0,1,Credit Card,0,4,0,53,0,1083.32,0,0
76,30,15.28,3964,Month-to-Month,0,Female,1,0,1,1,0,0,1,1,Mailed Check,0,2,0,1,0,15.28,0,1
38,4,0.0,3051,One Year,1,Male,1,0,0,1,1,0,1,0,Credit Card,0,2,1,44,0,0.0,0,1
58,16,32.81,3319,Month-to-Month,0,Male,1,0,0,0,1,0,1,0,Bank Withdrawal,0,3,0,5,0,164.05,0,0
57,7,20.79,6100,One Year,1,Female,1,1,0,1,0,1,1,1,Mailed Check,0,3,1,50,0,1039.5,0,0
64,24,41.34,4628,One Year,1,Male,1,1,0,1,1,1,1,1,Credit Card,1,4,0,52,0,2149.68,0,0
31,30,4.41,5955,Month-to-Month,0,Female,1,0,0,1,0,0,1,0,Bank Withdrawal,0,3,0,1,0,4.41,0,1
50,10,37.6,5168,Month-to-Month,0,Female,1,1,0,0,1,0,0,1,Bank Withdrawal,0,3,0,26,0,977.6,0,0
30,51,7.41,4870,One Year,1,Female,1,0,0,0,0,1,1,0,Bank Withdrawal,1,4,0,21,0,155.61,0,0
32,26,0.0,3844,One Year,1,Male,1,0,0,0,1,0,1,1,Credit Card,0,4,0,42,0,0.0,0,0
39,6,0.0,6395,Two Year,0,Male,1,0,0,0,1,1,1,1,Bank Withdrawal,1,3,0,67,0,0.0,0,0
60,16,39.83,5722,Month-to-Month,1,Female,1,0,0,1,1,0,1,1,Credit Card,0,3,0,22,0,876.26,0,0
70,53,19.68,4353,One Year,0,Male,1,1,1,0,1,1,1,1,Bank Withdrawal,0,3,0,60,0,1180.8,0,0
27,52,0.0,4829,Month-to-Month,0,Female,1,0,1,0,1,1,0,1,Bank Withdrawal,0,3,0,46,0,0.0,0,0
28,59,4.08,5756,Month-to-Month,1,Female,1,1,1,0,0,0,1,0,Bank Withdrawal,1,3,0,46,0,187.68,0,0
56,27,22.62,6063,Two Year,0,Female,1,1,1,0,1,1,0,1,Credit Card,1,3,0,72,0,1628.64,0,0
43,10,42.34,4131,Month-to-Month,0,Female,1,0,0,0,0,0,0,0,Credit Card,0,3,0,1,0,42.34,0,0
56,0,35.8,5689,One Year,0,Male,0,0,0,1,0,0,0,1,Credit Card,0,3,0,24,0,859.2,0,0
24,47,0.0,4810,Month-to-Month,0,Male,1,0,1,1,0,1,1,1,Bank Withdrawal,0,4,0,49,0,0.0,0,0
49,2,32.43,6161,One Year,1,Female,1,1,0,0,1,0,1,0,Bank Withdrawal,0,3,1,56,1,1816.08,0,0
48,0,7.96,2723,Month-to-Month,0,Male,0,1,0,0,0,0,1,0,Bank Withdrawal,0,3,0,15,0,119.4,0,0
66,30,27.0,5831,Month-to-Month,1,Female,1,1,0,0,0,0,0,0,Bank Withdrawal,0,4,0,42,0,1134.0,0,0
43,0,24.65,2360,Month-to-Month,0,Female,0,0,1,0,0,0,1,1,Credit Card,0,3,0,12,0,295.8,0,0
40,3,6.6,5590,Month-to-Month,1,Male,1,1,0,0,0,0,1,0,Bank Withdrawal,0,4,0,41,0,270.6,0,0
29,59,30.58,5038,Two Year,1,Male,1,0,1,0,1,1,1,0,Bank Withdrawal,1,5,1,41,0,1253.78,0,0
64,0,20.96,6444,Two Year,0,Male,0,0,1,1,0,0,0,1,Credit Card,0,5,0,62,0,1299.52,0,0
46,18,18.26,6280,Two Year,0,Male,1,1,0,1,0,1,1,1,Credit Card,1,3,1,70,0,1278.2,0,0
21,41,33.55,5891,Month-to-Month,1,Male,1,1,0,0,0,0,0,1,Bank Withdrawal,0,5,1,34,0,1140.7,0,0
66,8,5.21,3676,Month-to-Month,1,Female,1,0,0,1,0,0,1,0,Credit Card,0,1,1,8,0,41.68,0,1
21,41,8.71,6322,Two Year,1,Female,1,1,0,1,0,1,1,0,Mailed Check,1,4,1,67,0,583.57,1,0
24,82,0.0,2873,Month-to-Month,1,Female,1,0,0,1,0,0,1,1,Bank Withdrawal,0,3,1,12,0,0.0,0,0
66,28,4.06,3412,Two Year,0,Male,1,1,1,1,0,1,1,1,Bank Withdrawal,0,3,0,24,0,97.44,0,0
55,0,38.74,3575,One Year,0,Male,0,0,0,0,0,0,0,0,Bank Withdrawal,0,3,0,42,0,1627.08,0,0
60,76,32.47,4558,Two Year,1,Male,1,1,1,0,1,1,1,1,Bank Withdrawal,1,3,1,72,0,2337.84,0,0
35,0,22.37,2577,Month-to-Month,0,Female,0,0,0,0,0,0,0,0,Credit Card,0,5,0,1,0,22.37,0,0
54,26,5.43,5347,Month-to-Month,0,Male,1,0,0,1,0,0,1,0,Bank Withdrawal,0,2,1,13,1,70.59,0,1
36,26,0.0,2327,Two Year,1,Male,1,0,1,0,0,1,0,0,Credit Card,1,4,0,23,0,0.0,0,0
19,59,18.74,5895,One Year,0,Female,1,1,1,1,1,0,1,0,Bank Withdrawal,1,4,1,67,0,1255.58,0,0
63,5,14.21,2445,Month-to-Month,0,Female,1,1,0,1,0,0,1,1,Bank Withdrawal,0,3,1,9,1,127.89,0,1
25,82,44.74,3358,Month-to-Month,0,Female,1,1,0,1,0,1,0,1,Bank Withdrawal,0,3,0,46,0,2058.04,0,0
57,27,31.33,4444,Two Year,1,Male,1,1,1,1,1,1,0,1,Credit Card,1,3,1,71,0,2224.43,0,0
35,23,12.12,5483,Two Year,1,Male,1,1,0,0,0,1,0,1,Credit Card,1,3,1,72,0,872.64,1,0
76,23,22.4,2136,One Year,0,Male,1,0,0,1,0,1,0,1,Bank Withdrawal,0,3,1,8,0,179.2,1,0
39,19,0.0,5795,Two Year,1,Female,1,0,0,0,1,1,0,0,Bank Withdrawal,1,3,0,56,0,0.0,0,0
37,17,43.81,5880,Two Year,0,Female,1,1,0,0,0,1,1,1,Bank Withdrawal,1,3,1,70,0,3066.7,0,0
28,0,31.29,5848,Two Year,0,Male,0,0,0,1,0,0,1,1,Bank Withdrawal,0,5,0,60,0,1877.4,0,0
34,18,0.0,4954,Month-to-Month,0,Male,1,0,0,0,0,0,1,0,Mailed Check,0,1,1,1,0,0.0,0,1
68,17,6.68,2467,Month-to-Month,0,Female,1,1,0,0,0,0,1,0,Bank Withdrawal,0,1,0,4,0,26.72,0,1
26,0,7.03,5472,Two Year,0,Male,0,1,1,0,0,0,0,1,Credit Card,0,4,0,31,0,217.93,0,0
23,51,48.49,2422,Month-to-Month,0,Male,1,0,0,1,0,0,1,1,Credit Card,0,4,0,33,0,1600.17,0,0
42,0,32.78,4791,Two Year,0,Female,0,0,0,1,0,0,1,0,Bank Withdrawal,0,5,0,46,0,1507.88,0,0
36,0,15.93,5887,One Year,0,Female,0,1,0,1,0,0,1,0,Bank Withdrawal,0,5,0,64,0,1019.52,0,0
58,0,19.1,2831,Two Year,0,Male,0,0,0,0,0,0,1,0,Credit Card,0,4,0,19,0,362.9,0,0
80,27,44.23,4295,Two Year,1,Male,1,1,0,0,0,1,1,0,Bank Withdrawal,1,3,1,65,0,2874.95,0,0
32,23,42.06,3222,Month-to-Month,0,Male,1,1,1,1,1,0,0,1,Credit Card,1,4,1,20,0,841.2,0,0
25,48,39.22,3185,Month-to-Month,0,Female,1,0,0,1,1,0,0,0,Bank Withdrawal,0,5,0,14,1,549.08,0,0
44,12,25.19,2406,Month-to-Month,1,Male,1,1,0,0,1,0,1,0,Bank Withdrawal,0,2,1,12,0,302.28,0,1
35,17,0.0,5396,Two Year,1,Male,1,0,1,0,1,0,0,1,Credit Card,1,4,1,52,0,0.0,1,0
31,13,2.5,5824,Two Year,1,Male,1,1,1,0,1,1,1,1,Credit Card,1,3,1,70,0,175.0,0,0
29,59,31.99,4854,One Year,1,Female,1,0,1,0,0,0,0,1,Credit Card,0,4,0,53,0,1695.47,0,0
51,0,35.2,4882,One Year,0,Female,0,0,1,0,0,0,0,1,Credit Card,0,5,0,43,0,1513.6,0,0
74,30,19.09,4057,Month-to-Month,0,Female,1,0,0,1,0,0,0,0,Bank Withdrawal,0,5,0,2,0,38.18,0,0
76,3,2.85,2837,Month-to-Month,0,Male,1,1,0,0,0,1,0,1,Bank Withdrawal,0,1,1,40,0,114.0,0,1
20,0,31.02,4958,Month-to-Month,0,Male,0,0,0,1,0,0,0,0,Credit Card,0,3,0,20,0,620.4,0,0
33,25,46.23,5092,Month-to-Month,0,Male,1,0,0,1,0,1,0,0,Bank Withdrawal,0,4,0,1,0,46.23,0,0
35,12,17.49,4750,One Year,1,Male,1,1,1,1,1,0,1,1,Credit Card,0,5,1,72,1,1259.28,0,0
26,0,22.54,4402,Month-to-Month,0,Male,0,0,0,0,0,0,0,0,Credit Card,0,5,0,4,0,90.16,0,0
55,0,34.86,3172,Month-to-Month,0,Male,0,0,0,0,0,0,1,0,Credit Card,0,5,0,4,0,139.44,0,0
68,21,27.7,5113,Two Year,1,Female,1,1,0,0,1,0,0,0,Credit Card,1,4,0,64,0,1772.8,1,0
77,11,2.21,4276,Two Year,0,Male,1,1,0,0,0,1,0,0,Bank Withdrawal,1,3,0,57,0,125.97,0,0
52,28,48.14,6438,Two Year,0,Male,1,1,0,0,1,0,0,1,Credit Card,1,4,0,63,1,3032.82,0,0
70,10,36.6,4322,One Year,1,Male,1,1,0,0,1,1,1,1,Bank Withdrawal,1,3,0,71,0,2598.6,0,0
63,56,21.43,2939,Two Year,1,Female,1,1,1,1,0,1,0,1,Credit Card,0,4,1,24,0,514.32,0,0
73,18,0.0,4757,Two Year,0,Female,1,0,0,0,1,1,1,0,Credit Card,0,3,0,43,1,0.0,0,0
30,48,18.88,5157,Month-to-Month,1,Male,1,0,1,1,1,0,1,1,Credit Card,0,4,0,63,1,1189.44,0,0
22,59,0.0,5717,Two Year,1,Male,1,0,0,0,0,1,0,1,Bank Withdrawal,1,3,1,69,1,0.0,0,0
79,3,47.27,6024,Two Year,1,Female,1,1,0,1,1,0,1,0,Bank Withdrawal,1,4,1,70,0,3308.9,0,0
70,0,1.66,2302,One Year,0,Male,0,0,0,0,0,0,1,1,Credit Card,0,4,0,9,0,14.94,0,0
26,26,21.28,3599,Month-to-Month,0,Female,1,0,0,1,1,0,1,0,Credit Card,0,1,0,2,0,42.56,0,1
28,85,29.24,4231,Month-to-Month,0,Male,1,1,0,1,0,0,1,0,Credit Card,0,1,0,10,0,292.4,0,1
44,7,46.59,2724,Month-to-Month,1,Male,1,0,0,1,0,1,0,0,Credit Card,1,3,1,6,1,279.54,0,0
37,19,0.0,5171,Month-to-Month,0,Female,1,0,1,0,0,1,0,1,Bank Withdrawal,0,1,0,1,0,0.0,0,1
44,19,8.36,4848,Two Year,1,Female,1,1,1,1,1,1,0,1,Bank Withdrawal,1,3,1,70,0,585.2,0,0
21,71,2.18,6189,One Year,1,Female,1,1,0,1,1,0,0,1,Bank Withdrawal,1,1,1,54,0,117.72,0,1
45,25,34.13,4499,Two Year,1,Male,1,0,1,0,0,0,1,1,Bank Withdrawal,1,4,1,68,0,2320.84,0,0
68,28,0.0,2525,Two Year,1,Male,1,0,0,0,0,0,0,1,Credit Card,1,4,0,24,0,0.0,0,0
44,17,0.0,6344,Two Year,0,Male,1,0,0,0,0,1,0,0,Bank Withdrawal,1,4,1,67,0,0.0,1,0
45,9,40.33,4778,One Year,1,Male,1,1,0,1,1,1,1,1,Bank Withdrawal,0,3,0,56,0,2258.48,0,0
22,59,9.16,2269,Month-to-Month,0,Male,1,1,1,1,1,1,0,1,Bank Withdrawal,1,3,1,16,0,146.56,0,0
41,20,15.58,5096,Two Year,1,Female,1,1,1,1,1,1,0,1,Credit Card,1,3,1,72,0,1121.76,0,0
53,22,47.72,5494,Month-to-Month,0,Female,1,1,1,1,0,1,1,0,Mailed Check,1,3,0,14,0,668.08,0,0
20,59,0.0,3766,Month-to-Month,0,Female,1,0,0,1,0,1,0,1,Bank Withdrawal,0,4,0,21,0,0.0,0,0
36,16,14.18,6092,One Year,0,Male,1,0,0,1,1,1,1,1,Credit Card,0,3,0,69,0,978.42,0,0
45,24,32.31,4366,Month-to-Month,1,Male,1,0,0,1,0,1,1,0,Bank Withdrawal,1,3,0,9,0,290.79,0,0
47,14,22.71,5709,Month-to-Month,0,Female,1,1,0,0,0,1,1,0,Bank Withdrawal,0,4,0,58,0,1317.18,0,0
62,22,23.96,2038,Month-to-Month,0,Male,1,0,0,1,0,0,1,0,Bank Withdrawal,0,2,1,1,0,23.96,0,1
78,20,25.15,5655,One Year,1,Male,1,1,0,0,0,1,1,1,Bank Withdrawal,1,3,1,33,0,829.95,0,0
48,20,36.59,4138,One Year,0,Male,1,0,0,0,0,0,0,0,Credit Card,1,4,0,51,0,1866.09,1,0
72,22,42.29,3384,One Year,0,Male,1,0,1,0,1,0,1,1,Bank Withdrawal,0,3,1,47,1,1987.63,0,0
74,3,21.7,4400,Two Year,1,Female,1,1,0,0,1,0,1,1,Bank Withdrawal,0,3,1,66,0,1432.2,0,1
37,13,20.88,5536,Month-to-Month,1,Male,1,1,0,0,0,1,0,1,Credit Card,0,1,1,50,0,1044.0,0,1
33,22,0.0,3899,Two Year,1,Male,1,0,1,0,0,1,1,1,Credit Card,1,3,0,20,0,0.0,0,0
25,59,8.39,5980,One Year,0,Female,1,1,0,1,1,0,0,0,Bank Withdrawal,0,5,1,70,0,587.3,0,0
25,69,33.45,2719,One Year,1,Male,1,1,1,0,1,0,1,1,Credit Card,0,4,0,45,1,1505.25,0,0
50,0,6.08,5881,Month-to-Month,0,Female,0,0,0,1,0,0,0,0,Mailed Check,0,3,0,1,0,6.08,0,1
57,23,49.0,5527,One Year,1,Male,1,0,0,1,0,0,0,0,Bank Withdrawal,0,5,1,12,0,588.0,0,0
32,27,47.83,6437,Two Year,1,Male,1,1,0,0,0,1,1,1,Credit Card,1,3,1,72,0,3443.76,0,0
40,7,40.76,5497,Month-to-Month,1,Female,1,0,0,0,1,0,1,0,Credit Card,0,1,0,16,0,652.16,1,1
45,0,27.6,2447,Two Year,0,Male,0,0,1,1,0,0,0,0,Credit Card,0,3,0,21,0,579.6,0,0
67,7,27.64,5128,Two Year,1,Female,1,1,0,0,1,0,0,0,Bank Withdrawal,0,3,1,56,0,1547.84,1,0
62,9,12.06,2026,Month-to-Month,1,Male,1,1,0,1,1,1,0,1,Credit Card,0,1,0,17,0,205.02,0,1
29,0,9.43,2600,Two Year,0,Male,0,0,0,0,0,0,0,0,Credit Card,0,5,0,7,0,66.01,0,0
36,17,26.67,5414,Two Year,1,Male,1,1,1,1,1,1,1,0,Bank Withdrawal,1,4,1,70,0,1866.9,0,0
59,6,0.0,6302,Two Year,1,Female,1,0,0,0,0,0,1,1,Bank Withdrawal,1,4,0,71,0,0.0,0,0
33,26,25.11,3819,Month-to-Month,0,Male,1,1,0,1,1,0,1,1,Bank Withdrawal,0,2,0,5,0,125.55,0,1
45,22,7.7,4917,Month-to-Month,0,Female,1,0,0,1,0,0,1,1,Bank Withdrawal,0,3,0,2,1,15.4,0,0
53,0,32.54,3965,Month-to-Month,0,Male,0,1,1,0,0,0,1,0,Bank Withdrawal,0,3,0,15,0,488.1,1,0
19,0,1.14,4634,Two Year,0,Male,0,1,1,1,0,0,1,1,Bank Withdrawal,0,3,0,24,0,27.36,0,0
23,59,0.0,4917,Month-to-Month,0,Male,1,0,0,1,1,0,1,0,Bank Withdrawal,0,1,1,57,1,0.0,0,1
24,0,11.35,4785,Month-to-Month,0,Female,0,0,0,0,0,0,0,1,Bank Withdrawal,0,3,0,8,0,90.8,0,1
26,73,1.94,6041,One Year,1,Female,1,1,0,1,1,1,0,0,Credit Card,1,3,0,59,0,114.46,0,0
33,53,41.14,5475,Two Year,1,Female,1,1,1,0,1,1,1,1,Bank Withdrawal,1,4,1,72,0,2962.08,0,0
39,0,22.31,3799,One Year,0,Male,0,0,0,1,0,0,0,0,Mailed Check,0,5,0,13,0,290.03,0,0
56,30,38.33,5974,One Year,0,Male,1,0,0,1,1,1,1,0,Credit Card,0,4,1,62,0,2376.46,0,0
21,59,30.67,2425,Month-to-Month,0,Male,1,1,1,0,0,0,0,1,Bank Withdrawal,0,5,0,31,0,950.77,0,0
22,59,26.83,5742,One Year,0,Female,1,1,0,0,1,0,1,0,Bank Withdrawal,1,5,1,65,0,1743.95,0,0
53,0,4.03,5655,One Year,0,Female,0,1,0,1,0,0,0,0,Mailed Check,0,5,0,64,0,257.92,0,0
47,0,47.17,5216,Two Year,0,Male,0,0,0,0,0,0,1,0,Bank Withdrawal,0,4,0,59,0,2783.03,0,0
55,3,33.18,3924,One Year,1,Female,1,1,0,0,1,0,1,0,Bank Withdrawal,0,5,0,46,0,1526.28,0,0
49,57,1.56,4854,Month-to-Month,0,Male,1,0,1,1,0,0,1,1,Bank Withdrawal,0,4,1,8,0,12.48,0,0
24,0,25.91,4559,One Year,0,Female,0,0,0,1,0,0,0,0,Bank Withdrawal,0,4,0,61,0,1580.51,0,0
30,30,34.91,3585,Month-to-Month,0,Female,1,1,1,1,0,0,1,1,Bank Withdrawal,0,4,1,23,0,802.93,0,0
25,41,38.33,4588,One Year,1,Male,1,0,0,0,1,1,1,0,Bank Withdrawal,0,3,1,44,0,1686.52,0,0
25,51,3.26,2847,Month-to-Month,0,Male,1,1,0,0,0,0,0,0,Credit Card,0,3,0,21,0,68.46,0,0
61,0,19.56,5250,Month-to-Month,0,Male,0,1,1,1,0,0,1,1,Bank Withdrawal,0,3,0,25,0,489.0,0,0
71,15,31.65,2987,Month-to-Month,0,Male,1,1,0,1,0,0,1,1,Bank Withdrawal,0,1,0,36,0,1139.4,0,1
77,6,0.0,6306,Two Year,1,Male,1,0,0,0,0,1,1,1,Credit Card,1,3,1,59,0,0.0,0,0
22,41,4.8,6252,Two Year,1,Male,1,1,0,0,0,1,0,1,Credit Card,1,3,0,70,0,336.0,1,0
67,29,17.36,5429,Month-to-Month,0,Male,1,1,0,0,0,0,1,1,Bank Withdrawal,0,3,0,1,1,17.36,0,1
59,5,24.17,4328,One Year,0,Female,1,0,0,1,1,1,1,1,Credit Card,1,4,1,69,0,1667.73,1,0
65,8,26.32,2194,Month-to-Month,1,Male,1,1,0,1,0,0,0,0,Bank Withdrawal,0,2,1,3,0,78.96,0,1
67,12,45.76,5868,Two Year,1,Female,1,1,1,0,1,0,1,1,Credit Card,0,4,0,62,1,2837.12,0,0
34,5,30.06,2070,Month-to-Month,0,Male,1,0,0,0,0,1,1,0,Credit Card,0,3,0,13,0,390.78,0,0
28,52,32.06,5056,Month-to-Month,0,Female,1,0,1,1,0,1,1,0,Credit Card,0,4,0,2,0,64.12,0,0
28,0,28.46,4218,Two Year,0,Female,0,0,0,0,0,0,0,0,Credit Card,0,4,0,53,0,1508.38,0,0
37,20,45.77,2250,Month-to-Month,0,Male,1,0,0,1,0,1,1,0,Credit Card,0,3,0,1,0,45.77,0,0
43,19,28.35,3764,Month-to-Month,1,Female,1,0,1,0,0,1,1,0,Bank Withdrawal,1,1,1,19,1,538.65,1,1
31,12,30.22,4602,Month-to-Month,0,Male,1,1,1,1,1,0,1,0,Bank Withdrawal,0,4,1,15,0,453.3,0,0
42,4,0.0,4404,Month-to-Month,0,Female,1,0,0,0,0,0,0,0,Bank Withdrawal,0,4,0,7,0,0.0,0,0
35,18,37.95,4761,One Year,1,Female,1,1,0,1,1,1,1,1,Credit Card,0,3,1,58,0,2201.1,0,0
42,57,44.84,5777,Month-to-Month,0,Female,1,0,1,0,0,1,0,1,Bank Withdrawal,0,3,0,11,1,493.24,0,0
79,6,48.15,5870,Two Year,0,Male,1,1,0,1,1,1,0,1,Credit Card,0,4,0,13,0,625.95,0,0
45,27,49.99,5447,Two Year,0,Male,1,0,1,0,1,1,0,0,Credit Card,1,3,0,37,1,1849.63,1,0
62,5,33.84,2951,Month-to-Month,0,Female,1,0,0,0,0,0,1,0,Bank Withdrawal,0,5,0,28,0,947.52,0,0
43,19,6.53,6148,One Year,0,Male,1,0,1,0,1,1,0,1,Credit Card,1,4,0,67,0,437.51,0,0
40,13,0.0,3306,Month-to-Month,0,Female,1,0,0,1,0,1,1,1,Bank Withdrawal,0,3,0,4,0,0.0,0,0
39,6,0.0,4512,Month-to-Month,0,Male,1,0,0,0,1,1,1,0,Bank Withdrawal,0,4,0,26,0,0.0,0,0
26,59,41.93,4946,Month-to-Month,0,Male,1,0,0,1,0,0,0,0,Bank Withdrawal,0,5,0,8,0,335.44,0,0
26,59,24.27,5313,Two Year,0,Female,1,0,0,0,1,1,1,1,Credit Card,1,3,0,66,0,1601.82,0,0
22,51,40.36,3479,One Year,0,Female,1,0,1,1,1,1,1,1,Credit Card,1,4,0,18,0,726.48,0,0
76,25,40.44,5834,Month-to-Month,0,Male,1,0,0,0,1,0,1,1,Bank Withdrawal,0,2,0,6,0,242.64,0,1
67,10,31.83,2833,Month-to-Month,0,Female,1,0,0,0,1,1,1,0,Credit Card,1,1,1,43,0,1368.69,0,1
73,25,0.0,6280,Month-to-Month,1,Male,1,0,0,0,1,0,1,0,Bank Withdrawal,0,2,1,53,0,0.0,1,1
49,11,33.75,2457,Month-to-Month,0,Male,1,1,0,0,0,0,1,0,Credit Card,0,2,1,10,1,337.5,0,1
44,17,10.49,2744,Month-to-Month,1,Female,1,1,0,1,0,0,1,0,Bank Withdrawal,0,3,1,35,0,367.15,0,1
25,73,45.92,3913,One Year,1,Male,1,0,1,0,1,0,0,0,Bank Withdrawal,1,5,1,17,1,780.64,0,0
36,0,33.44,5667,Month-to-Month,0,Male,0,0,0,1,0,0,1,0,Credit Card,0,3,0,16,0,535.04,0,0
26,73,46.88,3097,Month-to-Month,0,Female,1,0,0,1,1,0,1,1,Bank Withdrawal,0,3,0,12,0,562.56,0,0
43,0,46.3,3594,Two Year,0,Female,0,0,1,0,0,0,1,1,Credit Card,0,5,0,24,0,1111.2,0,0
33,0,1.64,2185,One Year,0,Female,0,0,0,1,0,0,0,1,Mailed Check,0,5,0,17,0,27.88,1,0
73,22,23.91,3805,One Year,0,Female,1,0,0,1,0,0,1,0,Bank Withdrawal,0,3,0,2,0,47.82,0,0
77,17,14.19,5479,One Year,0,Male,1,0,1,1,1,0,1,1,Bank Withdrawal,1,5,1,35,0,496.65,0,0
41,14,36.05,4427,Two Year,1,Male,1,1,1,1,0,1,0,1,Bank Withdrawal,0,3,1,72,0,2595.6,0,0
42,21,42.83,2813,Month-to-Month,0,Female,1,1,0,1,1,0,1,0,Bank Withdrawal,0,3,0,15,0,642.45,0,1
41,23,36.91,5762,Month-to-Month,0,Female,1,0,0,1,0,0,1,0,Bank Withdrawal,0,1,0,4,0,147.64,0,1
37,0,10.13,4878,Two Year,0,Female,0,0,1,0,0,0,0,1,Credit Card,0,4,0,50,0,506.5,0,0
44,11,13.76,5365,One Year,1,Male,1,0,1,0,1,1,0,0,Credit Card,0,4,1,41,0,564.16,0,0
30,0,29.86,2183,Month-to-Month,0,Female,0,0,0,1,0,0,1,0,Credit Card,0,4,0,1,0,29.86,0,0
23,41,23.68,2985,Two Year,0,Female,1,0,0,1,0,1,0,1,Credit Card,1,3,0,8,0,189.44,0,0
68,17,2.27,3684,Month-to-Month,0,Male,1,0,0,0,0,0,1,0,Credit Card,0,2,0,5,0,11.35,1,1
72,17,48.68,5869,Two Year,0,Male,1,1,0,1,1,0,0,1,Bank Withdrawal,1,3,1,67,0,3261.56,0,0
66,18,31.31,5294,Two Year,1,Female,1,1,0,0,1,1,1,0,Bank Withdrawal,1,4,0,72,0,2254.32,0,0
44,0,7.14,5293,Two Year,0,Female,0,0,1,1,0,0,0,1,Credit Card,0,3,0,16,0,114.24,0,0
64,16,18.79,5545,Month-to-Month,0,Male,1,1,0,0,1,0,1,0,Bank Withdrawal,0,2,1,42,0,789.18,0,1
33,22,23.74,5507,One Year,0,Male,1,1,0,1,1,0,0,1,Credit Card,1,5,1,40,0,949.6,0,0
48,28,18.2,4846,Two Year,1,Female,1,0,0,1,1,1,0,0,Credit Card,1,3,1,71,0,1292.2,0,0
20,51,0.0,5421,Month-to-Month,0,Male,1,0,1,0,0,0,1,0,Bank Withdrawal,0,2,0,1,1,0.0,0,1
58,23,5.92,6339,Month-to-Month,1,Male,1,0,0,0,0,0,1,0,Credit Card,0,3,0,52,1,307.84,0,0
79,12,0.0,4162,Two Year,0,Male,1,0,0,1,1,1,0,1,Credit Card,0,3,1,69,1,0.0,0,0
60,29,10.95,3734,Month-to-Month,1,Female,1,1,0,1,0,0,1,0,Bank Withdrawal,0,4,1,11,0,120.45,0,0
25,41,36.54,5057,Month-to-Month,0,Female,1,1,1,0,0,0,1,1,Credit Card,0,5,1,62,0,2265.48,0,0
72,12,35.0,5626,One Year,1,Male,1,0,0,0,1,0,1,0,Bank Withdrawal,0,5,1,34,0,1190.0,0,0
49,0,17.43,4167,Month-to-Month,0,Female,0,0,1,1,0,0,0,1,Mailed Check,0,4,0,15,0,261.45,1,0
38,24,49.08,4010,One Year,0,Female,1,1,0,1,1,1,1,1,Credit Card,0,3,1,63,1,3092.04,0,0
55,27,20.02,3795,One Year,0,Female,1,0,0,1,0,1,1,1,Credit Card,1,3,1,27,0,540.54,0,0
66,16,29.8,4447,Month-to-Month,0,Male,1,0,0,0,0,1,1,0,Bank Withdrawal,0,3,0,19,0,566.2,0,0
40,0,42.37,4746,Two Year,0,Female,0,1,1,1,0,0,0,1,Credit Card,0,4,0,59,0,2499.83,0,0
52,19,0.0,4117,One Year,1,Female,1,0,1,1,1,0,1,1,Bank Withdrawal,1,5,1,70,0,0.0,1,0
63,10,27.04,5156,Month-to-Month,0,Female,1,0,1,0,1,1,1,0,Bank Withdrawal,0,3,0,13,0,351.52,0,0
62,30,0.0,2855,One Year,0,Male,1,0,0,0,1,0,1,0,Bank Withdrawal,0,4,1,33,0,0.0,0,0
19,0,14.1,5587,Month-to-Month,0,Male,0,1,0,1,0,0,1,1,Credit Card,0,5,0,3,0,42.3,0,0
38,24,42.9,6315,Two Year,0,Male,1,0,1,0,1,1,1,1,Credit Card,1,4,1,69,0,2960.1,0,0
34,30,0.0,3300,Month-to-Month,0,Female,1,0,0,0,0,1,1,0,Bank Withdrawal,0,3,1,16,0,0.0,0,0
54,22,1.85,4895,Month-to-Month,1,Male,1,0,0,0,0,0,1,0,Bank Withdrawal,0,3,0,9,1,16.65,0,0
75,24,46.71,3493,Two Year,0,Male,1,1,0,0,1,0,1,0,Bank Withdrawal,0,5,1,31,1,1448.01,0,0
48,15,13.05,5928,Month-to-Month,0,Female,1,1,0,0,0,1,0,1,Bank Withdrawal,0,3,0,46,0,600.3,1,0
47,29,40.79,5598,Month-to-Month,1,Male,1,0,0,1,0,0,1,0,Bank Withdrawal,0,1,0,3,1,122.37,0,1
45,21,1.07,5679,Two Year,0,Male,1,0,0,1,1,1,0,1,Bank Withdrawal,1,3,0,70,0,74.9,0,0
23,51,35.47,6186,Two Year,1,Female,1,1,0,0,1,0,0,0,Bank Withdrawal,0,5,1,60,1,2128.2,0,0
52,0,15.48,2839,Month-to-Month,0,Female,0,0,0,1,0,0,0,0,Bank Withdrawal,0,5,0,41,0,634.68,0,0
48,0,24.79,5433,Month-to-Month,0,Male,0,0,0,0,0,0,0,0,Credit Card,0,5,0,16,0,396.64,0,0
20,76,8.08,2810,Month-to-Month,0,Male,1,0,1,0,1,1,1,0,Mailed Check,0,1,0,40,0,323.2,0,1
80,2,15.23,6144,Two Year,1,Female,1,1,0,1,1,1,1,1,Bank Withdrawal,0,3,1,72,0,1096.56,0,0
42,9,48.09,4935,One Year,0,Female,1,0,0,0,0,0,1,1,Credit Card,1,3,0,33,0,1586.97,0,0
30,85,48.16,4858,Month-to-Month,0,Female,1,0,0,0,0,0,1,0,Bank Withdrawal,0,4,1,7,0,337.12,0,0
45,19,1.02,5449,Month-to-Month,1,Female,1,0,0,0,1,1,1,0,Bank Withdrawal,0,1,0,29,0,29.58,0,1
22,58,35.6,3638,Month-to-Month,0,Female,1,0,0,0,0,0,0,1,Credit Card,0,2,1,1,0,35.6,0,1
43,7,0.0,6107,Month-to-Month,0,Male,1,0,0,0,0,0,1,0,Bank Withdrawal,1,3,1,59,0,0.0,0,0
29,0,33.58,4832,Month-to-Month,0,Male,0,0,0,0,0,0,0,0,Credit Card,0,1,0,1,0,33.58,0,1
46,12,11.32,3185,Month-to-Month,1,Female,1,1,0,0,1,0,1,1,Bank Withdrawal,0,1,1,33,0,373.56,0,1
50,3,27.16,4068,One Year,1,Male,1,1,0,0,1,0,1,1,Bank Withdrawal,1,3,1,71,0,1928.36,0,0
77,28,19.46,4060,One Year,1,Female,1,1,0,1,1,0,1,0,Bank Withdrawal,1,3,1,56,0,1089.76,0,1
33,8,44.87,4771,One Year,1,Female,1,0,0,0,1,1,1,0,Credit Card,1,5,1,36,0,1615.32,0,0
59,53,18.99,4173,Two Year,1,Female,1,0,1,0,1,1,1,1,Credit Card,0,3,0,56,0,1063.44,0,0
23,0,27.96,4390,One Year,0,Female,0,0,0,0,0,0,0,1,Credit Card,0,3,0,20,0,559.2,0,0
24,26,30.92,6209,Two Year,1,Male,1,0,0,1,1,1,0,0,Bank Withdrawal,0,3,0,60,0,1855.2,0,0
40,29,27.66,6298,Month-to-Month,0,Male,1,1,0,0,1,1,1,1,Bank Withdrawal,0,4,1,61,0,1687.26,0,0
51,19,0.0,3287,Month-to-Month,0,Female,1,0,1,0,0,1,0,0,Credit Card,1,4,0,26,0,0.0,0,0
42,13,1.83,4023,Two Year,0,Female,1,1,1,1,1,0,1,1,Bank Withdrawal,1,4,1,65,0,118.95,0,0
45,3,17.87,5949,Two Year,1,Male,1,1,0,1,1,1,1,1,Credit Card,1,3,1,72,0,1286.64,0,0
51,2,9.95,4986,One Year,0,Male,1,0,0,1,1,1,1,0,Credit Card,0,5,1,64,0,636.8,0,0
62,14,46.63,4754,Two Year,1,Female,1,1,1,0,0,1,1,1,Bank Withdrawal,1,4,1,72,0,3357.36,0,0
27,0,39.89,3172,Month-to-Month,0,Female,0,0,1,0,0,0,0,1,Credit Card,0,5,0,4,0,159.56,0,0
43,15,13.02,5094,Month-to-Month,0,Male,1,0,0,0,0,0,1,0,Bank Withdrawal,0,1,0,4,0,52.08,0,1
32,16,12.19,5106,Month-to-Month,0,Female,1,1,0,1,0,1,1,1,Bank Withdrawal,0,4,1,57,0,694.83,0,0
42,53,29.54,4459,Month-to-Month,0,Male,1,1,1,1,1,0,1,0,Credit Card,0,4,1,22,0,649.88,0,0
39,12,49.69,4800,Month-to-Month,1,Female,1,1,0,0,1,0,0,0,Bank Withdrawal,0,3,1,33,0,1639.77,0,0
54,19,32.43,5324,Month-to-Month,1,Female,1,0,1,1,1,1,0,1,Bank Withdrawal,1,3,0,32,0,1037.76,0,0
68,18,15.15,4332,One Year,1,Male,1,0,0,0,1,1,1,1,Credit Card,1,3,1,40,0,606.0,1,0
73,13,44.44,5444,Month-to-Month,1,Male,1,1,0,0,0,0,1,0,Bank Withdrawal,0,3,1,20,1,888.8,0,1
28,73,1.41,5517,Month-to-Month,0,Male,1,0,1,0,0,1,1,1,Credit Card,0,3,0,29,0,40.89,0,0
40,25,44.94,3634,Month-to-Month,0,Male,1,0,0,0,0,0,1,0,Bank Withdrawal,1,2,0,11,0,494.34,0,1
56,2,10.5,3050,Month-to-Month,0,Female,1,0,0,1,1,0,1,1,Bank Withdrawal,0,5,1,16,0,168.0,0,0
67,13,38.48,4011,Month-to-Month,1,Male,1,1,0,0,0,0,1,1,Credit Card,0,5,1,54,1,2077.92,0,0
52,0,13.06,2010,One Year,0,Female,0,0,1,1,0,0,0,1,Credit Card,0,4,0,25,0,326.5,0,0
71,15,21.46,5453,One Year,0,Female,1,1,0,0,0,0,0,1,Bank Withdrawal,1,5,1,46,0,987.16,0,0
53,12,29.66,5335,Month-to-Month,0,Female,1,1,0,0,0,0,0,0,Bank Withdrawal,0,3,1,8,0,237.28,0,1
21,51,42.68,6193,Two Year,1,Female,1,1,0,1,1,1,0,1,Credit Card,1,3,1,62,0,2646.16,0,0
65,0,29.88,2269,One Year,0,Male,0,0,0,1,0,0,0,0,Credit Card,0,5,0,26,0,776.88,1,0
35,18,37.69,4016,Month-to-Month,1,Female,1,1,0,0,0,0,1,0,Bank Withdrawal,0,1,1,24,0,904.56,0,1
35,16,24.35,6468,One Year,0,Male,1,1,0,0,1,1,1,0,Bank Withdrawal,0,4,0,62,0,1509.7,0,0
76,26,0.0,3884,Month-to-Month,0,Female,1,0,0,0,0,0,1,0,Mailed Check,0,1,0,1,1,0.0,0,1
40,2,37.46,4703,One Year,0,Male,1,1,0,1,0,1,1,1,Credit Card,0,3,1,64,0,2397.44,0,0
55,0,3.09,4277,Month-to-Month,0,Female,0,0,1,1,0,0,1,1,Credit Card,0,2,0,1,0,3.09,0,1
56,30,13.67,2125,One Year,1,Male,1,1,1,0,1,0,0,1,Credit Card,0,5,1,38,0,519.46,0,0
50,16,2.72,5774,One Year,0,Male,1,1,0,1,0,1,0,0,Bank Withdrawal,1,3,0,65,1,176.8,0,0
37,23,28.84,5647,Month-to-Month,0,Male,1,0,0,0,0,0,0,0,Bank Withdrawal,0,2,0,33,0,951.72,0,1
76,3,20.06,5028,Two Year,0,Male,1,1,0,0,1,0,0,0,Bank Withdrawal,0,4,0,39,0,782.34,0,0
40,0,8.44,5062,Two Year,0,Female,0,0,0,1,0,0,0,1,Credit Card,0,3,0,41,0,346.04,0,0
58,6,21.11,4990,Month-to-Month,0,Male,1,0,0,0,0,1,0,0,Bank Withdrawal,0,3,0,9,0,189.99,0,0
21,73,42.37,5020,Two Year,1,Male,1,0,1,1,1,1,1,1,Bank Withdrawal,1,3,1,59,1,2499.83,0,0
33,10,49.4,5202,Month-to-Month,1,Male,1,0,0,1,0,0,1,0,Credit Card,1,2,1,3,0,148.2,0,1
23,52,0.0,2308,One Year,1,Male,1,0,1,1,0,1,1,1,Bank Withdrawal,1,4,0,37,0,0.0,0,0
27,69,0.0,4133,Two Year,1,Male,1,0,0,0,1,0,1,1,Bank Withdrawal,1,4,1,57,1,0.0,0,0
72,17,8.92,4969,Month-to-Month,0,Male,1,1,0,0,0,0,1,1,Credit Card,0,3,0,7,0,62.44,1,1
44,0,4.71,5104,Two Year,0,Male,0,0,1,1,0,0,0,1,Credit Card,0,4,0,12,0,56.52,0,0
44,0,32.22,5331,One Year,0,Male,0,1,0,0,0,0,0,1,Bank Withdrawal,0,3,0,44,0,1417.68,0,0
27,85,29.67,4380,One Year,0,Male,1,1,1,0,1,1,1,1,Bank Withdrawal,0,3,0,68,0,2017.56,0,0
40,0,34.44,2784,Two Year,0,Female,0,0,1,1,0,0,0,1,Credit Card,0,3,0,29,0,998.76,0,0
32,53,16.09,4121,Two Year,0,Female,1,1,1,0,1,0,1,1,Credit Card,1,3,1,68,0,1094.12,0,0
45,26,6.4,2181,Month-to-Month,0,Male,1,0,0,0,0,0,1,0,Credit Card,0,2,1,6,1,38.4,0,1
64,30,16.58,6275,Two Year,1,Male,1,1,0,0,1,1,1,1,Bank Withdrawal,0,3,1,72,0,1193.76,0,0
45,19,5.51,4172,One Year,1,Male,1,0,1,0,1,0,1,1,Bank Withdrawal,1,3,1,52,0,286.52,1,0
54,8,20.86,5383,Month-to-Month,1,Male,1,0,0,1,0,0,0,0,Bank Withdrawal,0,3,1,5,0,104.3,0,1
64,5,19.72,2031,One Year,0,Female,1,1,0,1,0,0,1,0,Credit Card,0,4,0,22,0,433.84,0,0
30,48,11.74,3413,Two Year,1,Male,1,1,1,1,1,1,1,1,Mailed Check,1,3,1,47,0,551.78,0,0
40,16,36.81,3529,Month-to-Month,0,Female,1,0,0,0,1,1,1,0,Bank Withdrawal,1,2,0,2,0,73.62,0,1
32,22,15.03,6284,Two Year,1,Male,1,0,0,1,1,1,1,0,Bank Withdrawal,1,3,1,72,0,1082.16,0,0
67,15,10.66,2313,Month-to-Month,0,Male,1,1,0,0,1,0,1,0,Credit Card,0,1,1,9,0,95.94,0,1
38,9,41.83,5763,Month-to-Month,0,Female,1,1,0,0,0,0,1,0,Bank Withdrawal,1,1,1,54,0,2258.82,0,1
67,20,38.47,4126,One Year,1,Female,1,1,0,0,0,1,1,1,Credit Card,0,3,1,67,0,2577.49,0,0
19,26,19.88,5596,One Year,1,Female,1,1,0,0,0,0,1,1,Bank Withdrawal,0,3,1,70,0,1391.6,0,0
58,21,29.24,4146,One Year,1,Male,1,1,0,1,1,1,1,1,Bank Withdrawal,0,3,1,67,0,1959.08,0,1
20,71,19.64,2807,Month-to-Month,0,Female,1,0,0,0,1,0,1,0,Credit Card,0,4,1,36,0,707.04,1,0
48,3,34.75,2062,Month-to-Month,0,Male,1,1,0,0,0,0,1,0,Bank Withdrawal,0,5,0,9,0,312.75,0,0
41,30,23.95,3365,One Year,0,Female,1,1,0,1,0,0,1,1,Mailed Check,0,2,0,48,0,1149.6,0,1
57,5,0.0,5375,One Year,0,Male,1,0,0,0,1,0,1,1,Bank Withdrawal,0,2,1,49,1,0.0,0,1
20,71,29.98,5668,Month-to-Month,0,Male,1,1,0,1,0,0,1,0,Bank Withdrawal,0,2,0,4,0,119.92,0,1
48,0,24.32,4370,Two Year,0,Female,0,0,1,0,0,0,0,0,Credit Card,0,5,0,63,0,1532.16,0,0
53,6,23.16,4715,Month-to-Month,1,Male,1,0,0,1,0,0,1,1,Credit Card,0,4,0,30,0,694.8,0,0
50,19,12.49,2613,Month-to-Month,0,Male,1,1,1,0,0,1,1,1,Bank Withdrawal,0,4,0,30,0,374.7,0,0
39,0,9.66,5099,Month-to-Month,0,Female,0,0,1,0,0,0,0,1,Credit Card,0,3,0,34,0,328.44,0,0
41,8,40.34,4039,One Year,1,Female,1,0,0,1,0,0,1,0,Credit Card,1,3,1,63,0,2541.42,0,0
31,24,37.99,5680,Month-to-Month,0,Male,1,1,0,0,0,1,1,0,Credit Card,1,3,1,56,0,2127.44,0,0
29,0,7.57,3358,Month-to-Month,0,Male,0,0,1,0,0,0,0,0,Credit Card,0,5,0,1,0,7.57,0,0
64,26,29.3,3677,Month-to-Month,0,Female,1,0,0,0,1,0,1,0,Bank Withdrawal,0,2,0,14,1,410.2,0,1
40,11,48.63,2989,Month-to-Month,0,Female,1,1,0,0,0,1,0,0,Bank Withdrawal,0,3,0,23,0,1118.49,0,0
31,24,22.41,4590,Month-to-Month,0,Male,1,0,1,1,1,0,1,0,Credit Card,1,5,1,64,0,1434.24,0,0
71,5,4.59,2040,One Year,0,Male,1,1,0,0,1,0,1,1,Bank Withdrawal,1,3,1,43,0,197.37,0,0
19,59,0.0,3108,Month-to-Month,0,Male,1,0,0,0,0,0,0,0,Bank Withdrawal,1,4,0,3,0,0.0,0,0
55,8,35.58,3492,Month-to-Month,1,Male,1,1,0,0,0,0,0,0,Bank Withdrawal,1,1,1,40,0,1423.2,0,1
71,5,0.0,2056,Two Year,0,Female,1,0,0,0,0,0,1,0,Bank Withdrawal,0,4,1,14,0,0.0,0,0
60,0,47.07,4192,Two Year,0,Female,0,0,0,1,0,0,0,0,Credit Card,0,3,0,60,0,2824.2,0,0
75,8,33.49,6405,One Year,0,Female,1,1,0,1,1,0,1,1,Credit Card,0,2,1,54,0,1808.46,0,1
43,6,0.0,4085,Two Year,1,Male,1,0,0,0,0,1,1,0,Credit Card,1,3,1,72,0,0.0,0,0
69,0,37.09,4772,Two Year,0,Male,0,1,1,0,0,0,1,1,Bank Withdrawal,0,3,0,64,0,2373.76,0,0
52,20,24.73,5393,Month-to-Month,1,Male,1,0,0,1,1,1,1,0,Credit Card,0,4,0,30,1,741.9,0,0
68,25,0.0,4564,Month-to-Month,0,Male,1,0,0,1,0,0,0,1,Bank Withdrawal,0,1,0,27,1,0.0,0,1
58,8,34.18,5183,Month-to-Month,0,Male,1,1,0,0,1,0,1,0,Credit Card,0,4,0,16,0,546.88,0,0
58,12,47.83,2937,Month-to-Month,1,Male,1,1,0,1,0,0,0,0,Mailed Check,1,2,0,1,1,47.83,0,1
69,15,30.87,2018,Month-to-Month,0,Male,1,1,0,1,0,0,1,0,Bank Withdrawal,0,2,0,24,0,740.88,0,1
67,18,30.8,5745,Month-to-Month,0,Male,1,1,0,0,0,0,1,0,Credit Card,0,2,0,9,0,277.2,0,1
24,27,8.79,4276,One Year,1,Female,1,0,0,1,1,1,1,1,Credit Card,0,4,0,33,0,290.07,0,0
47,14,0.0,3463,One Year,1,Male,1,0,0,0,0,1,0,0,Credit Card,0,4,0,7,0,0.0,0,0
74,22,32.92,2125,One Year,1,Female,1,1,0,0,1,1,1,0,Bank Withdrawal,1,3,1,35,1,1152.2,0,0
69,5,11.63,5569,One Year,1,Female,1,1,0,1,0,0,1,0,Credit Card,1,3,1,66,1,767.58,0,0
28,0,5.02,3313,Month-to-Month,0,Female,0,0,0,0,0,0,0,0,Mailed Check,0,5,0,1,0,5.02,0,0
64,21,3.47,6072,One Year,1,Female,1,0,1,0,1,1,0,1,Bank Withdrawal,0,4,0,67,0,232.49,0,0
49,0,15.87,4404,Two Year,0,Female,0,0,0,0,0,0,0,0,Credit Card,0,5,0,20,0,317.4,0,0
62,27,15.59,3122,Month-to-Month,0,Female,1,0,0,0,0,0,0,0,Bank Withdrawal,0,4,0,3,0,46.77,0,0
43,56,31.86,5052,One Year,1,Male,1,1,1,0,0,0,1,1,Credit Card,1,4,1,53,0,1688.58,0,0
41,27,27.28,3156,Month-to-Month,0,Male,1,0,0,0,0,0,1,0,Bank Withdrawal,0,1,0,10,0,272.8,0,1
74,26,27.68,6442,One Year,1,Female,1,1,0,0,0,0,1,1,Credit Card,0,5,1,60,0,1660.8,0,0
79,0,4.99,4309,Two Year,0,Male,0,0,0,0,0,0,1,0,Bank Withdrawal,0,4,0,64,0,319.36,0,0
64,8,0.0,4740,Two Year,1,Female,1,0,0,0,1,1,0,1,Credit Card,1,4,1,10,0,0.0,0,0
72,15,34.51,3438,Month-to-Month,0,Female,1,0,0,1,0,0,1,0,Bank Withdrawal,0,1,0,1,0,34.51,0,1
51,0,2.83,4535,Two Year,0,Female,0,1,1,1,0,0,0,0,Bank Withdrawal,0,3,0,62,0,175.46,0,0
55,0,3.87,4328,Two Year,0,Male,0,0,1,0,0,0,0,1,Credit Card,0,4,0,20,0,77.4,0,0
73,18,11.01,3660,Two Year,0,Female,1,0,0,0,1,0,1,0,Credit Card,0,4,0,7,0,77.07,0,0
66,27,27.35,3305,Month-to-Month,1,Female,1,0,0,0,0,0,1,0,Credit Card,0,1,1,5,1,136.75,0,1
34,23,31.68,5584,Month-to-Month,0,Female,1,0,0,0,1,0,0,0,Bank Withdrawal,0,5,0,15,0,475.2,0,0
61,21,23.02,5898,Two Year,1,Female,1,1,1,0,1,0,1,1,Bank Withdrawal,0,5,0,54,0,1243.08,0,0
55,30,28.04,5075,Month-to-Month,0,Female,1,0,0,1,0,0,0,1,Bank Withdrawal,0,3,1,1,0,28.04,0,1
52,15,37.8,5615,Month-to-Month,1,Male,1,0,0,0,0,0,1,1,Credit Card,0,2,1,22,0,831.6,0,1
56,16,46.74,5527,Month-to-Month,1,Female,1,1,0,0,1,0,0,0,Bank Withdrawal,1,1,1,54,1,2523.96,0,1
70,7,14.48,5866,Two Year,1,Male,1,0,0,1,1,1,0,1,Credit Card,0,4,1,70,0,1013.6,0,0
38,56,42.71,5758,Month-to-Month,0,Female,1,0,1,0,1,0,0,1,Credit Card,1,2,0,4,0,170.84,0,1
28,41,9.79,4263,Month-to-Month,0,Female,1,0,0,0,0,1,1,1,Bank Withdrawal,0,1,0,2,0,19.58,0,1
52,57,0.0,2876,One Year,0,Female,1,0,1,1,1,1,0,0,Credit Card,1,3,0,10,1,0.0,1,0
69,4,12.86,2754,Month-to-Month,1,Female,1,1,0,0,0,0,1,0,Bank Withdrawal,0,3,0,4,0,51.44,0,1
56,15,4.24,6203,Two Year,1,Female,1,0,0,1,0,1,0,1,Bank Withdrawal,0,3,0,56,0,237.44,0,0
40,27,24.71,5019,One Year,1,Female,1,1,1,1,1,0,0,1,Bank Withdrawal,0,5,0,44,1,1087.24,0,0
26,71,3.27,5554,Month-to-Month,0,Female,1,0,0,1,0,0,1,0,Bank Withdrawal,0,1,1,37,0,120.99,0,1
71,23,47.66,3878,Month-to-Month,0,Male,1,1,0,1,1,0,1,0,Bank Withdrawal,0,2,1,25,0,1191.5,0,1
69,27,43.99,3475,Month-to-Month,0,Male,1,0,0,0,0,1,1,0,Bank Withdrawal,0,2,0,2,0,87.98,0,1
73,3,42.1,5247,Month-to-Month,1,Male,1,1,0,1,0,0,0,1,Bank Withdrawal,0,1,1,57,0,2399.7,0,1
56,0,44.05,2870,One Year,0,Female,0,0,0,1,0,0,1,0,Bank Withdrawal,0,3,0,16,0,704.8,0,0
50,24,2.52,4254,One Year,1,Male,1,0,0,0,1,0,1,0,Bank Withdrawal,1,3,1,69,0,173.88,0,1
62,11,39.72,4775,One Year,0,Female,1,1,0,1,0,1,0,1,Bank Withdrawal,0,3,1,56,0,2224.32,0,0
34,21,43.26,3074,Month-to-Month,1,Female,1,1,0,0,1,0,1,0,Bank Withdrawal,0,3,0,10,0,432.6,0,1
37,13,18.31,5958,One Year,0,Female,1,0,0,0,0,0,1,1,Bank Withdrawal,0,3,1,28,0,512.68,0,1
21,0,42.11,4376,One Year,0,Female,0,0,1,0,0,0,0,1,Credit Card,0,4,0,61,0,2568.71,0,0
42,30,0.0,2529,Month-to-Month,0,Male,1,0,0,0,0,0,1,0,Credit Card,0,1,0,10,0,0.0,0,1
58,0,42.46,2522,Month-to-Month,0,Female,0,0,1,0,0,0,0,1,Credit Card,0,4,0,20,0,849.2,0,0
25,69,5.49,4761,One Year,1,Male,1,1,0,0,1,1,0,0,Bank Withdrawal,1,3,1,64,1,351.36,0,0
62,24,34.02,3259,Month-to-Month,0,Male,1,1,0,1,1,0,0,0,Bank Withdrawal,0,5,0,1,1,34.02,0,0
28,41,43.77,5565,Month-to-Month,0,Male,1,0,0,1,0,0,1,0,Credit Card,0,4,0,4,0,175.08,0,0
62,7,1.72,5197,Two Year,1,Female,1,1,0,1,1,1,1,1,Bank Withdrawal,1,3,1,72,0,123.84,0,0
55,23,5.0,3206,One Year,1,Female,1,0,0,0,0,0,0,0,Credit Card,1,3,0,11,0,55.0,0,0
32,25,38.51,2414,Month-to-Month,0,Female,1,1,0,1,0,0,1,0,Bank Withdrawal,0,2,1,2,0,77.02,0,1
35,0,40.2,2928,Month-to-Month,0,Male,0,0,1,1,0,0,1,1,Credit Card,0,4,0,13,0,522.6,0,0
25,52,24.33,4700,Month-to-Month,0,Male,1,0,1,0,1,0,1,1,Bank Withdrawal,1,3,1,53,0,1289.49,0,0
73,18,44.54,4414,One Year,0,Male,1,0,0,0,1,1,1,1,Bank Withdrawal,1,4,0,33,0,1469.82,0,0
48,26,12.02,5993,Two Year,1,Male,1,1,0,0,1,1,1,1,Bank Withdrawal,1,3,1,72,0,865.44,0,0
42,0,1.75,3656,One Year,0,Female,0,0,0,1,0,0,0,1,Credit Card,0,3,0,26,0,45.5,0,0
66,19,13.51,2399,One Year,0,Male,1,1,0,0,1,0,1,0,Bank Withdrawal,0,4,0,42,0,567.42,0,0
44,2,42.26,4790,Month-to-Month,1,Female,1,0,0,0,0,0,0,0,Credit Card,0,5,0,23,1,971.98,0,0
41,29,12.96,2253,Month-to-Month,1,Female,1,0,0,1,0,0,0,0,Bank Withdrawal,1,4,0,10,0,129.6,0,0
44,51,33.01,5780,Two Year,1,Male,1,1,1,0,1,1,1,1,Bank Withdrawal,0,3,1,72,0,2376.72,0,0
50,12,31.22,5624,Month-to-Month,0,Female,1,0,0,0,0,0,1,0,Bank Withdrawal,0,4,0,12,0,374.64,0,0
57,30,45.35,4799,One Year,1,Male,1,1,1,1,0,0,0,1,Credit Card,0,4,0,64,0,2902.4,0,0
33,28,3.51,4415,Month-to-Month,1,Female,1,1,0,0,0,0,1,1,Credit Card,1,2,1,58,1,203.58,0,1
42,3,2.5,4212,Month-to-Month,0,Female,1,1,0,1,1,0,1,0,Bank Withdrawal,1,3,1,56,0,140.0,0,0
21,0,13.27,4067,Two Year,0,Female,0,1,0,1,0,0,0,1,Credit Card,0,3,0,72,0,955.44,0,0
47,26,0.0,2782,Month-to-Month,1,Male,1,0,0,1,0,0,0,0,Bank Withdrawal,0,4,1,35,0,0.0,0,0
51,19,46.7,5121,One Year,1,Female,1,1,0,1,1,1,1,0,Bank Withdrawal,0,3,1,58,0,2708.6,0,0
27,82,36.69,2849,Month-to-Month,0,Female,1,0,0,0,0,0,1,1,Credit Card,0,3,1,1,0,36.69,0,0
30,59,46.88,3520,Month-to-Month,0,Male,1,1,0,0,0,0,1,0,Bank Withdrawal,0,2,0,5,0,234.4,0,1
68,21,10.53,5525,Two Year,0,Female,1,0,0,1,0,1,1,0,Bank Withdrawal,0,3,0,7,0,73.71,0,0
40,57,46.1,4952,Two Year,0,Male,1,1,1,1,1,1,1,1,Credit Card,1,4,1,59,0,2719.9,0,0
56,6,26.04,5050,Two Year,0,Female,1,1,0,1,1,0,1,1,Bank Withdrawal,1,5,1,72,0,1874.88,0,0
54,0,13.43,3214,Two Year,0,Male,0,0,1,1,0,0,0,1,Credit Card,0,5,0,8,0,107.44,0,0
27,0,16.04,4479,Month-to-Month,0,Female,0,0,0,1,0,0,0,0,Bank Withdrawal,0,3,0,7,0,112.28,0,1
30,47,0.0,4556,Two Year,1,Male,1,0,0,1,1,1,1,1,Credit Card,1,3,0,72,0,0.0,0,0
52,25,47.59,4759,One Year,1,Female,1,1,0,0,0,0,1,1,Mailed Check,1,5,0,17,0,809.03,0,0
27,52,24.83,5115,Month-to-Month,0,Female,1,1,0,0,0,0,1,0,Bank Withdrawal,0,1,0,2,0,49.66,0,1
42,0,30.91,5671,Month-to-Month,0,Male,0,1,0,0,0,0,0,0,Credit Card,0,1,0,11,0,340.01,0,1
32,0,26.85,5219,Two Year,0,Female,0,0,1,0,0,0,1,1,Credit Card,0,3,0,70,0,1879.5,0,0
36,10,0.0,4207,Month-to-Month,1,Male,1,0,0,0,0,1,0,1,Mailed Check,0,3,0,17,0,0.0,0,0
23,0,37.85,2948,Month-to-Month,0,Male,0,0,1,0,0,0,1,0,Credit Card,0,4,0,3,0,113.55,0,0
42,9,6.19,6124,Two Year,1,Male,1,1,0,0,1,1,1,1,Bank Withdrawal,1,3,1,71,0,439.49,0,0
79,11,33.1,4449,One Year,1,Male,1,0,0,1,0,0,1,1,Credit Card,0,5,1,2,1,66.2,0,0
58,5,13.03,4975,Two Year,0,Female,1,0,0,0,1,1,0,0,Credit Card,0,4,0,48,0,625.44,0,0
37,13,24.63,3579,Month-to-Month,0,Female,1,0,0,0,1,0,1,0,Bank Withdrawal,0,3,0,15,0,369.45,0,1
72,30,11.12,2415,Month-to-Month,1,Male,1,0,0,0,1,0,1,1,Credit Card,1,1,1,10,1,111.2,0,1
29,0,8.39,5423,Two Year,0,Female,0,0,1,1,0,0,0,1,Credit Card,0,5,0,69,0,578.91,0,0
22,46,15.18,3619,Month-to-Month,0,Female,1,0,0,0,1,0,1,0,Credit Card,1,5,0,23,0,349.14,0,0
21,0,39.84,2980,Month-to-Month,0,Male,0,1,0,0,0,0,1,0,Bank Withdrawal,0,4,0,35,0,1394.4,0,0
38,7,25.81,4916,Month-to-Month,0,Female,1,1,0,0,0,0,1,0,Credit Card,1,5,0,2,0,51.62,0,0
53,12,0.0,5360,Month-to-Month,0,Male,1,0,0,1,0,0,0,1,Bank Withdrawal,0,3,1,14,0,0.0,0,1
59,0,26.47,3330,Month-to-Month,0,Female,0,0,0,1,0,0,1,0,Mailed Check,0,5,0,8,0,211.76,0,0
44,0,26.37,3830,Month-to-Month,0,Female,0,0,0,1,0,0,1,0,Mailed Check,0,3,0,1,0,26.37,0,1
43,13,15.94,5879,Two Year,1,Male,1,1,1,0,1,1,1,1,Credit Card,1,3,1,72,0,1147.68,0,0
28,69,34.44,4097,Month-to-Month,0,Male,1,0,0,1,0,0,1,0,Bank Withdrawal,0,1,0,10,0,344.4,0,1
41,25,31.73,3696,Month-to-Month,1,Female,1,0,0,0,1,0,1,1,Credit Card,0,3,1,16,0,507.68,0,1
74,6,39.12,3802,Month-to-Month,0,Male,1,0,0,0,0,0,1,0,Mailed Check,0,1,1,43,0,1682.16,0,1
32,18,11.57,6016,One Year,0,Male,1,1,0,1,1,0,1,1,Bank Withdrawal,0,3,1,72,0,833.04,0,0
74,25,46.65,2868,Two Year,1,Female,1,0,0,0,0,0,0,0,Bank Withdrawal,0,4,0,3,0,139.95,0,0
61,20,7.56,5948,Month-to-Month,1,Male,1,0,0,0,1,0,0,0,Credit Card,0,3,1,18,0,136.08,0,0
37,16,38.98,5666,One Year,1,Male,1,1,1,1,1,0,1,1,Bank Withdrawal,0,5,1,67,0,2611.66,0,0
57,12,0.0,4568,Month-to-Month,0,Female,1,0,1,0,0,0,0,1,Credit Card,1,3,1,30,0,0.0,0,1
37,52,8.39,5661,Two Year,1,Female,1,1,1,0,0,1,1,1,Bank Withdrawal,1,3,1,55,0,461.45,0,0
24,47,29.58,5841,Two Year,1,Male,1,0,0,0,1,1,1,0,Bank Withdrawal,1,3,1,63,0,1863.54,0,0
57,5,38.21,5556,One Year,1,Female,1,0,0,0,0,1,1,0,Bank Withdrawal,1,4,1,41,0,1566.61,0,0
34,17,35.55,5477,Two Year,1,Male,1,1,0,1,1,0,0,1,Credit Card,0,5,0,56,0,1990.8,0,0
31,11,3.97,4796,Month-to-Month,0,Male,1,1,0,0,0,0,1,0,Credit Card,0,4,0,1,0,3.97,0,0
69,25,9.9,4389,One Year,1,Male,1,1,0,0,1,0,0,0,Credit Card,1,3,1,66,0,653.4,0,1
33,19,40.22,2563,Month-to-Month,0,Female,1,0,1,0,0,0,1,1,Bank Withdrawal,0,5,0,14,0,563.08,0,0
73,0,35.14,5443,One Year,0,Male,0,0,1,0,0,0,0,1,Bank Withdrawal,0,3,0,68,0,2389.52,0,0
35,21,28.19,2166,Month-to-Month,0,Male,1,0,0,0,0,0,1,0,Credit Card,1,3,0,3,0,84.57,0,0
56,0,3.6,3428,One Year,0,Female,0,1,0,0,0,0,1,1,Credit Card,0,5,0,25,0,90.0,0,0
59,13,32.5,4905,Two Year,0,Female,1,0,0,0,0,1,1,1,Bank Withdrawal,1,4,1,60,0,1950.0,0,0
43,0,44.86,4408,Two Year,0,Female,0,0,0,0,0,0,0,1,Bank Withdrawal,0,5,0,57,0,2557.02,0,0
38,9,12.16,5928,Month-to-Month,1,Female,1,0,0,0,0,1,0,1,Bank Withdrawal,1,3,1,7,0,85.12,1,0
75,29,40.45,5906,Month-to-Month,1,Male,1,1,0,1,0,0,1,0,Bank Withdrawal,0,1,1,8,0,323.6,0,1
26,59,5.16,3722,Month-to-Month,1,Female,1,0,0,0,0,0,1,0,Mailed Check,1,2,1,6,0,30.96,0,1
77,17,35.11,4412,One Year,1,Female,1,1,0,0,1,0,1,1,Credit Card,0,1,1,61,0,2141.71,0,1
65,3,34.66,2016,Month-to-Month,1,Male,1,1,0,0,0,0,1,1,Bank Withdrawal,0,1,1,7,0,242.62,0,1
67,25,16.82,5092,Two Year,1,Male,1,0,1,0,0,1,1,1,Credit Card,1,3,1,72,1,1211.04,0,0
19,59,4.19,2721,Month-to-Month,1,Female,1,1,1,1,1,0,1,1,Bank Withdrawal,0,3,1,15,0,62.85,0,0
62,0,41.93,2878,Month-to-Month,0,Female,0,0,0,0,0,0,1,0,Credit Card,0,3,0,5,0,209.65,0,0
74,10,14.78,3155,Two Year,0,Male,1,1,0,0,1,0,0,0,Bank Withdrawal,1,3,0,47,0,694.66,0,0
19,51,40.32,2626,Month-to-Month,0,Female,1,0,0,0,0,0,0,0,Bank Withdrawal,0,5,0,46,0,1854.72,0,0
79,6,5.14,6161,One Year,1,Male,1,0,0,1,0,0,0,0,Bank Withdrawal,1,4,0,54,0,277.56,1,0
53,0,16.72,4451,One Year,0,Female,0,0,0,1,0,0,1,0,Bank Withdrawal,0,5,0,12,0,200.64,0,0
61,0,22.97,4204,Month-to-Month,0,Male,0,0,0,0,0,0,0,0,Credit Card,0,3,0,18,0,413.46,0,0
34,0,26.11,3971,One Year,0,Male,0,0,0,0,0,0,1,1,Credit Card,0,5,0,11,0,287.21,0,0
50,25,22.86,4154,Month-to-Month,0,Male,1,0,0,0,0,0,1,0,Bank Withdrawal,0,2,0,1,1,22.86,0,1
73,21,6.25,2233,Month-to-Month,0,Male,1,1,0,0,0,0,1,1,Bank Withdrawal,0,1,1,29,0,181.25,0,1
61,21,48.69,3142,Month-to-Month,1,Male,1,1,0,1,1,0,1,1,Bank Withdrawal,0,5,1,47,0,2288.43,0,0
52,8,44.67,6043,Month-to-Month,0,Male,1,1,0,0,0,0,0,0,Bank Withdrawal,1,5,0,58,0,2590.86,0,0
21,73,36.05,4842,Month-to-Month,1,Male,1,1,0,1,0,1,1,0,Bank Withdrawal,0,3,1,61,0,2199.05,0,0
47,7,0.0,2510,Month-to-Month,1,Female,1,0,0,0,0,0,1,0,Credit Card,0,5,1,26,0,0.0,0,0
47,19,24.08,4004,Two Year,1,Male,1,0,1,0,1,1,0,1,Bank Withdrawal,1,3,1,72,0,1733.76,0,0
38,4,11.3,5640,Month-to-Month,0,Male,1,0,0,0,0,0,1,1,Bank Withdrawal,0,1,1,10,0,113.0,0,1
28,0,42.49,5267,Two Year,0,Female,0,0,1,0,0,0,0,1,Bank Withdrawal,0,5,0,69,0,2931.81,0,0
32,26,17.87,5590,Month-to-Month,0,Female,1,1,0,0,0,1,1,0,Bank Withdrawal,0,3,0,29,0,518.23,0,0
41,28,31.09,5123,Month-to-Month,1,Female,1,1,1,0,1,1,0,1,Bank Withdrawal,0,4,0,52,0,1616.68,0,0
50,0,15.04,5409,Two Year,0,Female,0,1,1,0,0,0,0,1,Credit Card,0,4,0,11,0,165.44,0,0
24,26,32.93,5037,One Year,0,Male,1,1,0,0,1,0,1,1,Credit Card,1,4,0,64,0,2107.52,0,0
51,3,22.56,2876,Month-to-Month,0,Female,1,1,0,1,0,0,1,0,Mailed Check,0,1,0,3,0,67.68,0,1
27,59,14.96,2010,Month-to-Month,0,Male,1,1,1,1,0,0,1,0,Credit Card,0,3,0,12,0,179.52,0,1
35,16,40.35,4780,Two Year,0,Female,1,1,1,1,0,1,0,1,Credit Card,1,3,1,67,0,2703.45,0,0
46,7,36.65,4669,One Year,0,Female,1,0,0,1,0,1,1,1,Bank Withdrawal,0,1,1,57,0,2089.05,0,1
56,22,6.99,3347,Month-to-Month,1,Male,1,0,0,0,0,0,1,1,Bank Withdrawal,1,3,0,37,1,258.63,0,0
63,0,29.1,4840,Month-to-Month,0,Male,0,0,1,0,0,0,0,0,Credit Card,0,3,0,1,0,29.1,0,0
22,27,31.03,2318,Month-to-Month,0,Female,1,1,0,0,0,0,1,0,Credit Card,0,1,0,1,0,31.03,0,1
80,20,4.14,5397,Month-to-Month,0,Female,1,0,0,0,1,1,1,0,Bank Withdrawal,1,4,0,45,1,186.3,0,0
51,13,24.95,4700,Two Year,1,Male,1,1,1,1,1,1,0,1,Bank Withdrawal,1,3,1,72,0,1796.4,0,0
49,24,0.0,5671,Two Year,1,Male,1,0,1,1,1,1,0,1,Credit Card,1,3,0,10,0,0.0,1,0
40,0,13.85,3075,Month-to-Month,0,Male,0,0,0,1,0,0,1,0,Bank Withdrawal,0,3,0,1,0,13.85,0,0
64,26,37.68,3463,Month-to-Month,0,Male,1,0,1,0,0,0,1,1,Credit Card,0,1,0,1,0,37.68,0,1
74,16,41.8,4438,Two Year,1,Female,1,1,0,1,0,0,1,0,Bank Withdrawal,0,4,0,63,0,2633.4,0,0
27,0,12.39,4905,Month-to-Month,0,Female,0,0,0,0,0,0,1,0,Credit Card,0,5,0,10,0,123.9,0,0
35,14,0.0,5463,Month-to-Month,1,Female,1,0,0,1,0,0,1,0,Credit Card,0,5,0,28,0,0.0,0,0
60,0,1.69,4193,Two Year,0,Male,0,0,0,0,0,0,0,0,Bank Withdrawal,0,5,0,57,0,96.33,0,0
36,18,34.62,5570,One Year,0,Male,1,1,1,1,1,0,1,1,Credit Card,0,4,1,68,0,2354.16,0,0
32,30,39.52,3817,One Year,0,Male,1,1,0,1,1,0,1,1,Bank Withdrawal,0,5,0,47,0,1857.44,0,0
33,20,34.76,4668,Two Year,1,Female,1,0,0,0,0,0,0,0,Credit Card,1,5,0,42,0,1459.92,0,0
52,19,0.0,5100,Month-to-Month,0,Female,1,0,1,0,1,0,0,1,Bank Withdrawal,1,5,0,5,0,0.0,0,0
52,0,49.95,4295,Two Year,0,Male,0,1,1,0,0,0,0,0,Credit Card,0,4,0,39,0,1948.05,0,0
67,25,17.62,2491,One Year,0,Female,1,0,0,0,0,1,1,0,Bank Withdrawal,0,4,0,23,1,405.26,0,0
31,22,25.75,4718,Month-to-Month,0,Female,1,0,0,1,0,1,1,1,Bank Withdrawal,0,2,0,19,0,489.25,0,1
37,23,20.45,5075,Two Year,1,Female,1,0,0,0,1,1,0,0,Bank Withdrawal,1,3,0,49,0,1002.05,0,0
53,0,2.32,3523,Two Year,0,Female,0,0,0,0,0,0,1,0,Credit Card,0,5,0,41,0,95.12,0,0
52,10,24.57,3880,Month-to-Month,0,Female,1,1,0,1,0,0,1,0,Credit Card,0,4,0,11,1,270.27,0,0
54,4,22.56,2576,Month-to-Month,0,Male,1,1,0,1,1,0,1,1,Bank Withdrawal,0,1,1,40,0,902.4,0,1
39,24,27.99,6424,Two Year,1,Female,1,1,0,1,1,1,1,1,Bank Withdrawal,0,1,1,58,0,1623.42,0,1
37,13,34.89,3422,Month-to-Month,0,Female,1,0,0,0,0,0,0,0,Credit Card,0,5,0,3,1,104.67,0,0
20,48,40.99,5277,Month-to-Month,0,Female,1,1,0,0,0,0,0,0,Bank Withdrawal,1,5,1,3,0,122.97,0,0
35,30,43.57,4053,One Year,1,Male,1,0,0,1,1,1,1,1,Bank Withdrawal,1,3,0,60,0,2614.2,0,0
51,75,48.73,5903,Month-to-Month,1,Female,1,0,1,1,0,0,1,1,Credit Card,0,5,0,23,0,1120.79,0,0
65,0,30.14,2154,One Year,0,Male,0,0,0,1,0,0,0,0,Bank Withdrawal,0,5,0,5,0,150.7,0,0
32,26,0.0,5453,Two Year,0,Female,1,0,1,1,1,1,0,1,Bank Withdrawal,1,3,1,62,1,0.0,0,0
79,21,6.59,5285,One Year,1,Male,1,0,0,1,1,0,1,0,Bank Withdrawal,0,4,1,29,1,191.11,0,0
67,21,18.67,5264,Two Year,1,Female,1,1,0,1,1,1,1,1,Bank Withdrawal,1,4,1,70,0,1306.9,0,0
65,26,16.04,3856,One Year,1,Female,1,1,0,0,0,0,1,0,Credit Card,1,3,0,46,0,737.84,0,0
42,27,37.2,4283,Month-to-Month,1,Female,1,1,0,0,1,0,1,1,Bank Withdrawal,0,2,1,69,0,2566.8,0,1
45,28,38.81,5737,Month-to-Month,1,Female,1,0,0,0,1,0,0,1,Bank Withdrawal,1,1,0,23,0,892.63,0,1
48,0,11.18,5063,Two Year,0,Female,0,1,0,0,0,0,0,1,Credit Card,0,5,0,71,0,793.78,0,0
24,30,48.64,4013,Month-to-Month,0,Male,1,1,0,0,0,0,1,1,Bank Withdrawal,0,1,0,4,0,194.56,0,1
42,14,13.04,5042,One Year,1,Male,1,1,0,1,1,1,0,0,Bank Withdrawal,1,3,0,37,0,482.48,0,0
30,69,10.11,4584,Month-to-Month,0,Female,1,0,0,1,1,0,1,0,Bank Withdrawal,1,3,0,5,0,50.55,0,1
55,13,25.14,4676,Two Year,0,Female,1,1,0,1,1,0,1,1,Bank Withdrawal,1,5,0,61,0,1533.54,1,0
30,82,15.06,5049,Month-to-Month,1,Female,1,1,0,1,0,0,1,1,Bank Withdrawal,0,5,1,62,0,933.72,0,0
32,0,9.19,3396,One Year,0,Female,0,0,0,0,0,0,0,0,Mailed Check,0,3,0,48,0,441.12,0,0
43,23,39.81,4739,Month-to-Month,0,Female,1,0,0,1,0,0,0,0,Mailed Check,0,1,0,1,0,39.81,0,1
42,2,34.98,5827,One Year,0,Male,1,0,0,1,0,1,0,0,Bank Withdrawal,1,3,1,44,0,1539.12,0,0
64,0,8.54,2847,Month-to-Month,0,Male,0,0,0,1,0,0,0,0,Credit Card,0,4,0,14,0,119.56,0,0
33,0,15.73,4075,Month-to-Month,0,Male,0,0,1,0,0,0,0,1,Bank Withdrawal,0,3,0,11,0,173.03,1,0
78,21,17.51,4138,Month-to-Month,0,Male,1,1,0,0,0,1,1,1,Bank Withdrawal,0,1,0,1,0,17.51,0,1
24,0,27.75,5366,Two Year,0,Female,0,0,1,0,0,0,0,1,Credit Card,0,5,0,55,0,1526.25,0,0
20,0,27.88,3625,Month-to-Month,0,Male,0,0,0,0,0,0,0,0,Bank Withdrawal,0,3,0,1,0,27.88,0,0
75,9,0.0,5693,Two Year,1,Female,1,0,0,1,1,0,1,0,Bank Withdrawal,0,3,1,65,0,0.0,0,0
56,0,48.75,5154,Two Year,0,Female,0,0,1,1,0,0,1,1,Bank Withdrawal,0,4,0,67,0,3266.25,0,0
55,28,29.52,4093,Month-to-Month,0,Male,1,0,0,1,1,1,1,0,Bank Withdrawal,0,3,0,6,0,177.12,0,0
42,0,48.61,2607,One Year,0,Male,0,0,0,0,0,0,0,0,Bank Withdrawal,0,3,0,39,0,1895.79,0,0
39,20,49.41,4889,Month-to-Month,1,Male,1,1,0,0,0,0,1,1,Bank Withdrawal,0,5,1,2,1,98.82,0,0
49,25,1.36,2414,Month-to-Month,0,Male,1,1,0,1,0,0,1,0,Bank Withdrawal,0,2,1,20,0,27.2,0,1
37,4,3.84,4806,Month-to-Month,1,Female,1,0,0,0,1,0,1,0,Bank Withdrawal,0,1,0,13,0,49.92,0,1
48,16,15.07,5246,Month-to-Month,0,Female,1,0,0,0,0,0,1,0,Mailed Check,0,1,0,4,0,60.28,0,1
58,9,15.6,4345,Month-to-Month,0,Male,1,0,0,1,0,0,1,0,Bank Withdrawal,0,3,1,3,0,46.8,0,0
58,15,32.13,5082,Month-to-Month,0,Female,1,0,0,0,0,0,0,0,Bank Withdrawal,0,2,1,1,1,32.13,0,1
37,16,0.0,4375,One Year,1,Female,1,0,1,1,0,1,0,1,Credit Card,0,4,0,41,0,0.0,0,0
61,6,10.36,2185,Month-to-Month,1,Male,1,0,0,0,0,1,1,0,Bank Withdrawal,0,4,1,45,0,466.2,0,0
32,52,28.64,5735,Two Year,0,Female,1,1,1,0,0,1,1,1,Bank Withdrawal,0,3,1,62,1,1775.68,0,0
63,20,44.36,3653,Month-to-Month,1,Male,1,0,0,0,0,0,0,0,Bank Withdrawal,0,5,0,4,0,177.44,0,0
19,52,38.81,4056,Month-to-Month,0,Female,1,0,0,0,0,0,1,0,Credit Card,0,3,0,1,0,38.81,0,0
43,0,33.92,5555,Month-to-Month,0,Female,0,0,0,1,0,0,1,0,Credit Card,0,5,0,22,0,746.24,0,0
74,11,0.0,5322,One Year,1,Male,1,0,0,1,0,0,1,0,Bank Withdrawal,1,4,1,33,0,0.0,0,0
73,0,14.69,6388,Two Year,0,Male,0,1,0,0,0,0,0,0,Credit Card,0,3,0,67,0,984.23,0,0
39,0,6.75,4118,Two Year,0,Female,0,1,0,1,0,0,0,0,Credit Card,0,4,0,72,0,486.0,0,0
21,82,38.32,2893,Month-to-Month,0,Male,1,0,0,0,0,0,1,0,Credit Card,1,3,0,16,0,613.12,0,0
71,2,49.75,5720,One Year,1,Female,1,1,0,0,1,1,1,0,Credit Card,0,3,1,44,0,2189.0,0,0
72,8,12.98,3583,Two Year,0,Male,1,0,0,0,0,0,0,1,Credit Card,0,3,0,34,0,441.32,0,0
31,8,0.0,4476,Month-to-Month,0,Female,1,0,0,1,0,0,1,0,Bank Withdrawal,0,3,1,1,0,0.0,0,1
59,0,49.74,5403,Month-to-Month,0,Male,0,0,0,1,0,0,1,0,Credit Card,0,3,0,9,0,447.66,0,1
73,19,17.19,3167,Month-to-Month,0,Female,1,1,0,1,0,0,0,0,Credit Card,1,1,0,15,0,257.85,0,1
29,0,43.57,5160,One Year,0,Male,0,0,0,0,0,0,0,1,Mailed Check,0,3,0,1,0,43.57,0,0
63,28,14.34,3336,Month-to-Month,0,Female,1,1,0,0,0,0,0,1,Credit Card,0,2,0,33,0,473.22,0,1
20,59,46.68,3161,One Year,0,Female,1,0,0,1,0,1,0,0,Credit Card,1,4,0,13,0,606.84,0,0
52,0,25.86,6186,Two Year,0,Female,0,0,1,0,0,0,0,1,Credit Card,0,4,0,58,0,1499.88,1,0
53,18,3.2,2613,Month-to-Month,0,Female,1,0,0,0,1,0,1,1,Bank Withdrawal,0,4,1,47,0,150.4,0,0
77,2,5.51,4240,Two Year,0,Male,1,0,0,0,1,1,1,1,Credit Card,1,4,0,72,0,396.72,0,0
30,42,23.92,4803,Two Year,1,Female,1,1,0,1,1,0,1,0,Bank Withdrawal,1,4,1,69,0,1650.48,0,0
73,24,5.57,4522,Month-to-Month,1,Male,1,0,0,0,0,1,0,0,Bank Withdrawal,0,1,1,2,0,11.14,0,1
77,16,14.87,4270,One Year,1,Male,1,0,0,0,0,1,0,1,Credit Card,0,3,0,64,0,951.68,0,0
52,0,14.17,3448,Month-to-Month,0,Male,0,0,0,1,0,0,1,0,Credit Card,0,1,0,1,0,14.17,0,1
57,20,37.25,2152,Month-to-Month,0,Female,1,0,0,0,0,0,0,1,Bank Withdrawal,0,2,1,43,0,1601.75,0,1
19,0,9.51,4579,Two Year,0,Female,0,0,1,0,0,0,0,1,Credit Card,0,4,0,59,0,561.09,0,0
28,73,32.76,3916,Month-to-Month,1,Male,1,0,0,1,0,0,1,0,Bank Withdrawal,1,3,1,3,0,98.28,0,1
57,10,27.41,3839,Month-to-Month,0,Male,1,1,0,0,0,1,1,1,Mailed Check,0,5,0,37,0,1014.17,0,0
52,12,24.53,5781,Two Year,1,Male,1,1,0,1,1,0,1,0,Bank Withdrawal,0,3,1,72,0,1766.16,0,0
67,27,30.63,2709,Month-to-Month,1,Female,1,1,0,1,1,0,1,1,Bank Withdrawal,0,3,1,12,0,367.56,1,1
28,69,39.35,5481,One Year,0,Female,1,1,0,0,1,0,1,0,Bank Withdrawal,0,4,0,29,0,1141.15,0,0
58,15,2.64,5039,Month-to-Month,0,Male,1,1,0,0,0,1,1,0,Mailed Check,0,3,0,30,0,79.2,0,0
36,22,12.88,5386,Month-to-Month,0,Female,1,1,1,0,0,0,0,1,Credit Card,0,1,0,4,0,51.52,0,1
45,5,15.65,4113,Two Year,1,Female,1,1,0,1,1,1,1,1,Bank Withdrawal,1,3,1,68,0,1064.2,0,0
24,0,23.03,2768,One Year,0,Male,0,0,0,1,0,0,0,0,Credit Card,0,4,0,22,0,506.66,0,0
35,21,12.15,5113,Two Year,1,Male,1,1,0,1,0,1,0,1,Credit Card,1,3,0,63,0,765.45,0,0
52,24,0.0,4380,One Year,1,Female,1,0,0,0,1,0,1,0,Credit Card,0,4,1,51,0,0.0,0,0
31,11,45.32,6444,Two Year,1,Male,1,1,1,1,1,0,0,1,Credit Card,1,4,1,72,1,3263.04,0,0
20,59,0.0,4284,Month-to-Month,1,Female,1,0,0,1,0,0,1,0,Bank Withdrawal,0,5,1,25,0,0.0,0,0
42,30,5.29,4986,Month-to-Month,0,Male,1,0,1,1,1,1,0,1,Credit Card,1,3,0,49,0,259.21,0,0
27,0,39.53,2446,One Year,0,Male,0,0,1,1,0,0,0,1,Bank Withdrawal,0,4,0,41,0,1620.73,0,0
29,71,2.53,6321,Month-to-Month,0,Female,1,0,1,0,1,1,1,1,Bank Withdrawal,0,3,0,51,0,129.03,0,0
37,0,2.29,4408,Month-to-Month,0,Male,0,1,0,1,0,0,0,0,Bank Withdrawal,0,4,0,12,0,27.48,0,0
67,6,42.53,2939,Two Year,0,Male,1,0,0,0,0,0,1,0,Credit Card,0,3,0,8,0,340.24,0,0
57,13,25.11,2604,One Year,1,Female,1,1,0,0,1,1,0,0,Bank Withdrawal,0,3,1,38,0,954.18,0,0
19,71,0.0,2564,Two Year,1,Female,1,0,1,0,0,1,0,1,Credit Card,1,4,0,36,0,0.0,0,0
41,23,3.2,5037,Two Year,1,Female,1,1,0,1,1,0,0,1,Bank Withdrawal,1,5,1,67,0,214.4,0,0
68,30,23.82,3553,Month-to-Month,0,Female,1,1,0,0,0,0,1,0,Credit Card,0,1,0,3,0,71.46,0,1
48,19,44.45,2827,Month-to-Month,1,Male,1,1,0,1,1,1,1,0,Bank Withdrawal,0,4,1,44,0,1955.8,0,0
39,0,30.14,5971,Two Year,0,Male,0,0,0,0,0,0,0,1,Credit Card,0,4,0,60,0,1808.4,0,0
56,7,42.33,5395,One Year,1,Female,1,1,0,0,1,1,1,0,Credit Card,1,3,0,58,0,2455.14,0,0
29,59,12.32,4505,Two Year,1,Female,1,0,0,1,1,1,0,1,Credit Card,0,3,0,72,0,887.04,0,0
32,16,0.0,4934,Two Year,1,Male,1,0,1,0,1,1,1,1,Bank Withdrawal,1,3,1,72,1,0.0,0,0
58,21,42.85,5012,Two Year,0,Male,1,1,0,0,1,1,0,1,Bank Withdrawal,1,4,1,66,0,2828.1,0,0
40,22,19.32,2199,Month-to-Month,0,Male,1,0,0,0,0,0,0,0,Bank Withdrawal,0,3,0,1,0,19.32,0,1
48,0,10.67,6002,Two Year,0,Male,0,0,1,1,0,0,0,1,Mailed Check,0,5,0,63,0,672.21,0,0
31,2,39.62,4384,Month-to-Month,1,Female,1,0,0,1,0,0,1,0,Bank Withdrawal,1,3,0,27,0,1069.74,0,0
32,19,27.7,2756,Month-to-Month,0,Female,1,1,0,0,0,0,1,0,Bank Withdrawal,0,3,0,1,1,27.7,0,1
25,52,8.95,4704,Month-to-Month,0,Male,1,0,0,1,0,0,1,0,Bank Withdrawal,0,3,0,7,0,62.65,0,0
46,19,16.55,4779,Month-to-Month,0,Female,1,0,0,1,0,0,1,1,Credit Card,0,1,0,1,0,16.55,0,1
25,73,22.73,4551,Month-to-Month,0,Male,1,1,0,1,1,0,0,0,Bank Withdrawal,1,4,1,63,1,1431.99,0,0
52,22,0.0,3030,Month-to-Month,0,Male,1,0,0,0,0,0,0,0,Bank Withdrawal,1,4,0,4,0,0.0,0,0
46,0,31.6,2185,One Year,0,Male,0,0,0,0,0,0,1,0,Credit Card,0,4,0,17,0,537.2,0,0
60,22,19.58,4730,Two Year,1,Female,1,1,0,0,1,0,0,0,Credit Card,1,4,1,61,0,1194.38,0,0
62,0,33.06,4500,Month-to-Month,0,Female,0,0,1,1,0,0,0,0,Credit Card,0,2,0,11,0,363.66,0,1
22,59,44.28,2961,Month-to-Month,0,Female,1,0,0,1,0,0,0,1,Bank Withdrawal,0,1,0,4,1,177.12,0,1
44,19,37.0,5240,Two Year,1,Female,1,1,1,0,1,1,1,1,Mailed Check,1,4,1,64,0,2368.0,0,0
52,0,25.05,5874,Two Year,0,Female,0,0,1,1,0,0,0,1,Credit Card,0,4,0,6,0,150.3,0,0
25,51,48.52,5567,Two Year,1,Female,1,1,0,1,1,1,1,0,Bank Withdrawal,1,4,1,72,1,3493.44,0,0
42,22,47.43,6487,Two Year,1,Male,1,1,0,0,1,1,0,0,Credit Card,1,3,1,69,0,3272.67,0,0
35,0,45.84,2198,Month-to-Month,0,Female,0,0,0,0,0,0,0,1,Bank Withdrawal,0,3,0,4,0,183.36,0,0
56,18,4.56,4272,Two Year,1,Female,1,1,0,0,1,1,0,1,Credit Card,1,4,1,72,0,328.32,1,0
20,52,20.41,5427,One Year,1,Female,1,1,1,0,1,0,1,1,Credit Card,1,4,1,67,0,1367.47,0,0
61,24,31.43,5014,Month-to-Month,0,Female,1,0,0,0,0,0,1,1,Credit Card,0,5,0,7,0,220.01,0,0
74,21,23.18,2416,One Year,0,Female,1,0,0,1,0,0,1,0,Bank Withdrawal,0,5,0,20,0,463.6,0,0
62,53,5.67,5560,Month-to-Month,0,Male,1,1,1,0,0,1,0,1,Credit Card,0,1,0,2,0,11.34,0,1
38,4,38.8,2485,Month-to-Month,0,Male,1,0,0,0,0,0,1,1,Bank Withdrawal,0,2,0,1,0,38.8,0,1
30,59,26.47,5072,Two Year,1,Female,1,1,0,1,1,1,1,1,Credit Card,1,3,1,70,0,1852.9,0,0
27,48,10.05,5301,Two Year,1,Male,1,1,0,0,0,0,0,1,Credit Card,0,3,1,60,0,603.0,0,0
21,27,28.02,5872,Two Year,1,Male,1,0,0,1,1,0,1,1,Credit Card,1,5,1,71,0,1989.42,0,0
28,48,0.0,4624,One Year,0,Female,1,0,0,0,1,1,1,0,Credit Card,1,4,0,18,1,0.0,0,0
76,22,12.46,5948,Month-to-Month,0,Female,1,0,0,0,0,0,1,1,Bank Withdrawal,0,2,0,1,0,12.46,0,1
63,24,38.83,5568,Two Year,1,Male,1,1,1,0,1,0,1,1,Bank Withdrawal,1,4,1,70,0,2718.1,0,0
66,22,26.22,5527,Month-to-Month,1,Female,1,0,0,1,0,1,1,0,Bank Withdrawal,0,1,0,1,0,26.22,0,1
33,14,0.0,4099,Month-to-Month,0,Female,1,0,0,0,0,0,0,1,Bank Withdrawal,0,3,0,1,0,0.0,0,0
78,28,18.39,4196,Month-to-Month,1,Female,1,1,0,1,0,1,0,1,Bank Withdrawal,0,1,1,65,0,1195.35,0,1
26,59,11.85,4213,Two Year,0,Female,1,1,1,0,1,1,1,1,Bank Withdrawal,0,3,1,72,0,853.2,0,0
25,30,49.7,3498,Month-to-Month,1,Male,1,1,0,0,1,0,1,1,Bank Withdrawal,0,2,1,38,0,1888.6,0,1
56,0,15.79,2279,One Year,0,Male,0,0,0,0,0,0,0,0,Credit Card,0,3,0,2,0,31.58,0,1
71,14,15.28,4499,Month-to-Month,0,Male,1,0,0,1,0,0,0,0,Bank Withdrawal,0,2,0,1,0,15.28,0,1
49,26,20.37,4582,Month-to-Month,1,Female,1,1,0,1,1,0,1,1,Bank Withdrawal,1,5,1,63,0,1283.31,0,0
55,19,42.14,2071,One Year,0,Female,1,0,0,1,1,1,0,1,Credit Card,1,1,1,38,0,1601.32,0,1
27,41,39.67,5179,One Year,0,Male,1,0,1,0,1,1,1,1,Credit Card,0,3,0,62,0,2459.54,1,0
59,29,10.03,4298,One Year,1,Female,1,0,1,1,0,0,1,1,Bank Withdrawal,0,4,0,52,0,521.56,0,0
75,2,21.38,6268,Two Year,1,Male,1,1,0,1,1,1,1,1,Bank Withdrawal,1,3,1,72,0,1539.36,0,0
49,28,48.45,5276,One Year,0,Male,1,1,0,0,1,0,1,1,Bank Withdrawal,1,3,1,54,0,2616.3,0,0
54,6,12.95,3880,Month-to-Month,0,Male,1,0,0,1,0,0,1,1,Bank Withdrawal,0,5,0,11,0,142.45,0,0
50,25,41.08,2044,Month-to-Month,0,Female,1,1,0,0,0,0,1,0,Credit Card,0,4,0,2,0,82.16,0,0
35,23,40.71,5313,Month-to-Month,1,Female,1,1,0,1,0,1,1,1,Bank Withdrawal,0,3,1,65,1,2646.15,0,0
26,59,14.78,2431,Month-to-Month,0,Male,1,0,0,1,1,0,0,0,Credit Card,0,1,0,1,0,14.78,0,1
53,0,16.13,2681,Month-to-Month,0,Male,0,0,0,0,0,0,1,0,Mailed Check,0,5,0,15,0,241.95,0,0
24,0,26.02,2400,One Year,0,Male,0,0,0,1,0,0,0,0,Mailed Check,0,3,0,14,0,364.28,0,0
42,29,35.62,3207,Month-to-Month,0,Male,1,1,0,0,0,1,0,1,Credit Card,1,3,1,22,0,783.64,0,0
31,18,9.29,5748,Two Year,0,Male,1,0,1,1,1,1,0,1,Bank Withdrawal,1,3,0,68,0,631.72,0,0
32,15,28.57,4382,Month-to-Month,0,Female,1,0,0,1,1,1,1,1,Bank Withdrawal,1,3,1,20,0,571.4,0,0
57,13,29.55,2464,Month-to-Month,0,Male,1,0,0,0,0,0,1,0,Bank Withdrawal,0,3,1,19,0,561.45,1,0
68,25,28.12,2373,Month-to-Month,0,Male,1,1,0,1,0,1,1,0,Bank Withdrawal,0,1,1,19,0,534.28,0,1
42,24,36.96,5968,Month-to-Month,0,Female,1,0,0,1,0,1,0,0,Credit Card,0,3,0,2,0,73.92,0,0
69,18,46.67,5679,Two Year,0,Female,1,1,0,0,1,1,1,0,Bank Withdrawal,0,3,0,56,0,2613.52,0,0
26,0,32.32,4177,Month-to-Month,0,Female,0,0,0,0,0,0,0,0,Mailed Check,0,3,0,12,0,387.84,0,0
36,20,10.97,6045,Two Year,1,Male,1,1,0,1,1,1,1,1,Credit Card,1,3,0,71,0,778.87,0,0
57,53,30.41,4275,Month-to-Month,0,Female,1,1,1,1,1,1,1,1,Credit Card,0,3,1,48,0,1459.68,1,0
78,25,43.66,5655,Month-to-Month,0,Male,1,0,0,0,0,0,1,0,Bank Withdrawal,0,2,0,2,0,87.32,0,1
51,56,39.55,5613,Month-to-Month,0,Female,1,0,1,1,0,1,1,0,Bank Withdrawal,1,3,0,3,1,118.65,0,0
22,82,25.33,5531,One Year,0,Female,1,0,0,0,0,1,1,0,Bank Withdrawal,0,3,0,39,1,987.87,0,0
53,20,31.49,2206,Month-to-Month,0,Male,1,1,0,1,0,0,1,1,Bank Withdrawal,0,1,1,18,0,566.82,0,1
23,27,0.0,6404,Two Year,0,Female,1,0,1,1,0,1,0,1,Bank Withdrawal,1,4,0,51,0,0.0,1,0
63,17,23.15,4240,Two Year,1,Female,1,1,0,0,1,1,1,0,Credit Card,0,4,1,70,0,1620.5,1,0
34,22,0.0,4699,Month-to-Month,0,Female,1,0,0,0,1,0,0,0,Credit Card,0,4,0,3,0,0.0,0,0
44,16,12.17,4126,One Year,0,Male,1,0,0,0,1,0,1,0,Bank Withdrawal,0,5,1,30,0,365.1,0,0
48,15,9.76,4480,One Year,1,Female,1,1,0,1,1,0,0,1,Credit Card,0,5,0,68,1,663.68,0,0
70,22,0.0,4277,Two Year,0,Female,1,0,0,0,1,0,1,1,Credit Card,0,3,1,60,1,0.0,0,0
47,4,0.0,5268,One Year,1,Male,1,0,0,0,0,1,1,0,Credit Card,0,3,0,43,0,0.0,0,0
72,30,14.65,2925,Two Year,1,Male,1,1,0,1,0,0,1,1,Bank Withdrawal,0,4,1,44,0,644.6,0,0
67,12,41.88,4025,One Year,0,Female,1,0,0,0,0,1,1,1,Bank Withdrawal,0,3,1,23,0,963.24,0,0
56,56,28.15,4749,Month-to-Month,1,Male,1,0,1,0,1,0,0,1,Bank Withdrawal,1,3,0,13,0,365.95,0,0
53,0,14.86,4808,Two Year,0,Male,0,0,1,1,0,0,0,1,Credit Card,0,5,0,71,0,1055.06,0,0
33,0,43.37,4015,Two Year,0,Female,0,1,0,0,0,0,1,1,Bank Withdrawal,0,4,0,71,0,3079.27,0,0
31,19,2.11,5534,Month-to-Month,0,Male,1,0,1,1,1,0,0,1,Credit Card,1,3,1,53,0,111.83,0,0
43,16,6.7,5282,Month-to-Month,0,Male,1,1,1,0,1,0,1,0,Credit Card,0,1,0,54,0,361.8,0,1
66,20,44.9,5261,Month-to-Month,0,Male,1,1,0,0,1,1,0,1,Bank Withdrawal,0,3,0,67,0,3008.3,0,0
62,0,17.61,2051,Month-to-Month,0,Male,0,0,0,0,0,0,0,0,Bank Withdrawal,0,2,0,1,0,17.61,0,1
45,19,20.53,5926,One Year,1,Female,1,1,0,0,1,0,1,1,Credit Card,1,4,0,56,0,1149.68,0,0
60,24,9.53,5421,Month-to-Month,1,Male,1,0,0,0,1,0,1,0,Bank Withdrawal,1,3,0,24,0,228.72,0,0
19,82,27.24,2177,Month-to-Month,0,Female,1,0,1,0,1,1,0,1,Mailed Check,1,3,0,23,0,626.52,0,0
58,11,20.93,5915,One Year,0,Male,1,0,1,0,1,1,1,0,Bank Withdrawal,1,4,1,54,1,1130.22,0,0
44,19,40.15,5701,Month-to-Month,0,Male,1,1,0,1,0,0,1,0,Bank Withdrawal,0,3,1,5,0,200.75,0,1
51,17,7.66,4390,Month-to-Month,0,Female,1,0,0,0,0,0,1,0,Bank Withdrawal,0,1,0,17,1,130.22,0,1
70,2,9.18,5211,Month-to-Month,1,Female,1,1,0,1,1,1,0,1,Bank Withdrawal,0,3,1,50,0,459.0,0,0
24,69,36.17,5712,One Year,0,Male,1,0,0,0,0,1,0,1,Credit Card,0,4,0,55,1,1989.35,0,0
61,21,49.2,4525,Month-to-Month,0,Male,1,0,1,1,0,0,1,1,Bank Withdrawal,0,2,0,6,0,295.2,0,1
21,53,32.85,5951,Month-to-Month,0,Male,1,0,0,1,0,0,1,0,Bank Withdrawal,0,1,1,1,0,32.85,0,1
31,0,9.33,4954,Two Year,0,Male,0,1,1,1,0,0,0,1,Credit Card,0,4,0,70,0,653.1,0,0
41,15,19.6,5905,Two Year,1,Female,1,1,0,1,1,1,0,0,Credit Card,1,3,1,72,0,1411.2,0,0
71,10,13.36,4204,Two Year,1,Male,1,1,0,1,0,1,0,0,Credit Card,1,3,0,69,0,921.84,0,0
48,21,27.24,5102,Month-to-Month,0,Male,1,0,0,1,0,1,1,1,Bank Withdrawal,1,2,0,22,0,599.28,0,1
71,11,18.23,6214,Two Year,0,Male,1,1,1,0,0,1,1,1,Bank Withdrawal,0,4,0,60,0,1093.8,1,0
74,0,27.95,5432,Month-to-Month,0,Female,0,0,0,0,0,0,0,0,Bank Withdrawal,0,2,0,8,0,223.6,0,1
37,19,0.0,4043,One Year,1,Male,1,0,0,0,1,0,1,0,Bank Withdrawal,0,5,0,69,1,0.0,0,0
20,82,43.47,6117,One Year,1,Female,1,1,0,0,0,1,1,0,Bank Withdrawal,0,3,1,54,0,2347.38,0,1
50,12,29.72,6316,One Year,0,Female,1,1,0,1,0,1,0,1,Bank Withdrawal,0,3,0,70,0,2080.4,0,0
60,19,44.05,5282,Month-to-Month,1,Male,1,0,1,1,0,0,0,1,Bank Withdrawal,0,3,1,13,0,572.65,0,0
42,30,39.03,5055,Month-to-Month,0,Male,1,0,0,1,0,0,1,0,Bank Withdrawal,0,1,1,2,1,78.06,0,1
43,16,5.52,3315,Month-to-Month,0,Male,1,1,1,1,1,0,1,1,Bank Withdrawal,0,5,0,46,0,253.92,0,0
24,73,41.21,4259,Two Year,1,Female,1,1,0,1,1,1,1,1,Credit Card,0,4,1,72,0,2967.12,0,0
36,5,27.88,6432,One Year,1,Male,1,1,0,1,1,0,1,1,Bank Withdrawal,0,5,1,61,1,1700.68,0,0
49,0,25.4,5398,One Year,0,Male,0,0,0,1,0,0,1,0,Bank Withdrawal,0,3,0,45,0,1143.0,0,1
64,27,2.67,4584,One Year,0,Female,1,0,0,0,0,0,1,0,Bank Withdrawal,1,5,1,30,0,80.1,0,0
64,11,36.15,3571,One Year,1,Male,1,1,1,0,0,0,1,1,Credit Card,1,3,1,22,0,795.3,0,0
29,73,31.97,4111,Two Year,1,Male,1,1,0,1,0,1,1,1,Credit Card,1,3,1,71,0,2269.87,0,0
63,0,3.14,3413,Two Year,0,Female,0,0,1,1,0,0,0,1,Credit Card,0,3,0,42,0,131.88,0,0
49,53,0.0,5498,Two Year,0,Female,1,0,1,0,1,0,0,1,Credit Card,1,3,1,72,0,0.0,0,0
39,7,31.88,3567,Month-to-Month,0,Male,1,0,0,0,0,0,1,0,Bank Withdrawal,0,2,1,3,0,95.64,0,1
64,23,32.49,5546,Month-to-Month,0,Male,1,0,0,0,0,0,1,0,Bank Withdrawal,0,1,1,24,0,779.76,0,1
32,18,49.26,4736,Two Year,1,Female,1,1,1,1,0,1,0,1,Credit Card,1,3,0,46,0,2265.96,1,0
39,15,42.62,4172,One Year,0,Female,1,0,0,0,1,0,1,0,Credit Card,0,5,0,13,0,554.06,0,0
27,47,0.0,5040,One Year,1,Male,1,0,1,1,0,1,0,1,Bank Withdrawal,1,3,0,47,0,0.0,0,0
21,71,14.19,4773,Two Year,1,Male,1,1,0,0,1,0,1,1,Bank Withdrawal,1,4,1,72,0,1021.68,0,0
59,26,12.3,3012,Month-to-Month,0,Female,1,1,0,0,0,1,1,1,Bank Withdrawal,1,4,0,34,0,418.2,0,0
50,0,7.31,4910,One Year,0,Female,0,0,1,0,0,0,0,1,Bank Withdrawal,0,5,0,20,0,146.2,0,0
63,22,48.31,4879,Month-to-Month,0,Female,1,0,0,1,0,0,1,0,Mailed Check,0,3,0,1,0,48.31,0,1
61,7,14.67,4479,Two Year,1,Male,1,1,0,0,0,1,0,0,Bank Withdrawal,0,3,1,71,0,1041.57,0,0
54,4,45.8,4334,Month-to-Month,0,Male,1,1,0,1,1,1,1,0,Bank Withdrawal,1,3,0,12,0,549.6,0,0
48,25,37.79,2269,Month-to-Month,0,Female,1,0,0,0,0,1,1,0,Bank Withdrawal,0,3,0,8,1,302.32,1,1
51,30,30.52,5679,Month-to-Month,0,Female,1,1,0,1,0,0,1,0,Bank Withdrawal,0,3,0,1,0,30.52,0,1
56,28,25.3,3282,Month-to-Month,1,Male,1,0,0,1,0,0,1,1,Credit Card,1,4,0,31,0,784.3,0,0
68,4,26.11,5394,Month-to-Month,0,Male,1,0,0,0,0,0,1,0,Bank Withdrawal,0,1,1,13,1,339.43,1,1
53,13,0.0,5750,Month-to-Month,0,Female,1,0,0,0,1,0,0,0,Bank Withdrawal,1,3,0,68,0,0.0,0,0
80,5,42.91,2571,Month-to-Month,0,Male,1,1,0,0,1,0,1,0,Bank Withdrawal,0,3,0,27,0,1158.57,0,1
20,52,8.48,2278,Month-to-Month,1,Male,1,0,0,1,0,1,1,0,Bank Withdrawal,0,4,0,11,0,93.28,0,0
35,76,48.04,6399,One Year,0,Female,1,1,1,1,1,1,0,1,Bank Withdrawal,0,4,1,60,0,2882.4,0,0
49,0,8.91,4671,Two Year,0,Female,0,1,0,0,0,0,0,1,Bank Withdrawal,0,4,0,62,0,552.42,0,0
32,0,31.7,4821,Two Year,0,Male,0,0,1,0,0,0,0,1,Credit Card,0,3,0,19,0,602.3,0,0
45,57,26.66,4970,Month-to-Month,0,Female,1,0,1,0,1,0,1,1,Bank Withdrawal,0,5,1,32,1,853.12,0,0
41,15,41.83,5357,Month-to-Month,0,Female,1,1,0,1,1,0,0,1,Bank Withdrawal,0,4,0,43,0,1798.69,0,0
37,24,46.18,5344,One Year,0,Male,1,0,0,0,0,0,1,1,Bank Withdrawal,0,5,0,56,0,2586.08,0,0
63,27,6.43,5286,Month-to-Month,0,Female,1,0,0,1,0,0,1,0,Bank Withdrawal,0,4,0,1,1,6.43,0,0
59,0,9.61,3007,Month-to-Month,0,Male,0,0,0,1,0,0,1,0,Credit Card,0,4,0,2,0,19.22,0,0
36,26,25.16,4732,Two Year,1,Female,1,1,1,0,1,0,0,1,Bank Withdrawal,1,4,1,68,0,1710.88,0,0
23,0,22.08,5418,One Year,0,Female,0,1,0,1,0,0,1,1,Bank Withdrawal,0,4,0,69,0,1523.52,0,0
54,52,47.06,5756,Month-to-Month,0,Female,1,0,1,0,0,1,1,1,Mailed Check,0,4,0,5,1,235.3,0,0
57,2,0.0,2038,Month-to-Month,0,Female,1,0,0,0,1,0,1,0,Credit Card,0,3,0,8,0,0.0,0,0
42,14,41.18,3051,Month-to-Month,0,Male,1,1,0,0,1,0,1,0,Bank Withdrawal,0,3,0,2,0,82.36,0,1
29,46,13.04,5341,Month-to-Month,0,Female,1,0,0,1,0,0,1,0,Credit Card,0,3,0,1,0,13.04,0,1
80,27,11.55,6335,One Year,1,Female,1,1,0,1,1,1,0,1,Bank Withdrawal,1,3,0,56,0,646.8,1,0
19,82,4.39,4695,One Year,1,Female,1,1,0,1,0,1,1,1,Credit Card,0,4,1,71,0,311.69,0,0
71,18,26.49,3202,One Year,0,Male,1,0,0,0,0,1,0,1,Credit Card,1,3,1,34,0,900.66,0,0
41,29,33.22,3517,One Year,0,Female,1,1,0,1,1,0,1,1,Bank Withdrawal,1,3,1,46,1,1528.12,0,0
26,52,0.0,2802,Month-to-Month,0,Female,1,0,0,1,0,1,0,0,Mailed Check,1,1,0,3,0,0.0,0,1
19,59,0.0,4161,One Year,0,Male,1,0,0,0,0,0,1,0,Credit Card,0,5,0,29,0,0.0,0,0
51,19,12.13,4548,Month-to-Month,0,Male,1,0,0,1,0,0,1,0,Bank Withdrawal,0,1,0,1,0,12.13,0,1
71,11,4.89,5795,Month-to-Month,0,Male,1,1,0,0,0,0,1,1,Bank Withdrawal,0,1,1,1,0,4.89,0,1
53,28,15.09,2191,Month-to-Month,0,Male,1,0,0,0,0,1,0,0,Credit Card,1,3,0,27,0,407.43,0,0
47,2,24.76,4193,Month-to-Month,0,Male,1,1,0,1,0,0,1,0,Bank Withdrawal,0,3,0,8,0,198.08,0,1
29,59,33.98,4163,Month-to-Month,0,Male,1,1,0,0,0,1,1,0,Credit Card,0,4,0,10,0,339.8,0,0
40,0,44.68,3753,Two Year,0,Female,0,1,1,0,0,0,1,1,Bank Withdrawal,0,4,0,37,0,1653.16,0,0
70,30,16.85,3320,Month-to-Month,1,Female,1,0,0,0,0,0,1,0,Credit Card,0,3,0,10,0,168.5,0,1
19,52,40.96,4171,Month-to-Month,1,Female,1,0,0,1,0,1,0,0,Bank Withdrawal,0,4,0,11,1,450.56,0,0
60,13,32.43,4167,Month-to-Month,0,Male,1,0,0,0,0,0,1,1,Bank Withdrawal,0,1,1,4,0,129.72,0,1
78,3,35.65,5651,Two Year,0,Female,1,0,0,0,0,0,0,0,Credit Card,0,5,0,49,0,1746.85,1,0
32,11,45.35,3546,One Year,0,Male,1,0,0,1,1,1,0,1,Credit Card,0,4,0,17,0,770.95,0,0
20,52,0.0,3522,One Year,1,Male,1,0,1,0,0,1,0,1,Credit Card,0,3,1,17,0,0.0,0,0
57,0,22.55,5186,One Year,0,Female,0,0,0,1,0,0,0,0,Mailed Check,0,4,0,52,0,1172.6,0,0
47,12,49.49,5168,Month-to-Month,0,Male,1,0,1,0,1,1,0,1,Bank Withdrawal,0,3,0,64,0,3167.36,0,0
64,0,20.49,5453,Two Year,0,Male,0,1,1,0,0,0,0,1,Credit Card,0,5,0,39,0,799.11,0,0
42,17,35.96,3740,Month-to-Month,0,Female,1,0,0,1,0,0,1,1,Credit Card,1,3,0,18,0,647.28,0,0
40,0,49.52,5880,One Year,0,Male,0,0,0,1,0,0,0,0,Credit Card,0,4,0,29,0,1436.08,0,0
23,73,38.04,5156,One Year,0,Male,1,1,0,0,1,1,0,0,Bank Withdrawal,0,3,0,26,0,989.04,0,0
37,29,18.26,2075,Month-to-Month,1,Male,1,1,0,1,1,0,1,1,Bank Withdrawal,0,1,1,42,0,766.92,1,1
30,41,10.79,4873,Month-to-Month,0,Female,1,1,0,1,0,0,1,1,Bank Withdrawal,0,2,0,42,0,453.18,1,1
25,59,35.9,4422,One Year,1,Male,1,1,1,1,1,1,0,1,Bank Withdrawal,1,4,0,70,0,2513.0,0,0
44,0,30.34,4943,Month-to-Month,0,Female,0,0,1,0,0,0,0,1,Credit Card,0,4,0,3,0,91.02,0,0
62,27,7.48,4221,Two Year,1,Male,1,1,1,0,1,0,1,1,Bank Withdrawal,1,3,1,45,0,336.6,0,0
46,15,0.0,2613,Month-to-Month,0,Female,1,0,1,1,0,1,0,1,Credit Card,0,1,0,3,0,0.0,0,1
52,27,7.64,2323,Month-to-Month,0,Female,1,0,0,1,0,0,0,0,Bank Withdrawal,0,2,0,2,0,15.28,0,1
49,30,41.46,4620,One Year,0,Female,1,1,0,1,0,1,0,1,Bank Withdrawal,1,3,0,68,1,2819.28,0,0
44,0,31.01,4486,One Year,0,Female,0,0,1,0,0,0,0,0,Bank Withdrawal,0,3,0,2,0,62.02,0,0
36,0,26.83,5434,Two Year,0,Male,0,1,1,0,0,0,0,1,Mailed Check,0,4,0,68,0,1824.44,0,0
31,0,3.05,4344,Month-to-Month,0,Female,0,0,0,0,0,0,0,0,Credit Card,0,5,0,4,0,12.2,0,0
52,0,2.29,2285,Month-to-Month,0,Male,0,0,0,1,0,0,0,0,Bank Withdrawal,0,3,0,1,0,2.29,0,0
56,24,12.94,5195,One Year,0,Female,1,0,1,1,0,0,1,1,Bank Withdrawal,0,3,0,28,0,362.32,0,0
55,20,39.6,4639,Month-to-Month,0,Male,1,1,0,1,0,0,0,1,Bank Withdrawal,0,3,1,49,0,1940.4,0,1
60,3,25.66,2921,Month-to-Month,1,Female,1,1,0,1,0,0,1,0,Bank Withdrawal,0,3,1,26,0,667.16,0,0
70,5,12.08,4149,One Year,0,Female,1,1,0,1,1,1,0,0,Bank Withdrawal,1,1,1,54,0,652.32,0,1
60,23,48.97,4490,Month-to-Month,0,Male,1,0,0,1,0,0,1,0,Bank Withdrawal,0,2,1,1,0,48.97,0,1
56,22,49.4,2182,Month-to-Month,0,Female,1,1,0,0,0,1,1,0,Bank Withdrawal,0,4,0,5,1,247.0,0,0
48,0,31.85,4246,Two Year,0,Female,0,0,1,1,0,0,0,1,Credit Card,0,3,0,19,0,605.15,1,0
69,29,24.62,6488,Two Year,1,Female,1,0,0,1,0,1,1,1,Credit Card,1,4,1,62,0,1526.44,0,0
55,30,17.17,4111,Month-to-Month,0,Male,1,1,0,1,1,1,1,0,Bank Withdrawal,0,4,1,39,0,669.63,0,0
59,14,23.89,2632,Month-to-Month,1,Male,1,1,0,0,1,0,1,0,Bank Withdrawal,0,1,1,8,0,191.12,0,1
71,4,21.49,3111,One Year,0,Female,1,0,0,0,0,0,0,0,Bank Withdrawal,0,5,1,20,0,429.8,0,0
47,53,16.22,2950,Month-to-Month,1,Female,1,0,1,0,1,1,1,1,Bank Withdrawal,1,3,1,7,0,113.54,0,0
27,69,2.73,4162,Two Year,0,Female,1,0,0,0,1,0,1,1,Credit Card,0,5,0,69,0,188.37,0,0
31,0,21.98,6315,Two Year,0,Male,0,0,1,0,0,0,0,1,Credit Card,0,5,0,60,0,1318.8,0,0
23,41,26.73,5604,One Year,0,Male,1,1,0,0,1,1,0,1,Credit Card,1,3,1,51,0,1363.23,1,0
42,0,20.74,5302,Two Year,0,Female,0,1,1,0,0,0,0,1,Mailed Check,0,3,0,24,0,497.76,0,0
52,57,27.38,4325,Month-to-Month,0,Female,1,1,1,1,1,0,1,1,Bank Withdrawal,0,5,1,49,0,1341.62,0,0
54,16,3.76,3969,Month-to-Month,0,Male,1,0,0,0,1,0,0,0,Bank Withdrawal,0,4,0,2,0,7.52,0,0
32,21,6.19,5036,Month-to-Month,1,Male,1,0,1,1,1,0,0,1,Bank Withdrawal,0,3,0,30,1,185.7,0,0
37,25,0.0,3248,Two Year,1,Female,1,0,1,0,1,1,1,1,Credit Card,0,3,1,47,0,0.0,0,0
69,11,48.32,2893,Month-to-Month,0,Male,1,0,0,1,0,0,1,0,Bank Withdrawal,0,5,1,6,0,289.92,0,0
52,10,17.83,3740,Month-to-Month,0,Female,1,0,0,0,0,0,0,1,Bank Withdrawal,0,2,1,13,0,231.79,0,1
63,0,6.54,2021,Two Year,0,Male,0,0,0,0,0,0,0,1,Credit Card,0,5,0,47,0,307.38,0,0
73,26,3.23,5245,Month-to-Month,1,Male,1,1,0,0,1,0,1,0,Credit Card,0,3,1,24,0,77.52,0,1
27,51,13.11,3410,Month-to-Month,0,Female,1,1,0,0,0,1,1,1,Bank Withdrawal,1,1,1,22,0,288.42,0,1
38,13,35.75,3286,Two Year,1,Female,1,1,0,1,0,1,1,0,Credit Card,1,3,0,47,0,1680.25,0,0
60,8,40.66,4519,Month-to-Month,0,Female,1,1,0,1,0,1,1,0,Mailed Check,0,2,0,15,0,609.9,0,1
25,52,33.57,5530,Month-to-Month,1,Male,1,1,0,0,1,0,0,1,Credit Card,0,5,1,28,0,939.96,0,0
66,4,46.62,5636,One Year,1,Male,1,0,0,0,1,0,1,1,Bank Withdrawal,0,4,1,57,0,2657.34,0,0
49,0,45.28,2403,One Year,0,Male,0,0,0,0,0,0,1,1,Bank Withdrawal,0,5,0,26,0,1177.28,0,0
64,6,0.0,5924,Month-to-Month,1,Female,1,0,0,1,0,0,1,0,Credit Card,0,5,0,37,0,0.0,0,0
35,27,19.18,4748,Month-to-Month,1,Male,1,0,0,1,1,0,1,1,Bank Withdrawal,0,2,0,9,0,172.62,0,1
22,52,34.4,3913,Month-to-Month,1,Male,1,0,1,0,0,0,0,0,Bank Withdrawal,0,1,0,1,0,34.4,0,1
76,17,17.12,2502,One Year,1,Female,1,0,0,0,0,0,0,1,Credit Card,0,5,0,26,0,445.12,0,0
25,30,17.51,3425,Month-to-Month,0,Female,1,1,1,1,0,1,0,0,Credit Card,0,3,0,18,0,315.18,0,0
39,19,41.29,3083,Month-to-Month,1,Female,1,1,1,0,1,0,1,1,Credit Card,0,3,1,6,0,247.74,0,0
63,9,44.09,5557,Month-to-Month,1,Female,1,1,0,1,0,0,1,0,Credit Card,0,3,1,24,0,1058.16,0,0
26,0,48.39,3152,One Year,0,Male,0,0,0,1,0,0,0,1,Credit Card,0,5,0,8,0,387.12,0,0
36,16,11.24,2663,Month-to-Month,0,Male,1,0,0,0,0,0,1,1,Bank Withdrawal,0,1,0,29,0,325.96,0,1
32,19,7.83,2299,Month-to-Month,0,Female,1,1,0,0,0,1,1,0,Credit Card,0,4,0,41,0,321.03,0,0
29,0,27.16,5265,Two Year,0,Male,0,0,1,1,0,0,0,1,Bank Withdrawal,0,3,0,72,0,1955.52,0,0
48,13,40.35,3178,Month-to-Month,0,Male,1,0,0,0,1,0,1,0,Bank Withdrawal,0,3,1,26,0,1049.1,0,0
28,59,20.41,4854,One Year,1,Female,1,1,1,0,1,0,1,1,Bank Withdrawal,1,5,1,41,0,836.81,0,0
19,51,44.46,4903,Month-to-Month,0,Female,1,0,0,1,0,0,0,1,Credit Card,0,2,0,3,0,133.38,0,1
71,9,22.3,5318,Month-to-Month,1,Male,1,0,0,0,0,0,0,1,Bank Withdrawal,0,5,1,21,0,468.3,0,0
52,8,28.86,5152,Two Year,1,Male,1,1,0,0,1,1,1,1,Bank Withdrawal,0,3,0,72,0,2077.92,0,0
76,19,30.16,4485,One Year,1,Male,1,0,1,1,1,1,1,1,Bank Withdrawal,0,3,0,71,0,2141.36,0,0
80,12,48.8,6268,One Year,1,Male,1,1,0,1,0,1,1,1,Bank Withdrawal,0,1,1,56,0,2732.8,0,1
79,27,34.69,5154,Month-to-Month,0,Female,1,0,0,1,0,0,1,0,Bank Withdrawal,0,3,1,26,0,901.94,0,1
31,26,12.15,5372,Month-to-Month,1,Female,1,1,1,0,0,0,1,0,Bank Withdrawal,0,3,1,8,0,97.2,0,1
58,23,0.0,4021,Month-to-Month,0,Female,1,0,0,0,0,0,1,0,Credit Card,0,5,1,56,0,0.0,0,0
47,17,27.8,4296,Month-to-Month,0,Male,1,0,0,1,0,0,1,0,Bank Withdrawal,0,3,1,14,0,389.2,0,0
74,10,13.17,2671,Month-to-Month,0,Female,1,0,0,1,0,0,1,0,Bank Withdrawal,0,3,0,2,0,26.34,0,1
27,85,0.0,2649,Month-to-Month,0,Female,1,0,0,0,0,0,1,0,Bank Withdrawal,0,2,0,18,1,0.0,0,1
27,52,42.88,6292,Month-to-Month,0,Male,1,1,0,1,1,0,1,0,Bank Withdrawal,0,3,1,60,0,2572.8,0,0
49,0,48.03,4137,Month-to-Month,0,Female,0,0,0,1,0,0,0,1,Bank Withdrawal,0,3,0,20,0,960.6,0,0
71,29,4.65,4795,Month-to-Month,0,Male,1,0,0,0,1,0,1,1,Bank Withdrawal,0,3,0,30,0,139.5,0,1
33,20,39.19,4011,Month-to-Month,0,Female,1,0,0,1,0,0,1,0,Bank Withdrawal,1,5,1,9,0,352.71,0,0
22,59,23.7,6188,Two Year,1,Male,1,1,1,1,0,0,1,1,Credit Card,0,3,0,72,1,1706.4,0,0
64,16,43.48,4531,Month-to-Month,0,Female,1,0,1,1,1,1,1,0,Bank Withdrawal,1,1,0,1,1,43.48,0,1
27,0,16.74,2333,Month-to-Month,0,Female,0,0,1,1,0,0,0,1,Credit Card,0,5,0,13,0,217.62,0,0
33,22,10.5,4095,Month-to-Month,0,Male,1,1,0,1,0,0,1,1,Credit Card,0,3,1,30,0,315.0,0,1
64,19,2.03,5764,Month-to-Month,1,Female,1,1,0,1,0,0,1,1,Bank Withdrawal,1,2,0,40,0,81.2,0,1
60,0,49.8,5397,Two Year,0,Male,0,0,0,1,0,0,0,0,Credit Card,0,4,0,11,0,547.8,0,0
72,5,2.97,2469,Two Year,0,Male,1,0,0,1,0,0,1,0,Bank Withdrawal,0,3,0,1,0,2.97,0,0
19,69,24.35,4033,One Year,0,Female,1,0,0,0,1,0,0,0,Bank Withdrawal,0,4,1,19,0,462.65,0,0
26,53,11.51,4690,Month-to-Month,1,Female,1,1,1,1,0,0,1,1,Bank Withdrawal,1,3,1,2,0,23.02,1,1
72,18,3.33,4638,Month-to-Month,1,Female,1,1,1,1,0,0,1,0,Bank Withdrawal,0,1,0,27,1,89.91,0,1
76,29,24.42,2848,Two Year,0,Male,1,0,0,1,0,0,1,1,Bank Withdrawal,0,3,0,11,0,268.62,0,0
23,0,45.12,4106,Two Year,0,Female,0,1,0,0,0,0,1,1,Credit Card,0,3,0,69,0,3113.28,0,0
75,15,28.25,4912,Month-to-Month,1,Female,1,0,1,0,1,0,1,1,Credit Card,1,3,1,57,0,1610.25,0,0
74,24,11.31,4777,Month-to-Month,0,Male,1,0,0,0,0,0,0,0,Credit Card,0,3,1,14,0,158.34,0,1
45,15,10.83,5277,Month-to-Month,0,Female,1,0,0,0,0,1,0,0,Bank Withdrawal,0,4,0,1,0,10.83,0,0
54,20,0.0,5028,Month-to-Month,0,Male,1,0,0,0,0,0,1,0,Bank Withdrawal,0,1,1,9,1,0.0,0,1
32,57,11.31,4743,Two Year,0,Male,1,1,1,0,0,1,0,1,Bank Withdrawal,1,3,1,67,0,757.77,0,0
54,21,0.0,5097,Month-to-Month,0,Female,1,0,0,0,0,0,0,0,Bank Withdrawal,0,4,0,35,1,0.0,0,0
57,53,23.41,5280,One Year,1,Male,1,1,1,1,0,1,0,1,Bank Withdrawal,1,4,1,71,0,1662.11,0,0
70,2,7.23,5844,Month-to-Month,0,Male,1,0,0,0,0,0,1,0,Bank Withdrawal,0,2,0,1,0,7.23,0,1
26,0,32.3,5745,Two Year,0,Male,0,0,1,0,0,0,0,1,Credit Card,0,5,0,36,0,1162.8,0,0
23,51,43.01,5263,One Year,0,Male,1,0,1,1,0,0,0,1,Credit Card,0,5,1,37,0,1591.37,0,0
56,28,46.66,4331,Month-to-Month,0,Female,1,0,1,1,0,1,0,1,Credit Card,0,3,0,27,0,1259.82,0,0
29,51,33.28,5442,Month-to-Month,1,Female,1,1,1,1,1,0,0,1,Bank Withdrawal,0,3,0,32,0,1064.96,0,0
58,0,40.39,5327,One Year,0,Male,0,0,0,1,0,0,0,0,Credit Card,0,4,0,28,0,1130.92,0,0
52,0,15.5,2231,Month-to-Month,0,Male,0,0,1,0,0,0,0,0,Mailed Check,0,5,0,6,0,93.0,0,0
37,6,0.0,3784,Month-to-Month,0,Male,1,0,0,1,0,0,1,0,Bank Withdrawal,0,4,0,19,0,0.0,0,0
79,0,44.91,5644,One Year,0,Male,0,1,0,0,0,0,0,1,Credit Card,0,4,0,45,0,2020.95,0,0
65,28,47.16,4017,One Year,1,Male,1,0,0,1,0,0,0,1,Credit Card,1,3,0,36,0,1697.76,1,0
25,41,11.5,3094,Month-to-Month,0,Male,1,0,0,0,1,1,1,0,Credit Card,1,4,0,4,0,46.0,0,0
22,52,44.24,5680,One Year,1,Male,1,1,0,0,1,1,1,0,Credit Card,1,3,1,60,0,2654.4,0,0
53,0,9.14,4489,Month-to-Month,0,Male,0,0,0,0,0,0,0,0,Bank Withdrawal,0,3,0,7,0,63.98,0,1
37,16,25.51,5928,One Year,1,Male,1,0,0,0,0,0,1,0,Bank Withdrawal,0,1,1,35,0,892.85,0,1
38,2,15.62,3757,Month-to-Month,0,Female,1,0,0,0,0,0,0,0,Bank Withdrawal,0,1,0,9,0,140.58,0,1
58,13,48.0,4120,Two Year,1,Male,1,1,0,1,1,1,1,1,Credit Card,0,3,1,70,0,3360.0,0,0
49,2,16.28,5963,Month-to-Month,1,Male,1,1,0,1,0,0,1,0,Credit Card,1,1,1,23,0,374.44,0,1
24,41,41.33,2701,Month-to-Month,0,Male,1,0,0,1,0,1,1,1,Bank Withdrawal,0,4,1,36,0,1487.88,1,0
59,11,0.0,3461,Two Year,1,Female,1,0,1,0,1,1,0,0,Credit Card,1,4,1,21,0,0.0,1,0
77,26,0.0,2030,Two Year,1,Female,1,0,0,0,0,0,1,0,Bank Withdrawal,0,4,1,35,0,0.0,0,0
49,0,16.59,5316,Two Year,0,Male,0,0,1,1,0,0,0,0,Credit Card,0,3,0,60,0,995.4,0,0
65,11,18.92,4287,Month-to-Month,0,Male,1,1,0,0,0,0,1,0,Bank Withdrawal,0,3,1,50,0,946.0,0,1
49,5,19.98,5533,Month-to-Month,0,Male,1,0,0,1,0,0,1,0,Bank Withdrawal,0,1,0,1,0,19.98,0,1
78,30,14.94,4008,Two Year,1,Female,1,1,0,1,1,1,1,0,Credit Card,1,4,1,72,0,1075.68,0,0
21,48,36.14,4487,Two Year,1,Female,1,0,0,0,1,0,0,0,Mailed Check,1,3,1,57,0,2059.98,0,0
36,8,19.0,4099,Month-to-Month,1,Male,1,0,0,1,1,0,1,1,Credit Card,0,3,0,8,0,152.0,0,0
34,30,44.65,4024,Month-to-Month,1,Male,1,1,0,1,1,0,0,0,Bank Withdrawal,0,3,1,5,0,223.25,0,0
46,29,0.0,3080,Month-to-Month,1,Female,1,0,0,0,0,0,1,0,Credit Card,1,4,1,26,0,0.0,0,0
33,0,32.86,3573,One Year,0,Female,0,0,0,1,0,0,0,1,Credit Card,0,3,0,24,0,788.64,0,0
57,30,10.97,6450,Two Year,1,Male,1,1,0,1,1,0,0,1,Bank Withdrawal,1,4,1,72,0,789.84,0,0
50,29,15.94,5958,One Year,0,Female,1,1,1,1,1,0,1,1,Bank Withdrawal,1,4,0,68,0,1083.92,1,0
23,58,13.13,2615,Two Year,1,Male,1,1,0,1,0,0,0,1,Credit Card,1,3,1,37,0,485.81,0,0
37,57,20.76,2132,Month-to-Month,1,Male,1,1,1,1,0,1,0,1,Bank Withdrawal,1,3,0,31,0,643.56,0,0
28,73,35.99,4363,One Year,0,Female,1,0,0,1,1,1,0,0,Credit Card,1,3,0,67,0,2411.33,0,0
32,24,32.91,2610,Month-to-Month,0,Male,1,0,0,0,0,0,0,0,Credit Card,0,5,0,5,1,164.55,0,0
77,23,14.12,5232,Two Year,0,Female,1,1,0,1,1,1,1,0,Bank Withdrawal,1,4,1,72,0,1016.64,1,0
76,27,28.11,3716,Month-to-Month,0,Male,1,1,0,0,0,0,0,1,Bank Withdrawal,0,2,0,4,0,112.44,0,1
55,0,23.46,3087,Two Year,0,Female,0,0,0,0,0,0,0,0,Credit Card,0,3,0,8,0,187.68,0,0
33,7,40.67,4352,Month-to-Month,0,Female,1,0,0,0,0,0,0,1,Bank Withdrawal,1,5,0,34,0,1382.78,0,0
24,59,36.26,4123,Month-to-Month,1,Male,1,1,0,0,1,0,1,1,Bank Withdrawal,1,3,1,21,1,761.46,0,1
50,16,4.11,4412,Two Year,1,Female,1,1,1,1,1,1,0,1,Bank Withdrawal,1,4,1,70,0,287.7,0,0
27,85,3.86,5973,Two Year,0,Male,1,1,0,1,1,0,1,1,Credit Card,1,4,1,71,0,274.06,0,0
37,4,43.27,2929,Two Year,1,Male,1,0,0,0,0,1,0,1,Credit Card,0,3,0,45,1,1947.15,0,0
43,22,15.6,5739,Month-to-Month,0,Male,1,1,0,0,1,0,0,0,Bank Withdrawal,0,5,0,10,0,156.0,0,0
51,18,28.0,5503,Month-to-Month,0,Male,1,1,0,0,1,0,1,0,Bank Withdrawal,1,3,1,34,0,952.0,0,0
38,0,16.91,3478,Month-to-Month,0,Male,0,0,1,0,0,0,1,0,Credit Card,0,4,0,6,0,101.46,0,0
39,21,9.05,4884,Month-to-Month,0,Female,1,0,0,1,1,0,1,0,Bank Withdrawal,0,3,0,1,0,9.05,0,1
47,11,22.49,5436,Two Year,1,Male,1,1,1,1,1,0,1,1,Bank Withdrawal,0,4,1,69,0,1551.81,0,0
38,0,16.94,3114,Two Year,0,Male,0,0,1,0,0,0,0,0,Credit Card,0,4,0,32,0,542.08,0,0
33,0,7.49,4633,Month-to-Month,0,Female,0,0,1,0,0,0,1,1,Bank Withdrawal,0,3,0,1,0,7.49,0,1
36,12,13.45,2777,Month-to-Month,0,Male,1,0,0,0,0,0,0,1,Bank Withdrawal,0,3,1,34,0,457.3,0,1
27,59,4.05,4253,Month-to-Month,1,Male,1,0,0,0,0,0,0,1,Credit Card,0,3,0,14,0,56.7,0,0
24,51,34.43,3628,Month-to-Month,1,Male,1,0,0,0,0,1,1,0,Credit Card,1,3,1,9,0,309.87,0,0
79,30,14.39,3471,Two Year,0,Female,1,1,1,0,0,0,1,1,Bank Withdrawal,0,3,1,14,0,201.46,0,0
35,12,10.5,4304,Month-to-Month,1,Female,1,1,0,0,0,0,1,0,Bank Withdrawal,1,5,1,48,0,504.0,0,0
54,0,39.84,2428,Month-to-Month,0,Female,0,0,0,1,0,0,0,0,Bank Withdrawal,0,2,0,15,0,597.6,0,1
50,25,19.3,3469,Month-to-Month,0,Female,1,1,0,0,0,0,0,0,Bank Withdrawal,0,3,0,5,1,96.5,0,0
69,12,6.18,4510,Month-to-Month,0,Male,1,0,0,1,0,0,1,0,Bank Withdrawal,0,4,0,4,0,24.72,0,0
54,26,6.78,2008,Month-to-Month,0,Female,1,1,0,1,0,1,1,0,Bank Withdrawal,0,1,1,13,0,88.14,1,1
60,19,22.61,5564,Month-to-Month,0,Female,1,0,0,0,1,0,1,0,Bank Withdrawal,0,5,1,17,0,384.37,0,0
43,0,46.94,4283,Month-to-Month,0,Female,0,0,0,0,0,0,1,0,Bank Withdrawal,0,4,0,9,0,422.46,0,0
30,26,48.8,4020,Month-to-Month,1,Male,1,1,0,1,0,0,1,1,Credit Card,0,3,1,69,0,3367.2,0,1
71,27,28.3,4036,One Year,0,Male,1,1,1,0,1,0,0,1,Bank Withdrawal,0,5,1,38,0,1075.4,0,0
25,0,22.05,4603,Two Year,0,Female,0,0,1,0,0,0,1,1,Credit Card,0,4,0,72,0,1587.6,0,0
30,69,40.25,4510,One Year,1,Female,1,1,0,1,0,1,0,0,Credit Card,0,4,1,47,0,1891.75,0,0
64,25,21.52,4620,Month-to-Month,0,Female,1,0,0,0,0,0,0,0,Bank Withdrawal,0,2,0,1,0,21.52,0,1
62,17,6.77,5843,One Year,0,Female,1,0,0,0,0,0,0,0,Bank Withdrawal,1,4,0,39,0,264.03,0,0
80,0,7.03,4577,Two Year,0,Male,0,0,0,0,0,0,0,0,Bank Withdrawal,0,5,0,2,0,14.06,0,0
66,5,41.85,5242,Two Year,0,Male,1,0,0,1,0,0,1,0,Bank Withdrawal,0,4,0,8,0,334.8,0,0
20,42,28.16,5598,Month-to-Month,0,Male,1,1,0,0,0,0,1,0,Credit Card,1,1,1,12,1,337.92,0,1
30,52,25.39,4212,Month-to-Month,1,Male,1,1,0,1,0,0,0,0,Bank Withdrawal,0,3,0,1,0,25.39,0,1
29,0,46.53,4267,Month-to-Month,0,Male,0,0,0,0,0,0,1,0,Bank Withdrawal,0,3,0,4,0,186.12,0,0
19,0,24.72,4412,Two Year,0,Female,0,1,0,1,0,0,1,1,Credit Card,0,5,0,71,0,1755.12,0,0
42,0,21.59,4939,Month-to-Month,0,Female,0,0,0,1,0,0,1,0,Mailed Check,0,3,0,1,0,21.59,0,1
30,52,5.78,5715,Month-to-Month,0,Male,1,0,0,1,0,0,1,0,Bank Withdrawal,0,2,1,5,1,28.9,1,1
35,7,14.39,4934,Two Year,1,Male,1,1,0,1,1,0,0,0,Credit Card,1,4,1,64,0,920.96,0,0
36,16,24.13,3150,Month-to-Month,0,Male,1,0,0,1,0,0,1,0,Credit Card,0,5,0,46,0,1109.98,0,0
20,53,23.45,4621,Month-to-Month,0,Female,1,1,0,0,1,0,1,1,Credit Card,0,3,0,55,0,1289.75,0,0
42,0,16.59,4018,One Year,0,Male,0,0,0,0,0,0,0,0,Credit Card,0,3,0,12,0,199.08,0,0
49,12,46.45,2683,Month-to-Month,1,Female,1,1,1,1,0,1,1,1,Bank Withdrawal,1,3,1,16,0,743.2,0,0
80,24,29.12,6080,Two Year,0,Female,1,0,0,1,1,1,1,0,Credit Card,1,1,1,64,0,1863.68,0,1
19,59,2.63,5978,One Year,0,Male,1,0,1,1,1,1,0,0,Credit Card,0,4,0,27,1,71.01,0,0
56,0,6.93,5761,Month-to-Month,0,Male,0,0,0,0,0,0,0,0,Bank Withdrawal,0,5,0,6,0,41.58,0,0
27,0,49.51,5657,Month-to-Month,0,Female,0,0,1,1,0,0,0,1,Credit Card,0,4,0,22,0,1089.22,0,0
32,0,39.61,2664,Month-to-Month,0,Male,0,0,0,0,0,0,0,0,Mailed Check,0,5,0,1,0,39.61,0,0
72,6,0.0,4272,Month-to-Month,0,Female,1,0,0,0,1,1,1,0,Bank Withdrawal,0,1,1,40,1,0.0,0,1
45,13,1.27,5038,Two Year,1,Female,1,1,0,1,0,1,1,1,Credit Card,0,4,1,64,0,81.28,0,0
40,0,12.82,4146,Month-to-Month,0,Female,0,0,1,0,0,0,0,1,Credit Card,0,5,0,16,0,205.12,1,0
51,22,16.63,3200,One Year,1,Male,1,0,0,1,1,0,0,1,Credit Card,1,4,0,23,1,382.49,0,0
19,76,12.59,4623,Month-to-Month,0,Female,1,0,0,0,1,0,0,1,Credit Card,0,4,0,9,0,113.31,0,0
72,18,1.26,3157,Month-to-Month,1,Male,1,1,0,1,1,0,0,1,Bank Withdrawal,0,1,1,26,1,32.76,0,1
35,53,41.93,5775,Month-to-Month,0,Female,1,0,1,0,0,0,1,1,Credit Card,0,4,1,4,0,167.72,1,0
70,29,35.1,2080,Month-to-Month,0,Male,1,1,0,1,0,0,1,0,Bank Withdrawal,0,2,1,35,1,1228.5,0,1
73,21,20.15,3172,Month-to-Month,0,Female,1,1,0,0,0,0,1,1,Bank Withdrawal,1,4,1,39,0,785.85,0,0
31,20,0.0,4387,Month-to-Month,0,Female,1,0,1,1,1,0,1,1,Mailed Check,0,3,0,2,0,0.0,0,0
27,48,33.63,5105,One Year,0,Male,1,0,0,0,0,1,0,1,Credit Card,1,5,0,28,1,941.64,0,0
74,22,4.2,2641,One Year,1,Male,1,1,0,0,0,0,1,1,Bank Withdrawal,0,5,1,46,0,193.2,0,0
63,0,34.22,5212,One Year,0,Male,0,0,0,0,0,0,0,1,Credit Card,0,5,0,33,0,1129.26,0,0
31,22,32.07,3596,Month-to-Month,1,Female,1,1,0,0,1,0,1,1,Credit Card,0,3,1,10,0,320.7,0,1
23,0,15.22,2569,Month-to-Month,0,Female,0,1,0,0,0,0,1,0,Credit Card,0,4,0,1,0,15.22,0,0
28,42,16.16,2887,Month-to-Month,1,Male,1,0,0,0,0,1,0,0,Bank Withdrawal,0,3,1,21,0,339.36,0,0
25,52,39.85,2926,Month-to-Month,1,Male,1,0,0,1,0,0,0,0,Credit Card,0,4,0,21,0,836.85,0,0
55,0,32.13,4642,Two Year,0,Female,0,1,0,0,0,0,0,1,Bank Withdrawal,0,3,0,71,0,2281.23,0,0
51,16,0.0,3099,One Year,1,Male,1,0,0,1,1,0,1,0,Bank Withdrawal,0,3,0,22,0,0.0,0,1
21,27,34.58,5371,Month-to-Month,1,Male,1,1,1,0,1,1,1,1,Bank Withdrawal,0,3,0,64,0,2213.12,0,0
25,42,30.99,4562,Month-to-Month,0,Female,1,0,0,0,0,0,1,0,Credit Card,0,4,0,7,0,216.93,0,0
60,8,27.66,2058,Month-to-Month,0,Female,1,1,0,1,0,0,1,1,Bank Withdrawal,0,3,1,21,1,580.86,0,0
53,15,10.12,4157,Month-to-Month,0,Male,1,1,0,1,0,1,1,0,Bank Withdrawal,0,3,1,15,0,151.8,0,0
80,25,7.02,4517,Month-to-Month,0,Female,1,0,0,0,0,1,1,1,Bank Withdrawal,0,1,0,27,0,189.54,0,1
53,30,9.21,4965,One Year,0,Male,1,1,0,0,1,0,1,1,Credit Card,0,3,0,51,0,469.71,0,0
42,2,39.87,3043,Month-to-Month,0,Male,1,1,0,1,0,0,1,0,Bank Withdrawal,0,3,0,1,0,39.87,0,0
25,30,33.75,4193,Two Year,1,Male,1,1,1,1,1,1,0,1,Credit Card,1,3,1,72,0,2430.0,0,0
67,27,0.0,2560,Two Year,1,Male,1,0,0,0,1,0,1,1,Credit Card,0,3,0,8,0,0.0,0,0
20,0,41.64,3575,One Year,0,Female,0,0,0,1,0,0,0,1,Mailed Check,0,4,0,7,0,291.48,0,0
65,29,40.65,5688,One Year,1,Male,1,0,0,0,1,1,1,1,Bank Withdrawal,1,3,1,63,0,2560.95,0,0
60,13,15.03,3407,Month-to-Month,1,Male,1,1,0,1,0,0,0,0,Bank Withdrawal,0,1,0,11,0,165.33,0,1
34,16,19.52,3843,Month-to-Month,0,Male,1,0,0,0,0,0,0,0,Credit Card,0,1,0,2,0,39.04,0,1
35,7,31.76,3348,Month-to-Month,1,Male,1,1,0,0,1,0,1,1,Bank Withdrawal,0,4,0,33,0,1048.08,0,0
77,9,37.65,5495,One Year,0,Male,1,1,0,1,0,0,1,1,Bank Withdrawal,0,5,0,29,0,1091.85,0,0
41,21,0.0,5942,Month-to-Month,0,Female,1,0,0,0,0,0,0,0,Credit Card,0,5,0,20,0,0.0,0,0
38,8,5.4,5160,One Year,1,Female,1,0,0,1,0,0,0,1,Bank Withdrawal,1,2,1,17,0,91.8,0,1
51,13,33.91,2681,One Year,1,Female,1,0,0,0,0,1,1,0,Credit Card,1,1,0,48,0,1627.68,0,1
20,30,0.0,5450,Month-to-Month,0,Female,1,0,0,1,0,0,0,0,Credit Card,0,1,1,3,0,0.0,0,1
35,20,34.12,2421,Month-to-Month,0,Female,1,0,0,1,0,0,1,0,Bank Withdrawal,0,4,0,18,0,614.16,0,0
28,0,8.74,3646,One Year,0,Female,0,0,0,1,0,0,0,1,Credit Card,0,4,0,17,0,148.58,0,0
56,17,17.31,4613,Two Year,1,Male,1,1,0,1,1,1,0,1,Credit Card,1,3,0,72,0,1246.32,0,0
54,0,1.41,5508,Month-to-Month,0,Male,0,1,0,1,0,0,0,0,Credit Card,0,4,0,7,0,9.87,0,0
63,20,43.32,3223,Month-to-Month,0,Female,1,1,0,1,0,0,1,0,Bank Withdrawal,0,1,1,4,1,173.28,0,1
27,0,42.33,5145,Month-to-Month,0,Female,0,0,0,0,0,0,0,1,Credit Card,0,4,0,28,0,1185.24,0,0
21,59,16.06,4504,Month-to-Month,0,Female,1,0,0,1,1,1,1,1,Credit Card,0,4,0,1,0,16.06,0,0
31,21,19.22,5369,One Year,0,Female,1,0,0,0,0,1,1,1,Credit Card,1,3,1,64,0,1230.08,1,0
25,27,6.84,5458,Month-to-Month,0,Female,1,1,0,0,0,0,1,1,Bank Withdrawal,0,1,1,42,0,287.28,0,1
52,0,20.85,3764,Two Year,0,Male,0,0,1,1,0,0,0,1,Credit Card,0,4,0,35,0,729.75,0,0
68,11,47.28,4287,Month-to-Month,0,Female,1,1,0,1,1,0,1,1,Bank Withdrawal,0,1,0,5,1,236.4,1,1
52,20,40.48,4666,One Year,1,Female,1,1,1,1,1,1,1,1,Bank Withdrawal,1,3,0,61,0,2469.28,0,0
33,5,9.01,3560,One Year,0,Male,1,0,0,0,0,1,0,1,Credit Card,0,3,0,27,0,243.27,0,0
33,21,48.66,5239,Month-to-Month,0,Male,1,0,0,0,0,0,0,0,Bank Withdrawal,0,3,1,2,0,97.32,0,1
33,16,36.94,2757,Month-to-Month,0,Male,1,0,1,0,1,0,1,1,Bank Withdrawal,1,3,1,9,0,332.46,0,0
55,12,41.13,6469,Two Year,1,Male,1,1,0,1,1,1,0,0,Bank Withdrawal,1,3,0,62,0,2550.06,0,0
62,27,1.18,5733,Two Year,1,Female,1,0,1,1,1,1,0,1,Credit Card,1,3,0,63,1,74.34,0,0
19,51,29.13,5617,Month-to-Month,0,Female,1,1,0,0,0,0,1,0,Bank Withdrawal,0,4,0,1,0,29.13,0,0
59,21,13.32,4741,One Year,0,Male,1,0,1,0,0,0,1,1,Bank Withdrawal,0,3,1,13,0,173.16,0,0
30,0,34.26,2604,Month-to-Month,0,Male,0,0,0,1,0,0,0,0,Credit Card,0,3,0,5,0,171.3,0,1
44,10,16.93,4180,Two Year,1,Female,1,1,0,0,1,1,0,0,Credit Card,0,4,1,70,0,1185.1,0,0
49,25,6.24,3452,Month-to-Month,1,Male,1,0,0,1,1,0,0,0,Bank Withdrawal,0,1,1,26,0,162.24,0,1
48,0,41.93,5646,Two Year,0,Female,0,0,1,0,0,0,1,1,Bank Withdrawal,0,3,0,54,0,2264.22,0,0
40,0,26.98,6391,One Year,0,Male,0,0,1,0,0,0,1,1,Credit Card,0,5,0,50,0,1349.0,0,0
19,0,9.77,2608,Two Year,0,Female,0,0,1,0,0,0,0,1,Credit Card,0,5,0,48,0,468.96,0,0
49,0,28.19,6058,Two Year,0,Male,0,0,1,1,0,0,0,1,Bank Withdrawal,0,3,0,69,0,1945.11,0,0
63,14,31.83,4055,Two Year,1,Female,1,1,1,1,1,1,1,1,Bank Withdrawal,1,3,1,72,0,2291.76,0,0
47,23,35.46,4019,Month-to-Month,1,Male,1,1,0,0,1,0,1,1,Bank Withdrawal,0,1,1,54,0,1914.84,1,1
63,0,37.95,4934,One Year,0,Female,0,0,0,1,0,0,0,0,Bank Withdrawal,0,4,0,50,0,1897.5,0,0
20,26,20.26,3578,Month-to-Month,1,Female,1,0,0,1,1,1,1,0,Bank Withdrawal,1,1,0,6,0,121.56,0,1
43,57,6.95,5169,Two Year,1,Male,1,0,1,1,0,1,1,1,Credit Card,1,4,1,72,0,500.4,0,0
41,23,28.54,5979,Two Year,1,Female,1,1,0,0,1,0,1,1,Bank Withdrawal,1,4,1,70,0,1997.8,0,0
39,3,32.67,4629,One Year,1,Male,1,1,0,0,1,1,1,0,Credit Card,1,3,1,68,0,2221.56,0,0
34,22,15.37,6435,One Year,1,Male,1,0,0,0,1,1,1,0,Credit Card,1,3,0,50,0,768.5,0,0
41,18,22.11,5973,Month-to-Month,0,Female,1,0,0,1,0,0,0,0,Bank Withdrawal,0,1,0,1,1,22.11,0,1
52,26,15.96,5504,Two Year,0,Male,1,0,1,0,1,1,0,1,Bank Withdrawal,1,3,1,72,0,1149.12,0,0
25,69,3.67,5379,Month-to-Month,0,Male,1,0,0,0,0,1,1,1,Bank Withdrawal,0,4,0,23,1,84.41,1,0
41,0,12.87,2192,Month-to-Month,0,Female,0,0,1,1,0,0,0,0,Credit Card,0,5,0,25,0,321.75,0,0
62,58,34.54,5641,One Year,1,Male,1,1,1,0,0,0,1,1,Bank Withdrawal,0,5,1,61,0,2106.94,0,0
30,85,47.51,5948,Month-to-Month,0,Female,1,1,0,1,0,0,1,0,Bank Withdrawal,0,2,0,3,0,142.53,0,1
47,0,10.54,4411,One Year,0,Female,0,0,0,1,0,0,1,1,Credit Card,0,4,0,38,0,400.52,0,0
38,23,6.63,6231,Two Year,1,Male,1,0,0,1,1,1,0,1,Bank Withdrawal,0,3,0,55,0,364.65,0,0
74,14,46.2,4588,Two Year,1,Female,1,1,0,1,1,1,1,1,Credit Card,1,3,1,70,0,3234.0,0,0
49,0,11.52,3421,Month-to-Month,0,Female,0,1,0,1,0,0,0,1,Bank Withdrawal,0,4,0,34,0,391.68,0,0
60,27,36.49,4886,Two Year,1,Male,1,1,0,0,1,1,1,0,Bank Withdrawal,1,3,1,72,0,2627.28,0,0
73,5,35.16,4991,Month-to-Month,0,Male,1,1,0,0,0,0,0,1,Bank Withdrawal,0,5,0,54,0,1898.64,0,0
24,73,48.3,5721,Month-to-Month,1,Male,1,1,1,0,1,0,1,1,Bank Withdrawal,1,3,1,35,0,1690.5,1,0
49,19,1.86,3878,Month-to-Month,1,Male,1,0,1,1,1,0,1,1,Mailed Check,0,2,0,6,0,11.16,0,1
23,0,14.04,3509,One Year,0,Female,0,0,0,0,0,0,0,1,Credit Card,0,5,0,10,0,140.4,0,0
27,0,18.57,3179,Two Year,0,Female,0,1,1,1,0,0,0,1,Credit Card,0,5,0,10,0,185.7,0,0
63,18,37.43,3790,Month-to-Month,1,Male,1,0,0,0,0,0,1,0,Bank Withdrawal,0,1,1,2,0,74.86,0,1
21,69,7.67,5956,Month-to-Month,0,Male,1,1,0,0,0,0,0,1,Bank Withdrawal,1,3,0,66,0,506.22,0,0
37,27,44.98,5230,Month-to-Month,0,Female,1,0,0,0,1,0,0,0,Bank Withdrawal,0,3,0,1,0,44.98,0,0
77,18,9.13,4599,One Year,0,Female,1,0,0,0,1,1,0,1,Mailed Check,0,3,1,39,0,356.07,0,0
48,0,30.58,4271,One Year,0,Male,0,0,0,1,0,0,0,0,Credit Card,0,5,0,7,0,214.06,0,0
72,20,41.43,4618,Month-to-Month,0,Male,1,0,0,1,0,0,1,0,Bank Withdrawal,0,1,0,2,0,82.86,0,1
54,24,18.85,6287,One Year,1,Female,1,0,1,1,0,1,1,1,Credit Card,1,3,0,57,0,1074.45,0,0
32,23,33.07,4567,One Year,1,Female,1,0,1,0,1,1,1,1,Credit Card,1,3,1,49,0,1620.43,0,0
64,29,0.0,6435,Two Year,1,Female,1,0,0,1,1,1,1,0,Mailed Check,1,3,0,66,0,0.0,0,0
53,9,49.63,5732,Month-to-Month,0,Female,1,1,0,0,0,0,1,1,Bank Withdrawal,0,1,1,49,0,2431.87,0,1
61,24,16.87,5494,Month-to-Month,1,Female,1,0,1,1,1,0,0,1,Bank Withdrawal,1,3,0,52,0,877.24,0,0
44,16,0.0,4795,Two Year,1,Female,1,0,0,1,1,1,1,1,Bank Withdrawal,1,3,0,71,0,0.0,0,0
42,24,48.25,3522,Month-to-Month,0,Male,1,0,0,0,0,0,0,0,Credit Card,0,3,0,9,0,434.25,0,0
44,23,34.62,4766,Month-to-Month,1,Male,1,1,0,0,0,0,1,1,Bank Withdrawal,0,1,1,24,0,830.88,0,1
34,12,30.27,5044,One Year,0,Male,1,1,0,0,1,1,1,0,Credit Card,0,3,0,64,0,1937.28,0,0
44,0,17.23,2558,Two Year,0,Male,0,0,1,1,0,0,0,0,Bank Withdrawal,0,5,0,12,0,206.76,0,0
32,26,5.07,5630,Month-to-Month,0,Female,1,0,0,0,1,0,1,1,Bank Withdrawal,0,3,0,21,0,106.47,0,1
42,24,27.72,2558,Month-to-Month,1,Female,1,0,0,0,0,0,1,0,Bank Withdrawal,1,1,0,36,0,997.92,0,1
77,0,32.12,5819,Two Year,0,Male,0,0,1,0,0,0,0,1,Credit Card,0,4,0,71,0,2280.52,0,0
71,30,31.68,6500,Two Year,1,Male,1,0,0,0,1,1,1,1,Bank Withdrawal,1,3,1,56,0,1774.08,0,0
49,57,8.02,4198,Month-to-Month,0,Female,1,1,1,1,1,1,1,0,Credit Card,1,4,1,19,0,152.38,0,0
54,27,15.9,5913,Month-to-Month,0,Male,1,0,0,0,0,0,1,0,Bank Withdrawal,0,4,0,1,1,15.9,0,0
42,8,1.64,3641,Month-to-Month,0,Female,1,1,0,1,0,0,1,0,Bank Withdrawal,0,5,0,3,0,4.92,1,0
73,24,19.03,2230,Month-to-Month,0,Female,1,1,0,0,0,0,1,0,Bank Withdrawal,0,1,1,13,0,247.39,0,1
58,22,40.78,6258,Two Year,0,Male,1,1,0,1,1,1,1,1,Credit Card,1,4,1,72,0,2936.16,0,0
40,57,39.52,4024,Two Year,1,Male,1,1,1,1,0,0,1,1,Bank Withdrawal,1,4,1,65,0,2568.8,0,0
25,0,8.82,5179,Month-to-Month,0,Female,0,0,0,1,0,0,0,0,Credit Card,0,4,0,12,0,105.84,0,0
50,19,2.51,5249,Month-to-Month,1,Female,1,1,0,0,1,1,0,0,Bank Withdrawal,0,3,0,53,1,133.03,0,0
23,42,18.03,4781,Two Year,1,Female,1,0,0,0,1,1,1,1,Mailed Check,1,3,0,64,0,1153.92,0,0
33,8,38.93,6334,Month-to-Month,0,Female,1,0,0,1,0,1,1,0,Bank Withdrawal,0,3,0,52,0,2024.36,0,0
55,15,30.88,3302,One Year,1,Female,1,0,0,1,0,1,0,0,Mailed Check,0,3,0,21,0,648.48,0,0
33,11,5.92,2966,Month-to-Month,0,Male,1,1,0,1,0,0,1,0,Bank Withdrawal,0,3,1,10,0,59.2,0,1
64,0,26.74,4948,Two Year,0,Female,0,1,0,1,0,0,0,0,Credit Card,0,3,0,63,0,1684.62,0,0
55,29,17.73,2325,Month-to-Month,0,Female,1,1,0,0,0,0,1,1,Credit Card,0,3,0,24,0,425.52,0,1
22,41,36.61,6115,One Year,0,Male,1,0,1,0,0,0,1,1,Bank Withdrawal,0,5,0,50,0,1830.5,1,0
80,28,39.01,3950,Month-to-Month,0,Female,1,0,0,0,1,0,1,0,Bank Withdrawal,0,5,1,8,0,312.08,0,0
50,26,31.34,5554,Two Year,1,Female,1,1,0,0,1,1,1,0,Credit Card,1,3,0,63,0,1974.42,0,0
28,69,2.87,4292,Two Year,1,Female,1,1,1,1,0,1,0,1,Credit Card,1,3,1,58,0,166.46,0,0
61,28,4.53,4120,Month-to-Month,0,Male,1,1,0,0,0,0,1,0,Bank Withdrawal,0,3,0,1,0,4.53,0,0
45,10,19.22,5007,Month-to-Month,0,Male,1,1,0,0,0,0,1,0,Bank Withdrawal,0,2,1,9,0,172.98,0,1
45,27,44.75,5433,One Year,0,Female,1,0,0,0,1,1,0,1,Credit Card,1,3,0,46,0,2058.5,0,0
63,9,7.26,5613,Month-to-Month,1,Female,1,0,0,0,0,0,0,0,Bank Withdrawal,0,2,0,1,0,7.26,0,1
56,10,30.06,4216,Month-to-Month,1,Female,1,0,0,0,0,0,1,0,Bank Withdrawal,0,3,0,7,1,210.42,0,0
68,28,21.57,3685,Month-to-Month,1,Female,1,1,0,0,0,0,1,0,Bank Withdrawal,0,1,0,2,0,43.14,0,1
50,0,31.97,2648,Month-to-Month,0,Male,0,0,0,0,0,0,0,0,Credit Card,0,5,0,1,0,31.97,0,0
62,0,32.03,5627,Month-to-Month,0,Male,0,0,0,0,0,0,0,0,Mailed Check,0,2,0,2,0,64.06,0,1
20,69,2.43,4565,One Year,1,Male,1,0,0,0,1,1,1,1,Bank Withdrawal,0,3,0,41,0,99.63,0,0
39,28,19.66,4898,Month-to-Month,0,Male,1,1,0,1,0,0,1,0,Credit Card,0,5,0,43,0,845.38,0,0
38,27,23.31,5511,Two Year,1,Male,1,0,0,0,0,1,0,1,Credit Card,0,4,1,16,0,372.96,0,0
53,13,37.48,4017,Month-to-Month,0,Female,1,0,0,0,1,0,0,1,Bank Withdrawal,0,2,0,32,0,1199.36,0,1
59,3,9.85,5233,One Year,0,Male,1,1,0,0,0,1,0,0,Credit Card,1,3,0,51,0,502.35,0,0
47,19,0.0,4556,Two Year,1,Male,1,0,1,1,1,1,1,1,Credit Card,1,3,0,68,0,0.0,0,0
26,30,35.25,5919,Month-to-Month,1,Female,1,0,0,0,0,0,1,0,Bank Withdrawal,0,1,0,1,0,35.25,0,1
22,48,48.68,5993,Month-to-Month,1,Male,1,0,0,1,0,1,1,0,Bank Withdrawal,1,3,1,18,0,876.24,0,0
63,11,0.0,2522,One Year,1,Male,1,0,0,1,0,0,0,0,Bank Withdrawal,1,4,0,43,0,0.0,0,0
75,18,29.68,4371,Month-to-Month,0,Female,1,0,0,1,0,0,1,0,Bank Withdrawal,0,2,0,1,0,29.68,0,1
62,9,28.32,4244,One Year,0,Female,1,1,0,1,0,1,0,0,Bank Withdrawal,1,3,0,59,1,1670.88,0,0
35,17,46.99,2850,Month-to-Month,0,Female,1,1,0,1,0,0,0,0,Bank Withdrawal,0,1,0,16,0,751.84,0,1
32,23,48.14,3900,Month-to-Month,1,Female,1,0,1,1,0,0,1,1,Credit Card,0,3,1,39,0,1877.46,0,0
69,20,11.34,3348,Month-to-Month,0,Male,1,1,0,0,0,0,1,0,Bank Withdrawal,0,1,0,1,0,11.34,0,1
55,5,13.65,2708,Month-to-Month,0,Female,1,1,0,0,1,0,1,0,Credit Card,0,1,1,18,0,245.7,0,1
38,0,48.63,6473,One Year,0,Male,0,0,0,1,0,0,1,0,Mailed Check,0,4,0,56,0,2723.28,0,0
26,41,19.68,2363,Month-to-Month,0,Female,1,1,0,1,0,1,1,0,Bank Withdrawal,1,1,1,8,0,157.44,0,1
23,53,4.01,3804,Month-to-Month,0,Female,1,0,0,0,1,0,0,1,Bank Withdrawal,0,1,0,22,0,88.22,0,1
42,19,22.03,2457,Month-to-Month,0,Male,1,0,0,0,0,0,1,1,Bank Withdrawal,0,2,0,10,0,220.3,1,1
48,53,29.87,2814,Month-to-Month,1,Male,1,1,1,1,1,0,1,1,Mailed Check,1,3,0,17,0,507.79,0,0
31,11,26.71,3038,Month-to-Month,0,Male,1,0,0,0,0,0,1,1,Bank Withdrawal,0,1,0,3,0,80.13,0,1
61,30,12.02,6166,Two Year,0,Male,1,0,1,0,0,0,1,1,Credit Card,1,4,1,69,0,829.38,0,0
71,2,6.13,5400,Two Year,0,Female,1,1,0,0,1,0,1,0,Credit Card,0,5,0,59,0,361.67,0,0
36,0,2.82,2289,Two Year,0,Female,0,0,1,1,0,0,1,1,Credit Card,0,4,0,25,0,70.5,0,0
39,26,33.57,5026,Month-to-Month,0,Male,1,1,0,1,0,1,1,1,Credit Card,0,1,1,32,1,1074.24,1,1
37,28,32.37,6351,Month-to-Month,0,Female,1,1,1,0,1,0,1,1,Bank Withdrawal,0,3,1,57,0,1845.09,0,0
47,20,37.66,2990,Month-to-Month,0,Female,1,0,0,0,0,1,1,1,Credit Card,0,1,1,28,0,1054.48,0,1
46,6,9.7,6250,One Year,1,Male,1,0,0,0,0,0,1,0,Bank Withdrawal,0,3,0,59,0,572.3,0,0
72,26,0.0,4521,One Year,1,Male,1,0,0,0,1,0,1,0,Bank Withdrawal,0,3,1,54,0,0.0,0,0
45,21,11.39,4741,Month-to-Month,1,Female,1,0,0,1,0,0,1,1,Mailed Check,1,3,0,20,0,227.8,0,0
70,15,19.21,4509,Month-to-Month,0,Female,1,0,0,0,0,0,1,0,Bank Withdrawal,0,3,0,26,0,499.46,0,0
53,21,0.0,2580,Month-to-Month,0,Female,1,0,0,0,1,0,0,0,Bank Withdrawal,0,5,1,2,0,0.0,0,0
24,0,49.7,4843,Two Year,0,Male,0,0,1,0,0,0,0,1,Bank Withdrawal,0,4,0,12,0,596.4,0,0
31,0,43.68,5137,One Year,0,Male,0,0,1,0,0,0,0,1,Credit Card,0,4,0,37,0,1616.16,1,0
59,0,45.03,4845,One Year,0,Male,0,0,0,1,0,0,1,1,Bank Withdrawal,0,5,0,66,0,2971.98,0,0
52,0,44.32,4686,One Year,0,Female,0,0,1,1,0,0,0,1,Credit Card,0,5,0,38,0,1684.16,1,0
39,18,42.55,4658,Two Year,1,Male,1,1,0,0,1,1,0,1,Credit Card,1,3,0,72,0,3063.6,0,0
31,0,29.81,2843,Month-to-Month,0,Female,0,0,1,0,0,0,1,0,Bank Withdrawal,0,3,0,2,0,59.62,0,1
50,16,44.92,4751,Month-to-Month,1,Male,1,1,0,0,0,0,1,0,Credit Card,0,4,0,44,0,1976.48,0,0
43,0,35.62,5611,Two Year,0,Female,0,1,1,0,0,0,0,1,Bank Withdrawal,0,4,0,72,0,2564.64,0,0
73,27,22.5,3208,Month-to-Month,0,Female,1,0,0,1,0,0,1,0,Bank Withdrawal,0,2,0,1,1,22.5,0,1
48,23,32.0,3235,One Year,1,Female,1,0,0,0,1,1,1,0,Credit Card,1,4,0,36,1,1152.0,0,0
39,10,5.69,6432,One Year,1,Male,1,1,0,1,0,0,0,1,Credit Card,0,3,1,58,0,330.02,0,0
47,25,49.13,5107,Month-to-Month,0,Male,1,1,0,1,1,0,1,0,Bank Withdrawal,0,1,0,43,0,2112.59,0,1
34,14,33.54,4157,Month-to-Month,0,Female,1,0,0,1,0,1,0,0,Bank Withdrawal,1,3,0,8,0,268.32,0,0
76,18,15.65,3960,Two Year,0,Male,1,1,0,1,0,0,1,0,Bank Withdrawal,0,4,1,45,0,704.25,0,0
35,28,14.39,5005,Month-to-Month,0,Male,1,0,0,0,0,1,1,0,Bank Withdrawal,0,1,0,24,0,345.36,0,1
77,25,47.64,6355,One Year,1,Female,1,0,0,0,1,0,1,1,Bank Withdrawal,1,3,1,53,0,2524.92,0,0
35,16,27.34,2037,One Year,1,Male,1,0,0,0,1,0,0,1,Bank Withdrawal,1,3,1,28,0,765.52,0,0
44,0,4.72,2325,One Year,0,Male,0,0,0,0,0,0,1,1,Bank Withdrawal,0,3,0,46,0,217.12,0,0
38,0,37.63,4025,One Year,0,Male,0,0,1,0,0,0,0,1,Credit Card,0,4,0,51,0,1919.13,0,0
64,17,0.0,4276,Month-to-Month,0,Male,1,0,1,1,0,0,0,0,Mailed Check,0,5,0,1,0,0.0,0,0
37,21,39.55,3063,Month-to-Month,0,Male,1,0,0,0,0,0,1,0,Mailed Check,1,5,0,1,0,39.55,0,0
37,19,43.08,4079,One Year,1,Male,1,0,1,1,1,0,0,1,Credit Card,1,5,1,61,0,2627.88,0,0
20,73,35.55,6460,Month-to-Month,0,Female,1,0,0,0,0,0,1,0,Bank Withdrawal,1,4,1,58,0,2061.9,0,0
56,0,40.74,2788,Month-to-Month,0,Male,0,0,0,0,0,0,0,0,Credit Card,0,3,0,9,0,366.66,0,0
33,19,45.21,6332,Two Year,1,Female,1,1,1,1,1,0,1,1,Credit Card,1,3,1,65,0,2938.65,0,0
31,0,46.49,3731,One Year,0,Female,0,0,0,1,0,0,0,0,Credit Card,0,4,0,11,0,511.39,0,0
30,59,48.95,4025,Two Year,1,Male,1,0,0,1,0,0,0,0,Bank Withdrawal,1,3,1,44,0,2153.8,0,0
53,9,49.32,4564,One Year,1,Male,1,1,0,1,1,1,1,1,Bank Withdrawal,0,3,1,71,0,3501.72,0,0
54,0,43.05,2158,Month-to-Month,0,Female,0,0,1,0,0,0,0,1,Credit Card,0,3,0,8,0,344.4,0,0
60,4,9.36,6001,Month-to-Month,1,Male,1,1,0,1,1,0,1,0,Bank Withdrawal,1,2,1,65,1,608.4,0,1
45,26,25.21,3606,Month-to-Month,0,Male,1,0,0,0,0,0,1,0,Bank Withdrawal,1,3,1,32,0,806.72,0,1
53,23,1.15,2475,Month-to-Month,0,Female,1,0,0,0,0,0,0,0,Bank Withdrawal,0,4,0,1,0,1.15,0,0
57,26,22.03,2843,Month-to-Month,0,Male,1,0,0,0,0,0,1,0,Bank Withdrawal,0,2,0,1,0,22.03,0,1
51,0,30.79,4929,Month-to-Month,0,Female,0,0,1,1,0,0,0,0,Credit Card,0,3,0,4,0,123.16,0,0
52,28,34.74,4811,Month-to-Month,1,Female,1,1,0,1,1,0,1,0,Bank Withdrawal,0,2,1,39,0,1354.86,0,1
51,11,10.21,3111,Month-to-Month,1,Female,1,1,1,1,1,1,0,1,Credit Card,1,3,1,45,0,459.45,0,0
60,12,5.8,4580,One Year,0,Male,1,1,0,0,0,0,1,1,Credit Card,0,2,0,23,0,133.4,0,1
34,5,38.01,3272,Month-to-Month,0,Male,1,0,0,0,1,0,0,0,Mailed Check,0,3,0,4,0,152.04,0,0
22,0,42.02,2858,One Year,0,Male,0,0,0,1,0,0,0,0,Bank Withdrawal,0,4,0,35,0,1470.7,0,0
57,26,6.22,5825,Two Year,1,Male,1,1,0,1,0,1,1,1,Credit Card,1,4,1,66,0,410.52,0,0
20,0,13.26,5461,Two Year,0,Female,0,0,1,1,0,0,0,1,Credit Card,0,5,0,48,0,636.48,0,0
36,0,34.37,4422,One Year,0,Male,0,0,0,0,0,0,0,0,Credit Card,0,5,0,37,0,1271.69,0,0
52,6,34.73,4041,Month-to-Month,0,Female,1,1,0,1,1,0,1,0,Bank Withdrawal,0,5,0,12,1,416.76,0,0
55,7,1.16,3401,Month-to-Month,0,Male,1,1,0,0,1,0,1,1,Bank Withdrawal,0,2,0,5,1,5.8,0,1
27,0,27.47,2601,Two Year,0,Male,0,1,0,0,0,0,1,0,Credit Card,0,5,0,40,0,1098.8,0,0
22,41,3.16,2482,Month-to-Month,0,Male,1,0,0,0,1,1,1,0,Bank Withdrawal,0,3,0,6,0,18.96,0,0
38,2,18.01,3161,Month-to-Month,0,Female,1,0,0,0,0,0,0,0,Bank Withdrawal,0,1,1,22,0,396.22,0,1
21,48,9.56,4417,Month-to-Month,1,Male,1,1,0,1,0,0,0,1,Bank Withdrawal,0,1,1,4,0,38.24,0,1
64,0,21.09,2874,One Year,0,Male,0,0,0,0,0,0,0,1,Mailed Check,0,5,0,7,0,147.63,0,0
72,27,23.4,4948,Two Year,1,Female,1,1,0,0,0,1,0,0,Credit Card,1,3,1,69,0,1614.6,0,0
79,0,25.89,3836,One Year,0,Male,0,0,0,0,0,0,0,0,Credit Card,0,4,0,32,0,828.48,0,0
65,18,36.93,5301,Month-to-Month,0,Female,1,0,0,0,0,0,1,0,Bank Withdrawal,0,3,1,4,0,147.72,0,1
28,0,45.37,4676,Month-to-Month,0,Male,0,0,0,0,0,0,0,0,Credit Card,0,5,0,4,0,181.48,0,0
55,25,33.94,4818,Month-to-Month,1,Male,1,1,0,0,0,0,0,0,Bank Withdrawal,1,4,0,27,0,916.38,0,0
57,76,27.27,3337,Month-to-Month,1,Female,1,0,1,1,0,1,0,1,Bank Withdrawal,0,4,1,16,0,436.32,0,0
34,7,36.39,5071,Month-to-Month,0,Female,1,0,0,0,0,0,1,0,Bank Withdrawal,0,1,1,8,0,291.12,0,1
33,25,2.56,6347,Two Year,1,Male,1,1,0,1,1,1,0,0,Bank Withdrawal,1,3,1,72,0,184.32,0,0
41,16,30.19,4884,Month-to-Month,0,Female,1,0,0,1,0,0,1,1,Credit Card,0,2,0,2,0,60.38,0,1
53,20,8.16,4415,One Year,1,Female,1,1,1,1,1,0,1,1,Credit Card,0,3,1,52,0,424.32,0,0
49,26,21.38,6166,One Year,1,Female,1,1,0,0,1,0,1,1,Bank Withdrawal,0,3,0,58,1,1240.04,1,0
40,20,39.13,3787,Month-to-Month,1,Male,1,1,0,0,1,0,0,0,Bank Withdrawal,0,3,0,5,0,195.65,0,0
25,59,21.62,3591,Month-to-Month,0,Male,1,0,0,1,0,0,1,0,Bank Withdrawal,0,2,1,4,1,86.48,0,1
42,15,17.37,3260,Month-to-Month,0,Male,1,1,1,0,1,1,0,1,Credit Card,1,3,0,5,0,86.85,0,0
36,22,23.5,5396,Month-to-Month,0,Female,1,1,0,0,0,0,1,0,Bank Withdrawal,0,5,0,4,0,94.0,0,0
32,0,48.41,4201,Two Year,0,Female,0,0,0,0,0,0,0,0,Credit Card,0,4,0,68,0,3291.88,0,0
78,19,5.93,6357,Two Year,0,Female,1,0,1,1,0,1,1,1,Credit Card,1,4,1,56,1,332.08,0,0
62,53,32.38,4551,Month-to-Month,0,Male,1,1,1,0,1,1,1,1,Credit Card,0,4,1,70,0,2266.6,0,0
36,0,36.03,5514,Two Year,0,Male,0,1,0,0,0,0,0,1,Credit Card,0,5,0,72,0,2594.16,1,0
27,52,29.69,4662,Month-to-Month,0,Male,1,0,0,1,0,0,0,0,Bank Withdrawal,0,3,0,2,1,59.38,0,1
63,20,4.38,2643,Month-to-Month,0,Male,1,1,0,0,0,0,0,0,Credit Card,0,5,0,18,0,78.84,0,0
23,0,28.92,4392,Two Year,0,Male,0,1,1,0,0,0,0,1,Credit Card,0,4,0,63,0,1821.96,0,0
56,16,29.47,5040,Two Year,1,Female,1,0,0,0,1,1,1,0,Credit Card,1,4,0,58,0,1709.26,0,0
42,23,20.07,5903,Two Year,1,Male,1,1,0,0,0,1,1,0,Bank Withdrawal,1,3,1,35,0,702.45,0,0
62,5,22.01,4552,Two Year,1,Male,1,1,0,1,1,0,0,1,Bank Withdrawal,0,5,1,72,0,1584.72,0,0
40,21,9.47,4708,Two Year,1,Female,1,1,0,0,0,0,1,0,Credit Card,1,3,1,72,1,681.84,0,0
44,0,46.13,2247,One Year,0,Female,0,0,0,1,0,0,1,1,Credit Card,0,3,0,8,0,369.04,0,1
62,11,22.61,3887,Month-to-Month,0,Female,1,1,0,0,0,0,1,1,Bank Withdrawal,0,1,1,7,1,158.27,0,1
48,12,48.47,4639,Month-to-Month,0,Male,1,1,0,1,0,0,1,1,Bank Withdrawal,0,2,0,35,0,1696.45,0,1
46,17,40.42,4389,Month-to-Month,0,Female,1,1,0,1,0,1,1,0,Bank Withdrawal,0,4,0,7,0,282.94,0,0
65,29,29.11,4616,Month-to-Month,0,Male,1,0,0,1,1,0,1,0,Bank Withdrawal,0,1,0,15,0,436.65,0,1
23,0,28.02,2484,Month-to-Month,0,Female,0,0,0,0,0,0,0,0,Mailed Check,0,3,0,2,0,56.04,0,1
74,22,19.76,5098,One Year,0,Female,1,0,0,0,1,0,1,1,Credit Card,1,3,1,40,0,790.4,0,1
48,10,41.2,5089,Month-to-Month,1,Male,1,1,0,0,0,1,1,1,Bank Withdrawal,0,3,1,65,0,2678.0,0,0
25,59,6.18,4680,Month-to-Month,0,Male,1,0,1,0,0,0,0,1,Bank Withdrawal,0,3,0,13,1,80.34,1,0
33,19,30.06,5654,Month-to-Month,0,Male,1,0,0,0,0,0,1,0,Bank Withdrawal,0,2,1,30,0,901.8,0,1
49,29,22.67,4858,Two Year,1,Male,1,1,1,1,0,1,0,1,Credit Card,0,3,1,70,0,1586.9,0,0
76,5,1.47,3861,Month-to-Month,0,Male,1,0,0,1,1,0,1,1,Bank Withdrawal,1,1,0,13,0,19.11,0,1
47,7,38.33,6421,One Year,0,Female,1,1,0,0,1,1,1,0,Bank Withdrawal,1,3,0,65,0,2491.45,0,0
43,0,17.64,3848,Month-to-Month,0,Male,0,0,0,1,0,0,1,0,Mailed Check,0,5,0,25,0,441.0,0,0
41,75,27.23,5457,Month-to-Month,0,Female,1,1,1,0,1,1,1,1,Bank Withdrawal,0,3,0,51,0,1388.73,0,0
75,15,41.2,3273,Month-to-Month,0,Male,1,0,0,0,0,0,1,0,Bank Withdrawal,0,2,0,1,1,41.2,0,1
63,29,14.46,5730,Two Year,1,Female,1,0,1,0,1,1,1,1,Bank Withdrawal,1,4,1,72,0,1041.12,0,0
21,47,18.42,6492,One Year,0,Female,1,1,1,1,0,1,1,1,Mailed Check,1,3,1,51,0,939.42,0,0
56,13,13.2,5878,Two Year,0,Female,1,1,0,0,1,1,1,1,Credit Card,1,3,1,65,0,858.0,0,0
52,0,36.5,6263,Two Year,0,Male,0,1,1,0,0,0,0,1,Credit Card,0,5,0,65,0,2372.5,0,0
58,29,8.35,4323,Month-to-Month,0,Female,1,0,0,0,0,0,1,0,Credit Card,1,3,0,10,0,83.5,0,0
34,22,0.0,3923,Month-to-Month,0,Male,1,0,0,0,0,0,0,0,Credit Card,1,5,0,1,0,0.0,0,0
74,53,2.03,3937,Two Year,1,Female,1,0,1,0,1,0,1,1,Bank Withdrawal,0,5,0,23,0,46.69,0,0
61,16,31.69,4590,Two Year,0,Male,1,0,1,0,1,1,1,1,Credit Card,1,4,1,53,0,1679.57,0,0
26,59,19.76,4343,Two Year,1,Female,1,0,1,0,1,1,0,1,Credit Card,1,4,0,32,0,632.32,1,0
36,10,7.89,5750,Month-to-Month,0,Female,1,1,0,0,1,0,1,1,Bank Withdrawal,0,1,1,11,0,86.79,0,1
42,0,6.0,2159,Month-to-Month,0,Female,0,0,0,1,0,0,1,0,Credit Card,0,4,0,25,0,150.0,0,0
42,0,2.38,6490,Two Year,0,Male,0,1,0,1,0,0,1,0,Credit Card,0,4,0,58,0,138.04,0,0
47,21,48.58,4167,Month-to-Month,0,Male,1,0,0,1,0,0,0,0,Credit Card,0,2,0,1,0,48.58,0,1
59,3,36.24,2195,Month-to-Month,0,Female,1,1,0,0,1,0,1,0,Bank Withdrawal,0,1,1,25,0,906.0,0,1
75,11,7.38,3464,Month-to-Month,0,Female,1,0,0,0,0,0,1,1,Credit Card,1,1,1,3,0,22.14,0,1
27,58,0.0,2915,Month-to-Month,0,Male,1,0,0,0,1,0,0,1,Bank Withdrawal,0,1,0,1,0,0.0,0,1
45,9,43.47,5120,Two Year,1,Female,1,1,0,1,0,0,1,1,Bank Withdrawal,0,3,1,72,1,3129.84,0,0
41,28,1.7,2053,Month-to-Month,0,Male,1,0,0,1,0,0,0,0,Credit Card,0,3,0,44,0,74.8,0,0
33,25,0.0,3610,Month-to-Month,0,Male,1,0,0,1,0,1,0,1,Credit Card,1,3,0,3,0,0.0,0,0
29,41,44.43,5985,Month-to-Month,0,Male,1,1,0,1,0,0,0,0,Bank Withdrawal,1,3,1,13,1,577.59,0,0
39,28,41.23,4183,Two Year,1,Female,1,1,0,0,0,0,1,0,Bank Withdrawal,1,3,1,61,0,2515.03,0,1
34,0,44.7,4309,Two Year,0,Male,0,0,0,1,0,0,1,0,Credit Card,0,5,0,65,0,2905.5,0,0
59,0,18.73,2884,Two Year,0,Male,0,0,0,1,0,0,0,0,Credit Card,0,4,0,13,0,243.49,0,0
20,69,6.35,3983,Month-to-Month,1,Female,1,0,0,1,1,1,0,1,Mailed Check,1,1,0,9,0,57.15,0,1
38,12,33.3,4648,Month-to-Month,0,Male,1,0,1,1,1,1,0,1,Bank Withdrawal,0,3,1,3,0,99.9,0,0
53,22,0.0,2796,Month-to-Month,0,Female,1,0,0,0,0,0,1,0,Credit Card,0,1,0,29,0,0.0,0,1
27,51,33.5,5011,One Year,0,Female,1,1,1,0,1,1,1,1,Credit Card,1,3,1,55,0,1842.5,0,0
53,29,36.18,5921,One Year,1,Female,1,0,1,1,0,1,1,1,Bank Withdrawal,0,3,1,48,0,1736.64,0,0
61,21,44.64,3147,Month-to-Month,0,Female,1,0,1,0,0,1,0,1,Bank Withdrawal,0,3,0,4,0,178.56,0,0
43,18,42.16,4171,Two Year,1,Male,1,0,0,0,1,0,1,1,Bank Withdrawal,0,3,1,72,0,3035.52,0,0
59,0,20.47,5447,Two Year,0,Female,0,1,0,0,0,0,0,1,Mailed Check,0,5,0,51,0,1043.97,0,0
67,20,0.0,4107,Two Year,1,Female,1,0,1,0,1,0,1,1,Credit Card,0,5,0,29,0,0.0,1,0
48,0,8.82,5626,Two Year,0,Male,0,0,1,0,0,0,1,1,Credit Card,0,4,0,67,0,590.94,0,0
61,18,16.02,4301,One Year,0,Male,1,1,1,1,0,0,1,1,Bank Withdrawal,1,3,1,49,0,784.98,0,0
19,85,28.05,4855,Month-to-Month,1,Female,1,1,0,0,1,1,1,0,Bank Withdrawal,1,4,1,25,0,701.25,0,0
50,0,16.36,5626,Month-to-Month,0,Male,0,0,0,1,0,0,0,0,Credit Card,0,5,0,1,0,16.36,0,0
65,20,26.87,4474,Two Year,1,Female,1,1,0,1,1,0,1,0,Bank Withdrawal,1,5,1,72,0,1934.64,0,0
68,20,18.91,4708,Month-to-Month,0,Female,1,1,0,0,0,1,1,1,Bank Withdrawal,0,1,1,4,0,75.64,1,1
42,12,20.01,6090,Two Year,1,Female,1,1,1,1,1,1,0,1,Credit Card,1,3,1,61,0,1220.61,0,0
53,0,2.68,4406,Two Year,0,Male,0,0,1,1,0,0,0,1,Mailed Check,0,3,0,9,0,24.12,0,0
58,14,29.43,4274,One Year,0,Female,1,1,0,1,1,1,0,1,Bank Withdrawal,1,2,1,50,0,1471.5,0,1
75,17,16.87,5611,Two Year,1,Male,1,1,0,0,0,0,1,1,Bank Withdrawal,0,5,0,6,1,101.22,0,0
73,28,0.0,5491,Month-to-Month,1,Male,1,0,0,0,1,0,1,1,Bank Withdrawal,0,5,1,71,1,0.0,0,0
20,59,0.0,4630,Month-to-Month,0,Male,1,0,0,0,1,0,1,0,Mailed Check,0,2,1,5,0,0.0,0,1
74,22,45.25,4981,Month-to-Month,0,Male,1,1,0,0,0,0,1,1,Bank Withdrawal,0,1,0,15,0,678.75,0,1
33,29,15.02,2270,Month-to-Month,0,Female,1,1,0,0,0,0,1,1,Credit Card,0,2,0,3,0,45.06,0,1
44,0,33.87,4315,Two Year,0,Male,0,1,1,0,0,0,1,0,Credit Card,0,5,0,3,0,101.61,0,0
44,27,33.38,4198,Month-to-Month,0,Female,1,1,0,0,0,0,1,0,Credit Card,0,3,1,31,0,1034.78,0,1
65,13,18.37,2139,Month-to-Month,0,Female,1,0,0,1,0,0,0,0,Bank Withdrawal,0,1,1,1,0,18.37,0,1
26,0,39.84,2483,Month-to-Month,0,Male,0,0,0,1,0,0,1,1,Credit Card,0,5,0,15,0,597.6,0,0
24,59,31.86,3135,Month-to-Month,0,Female,1,0,1,0,1,0,0,1,Bank Withdrawal,1,5,0,8,1,254.88,0,0
73,13,39.34,5004,Two Year,0,Female,1,1,0,1,1,0,1,1,Bank Withdrawal,1,4,1,70,0,2753.8,0,0
48,23,1.67,2463,Month-to-Month,0,Male,1,0,0,0,0,1,0,0,Credit Card,0,4,0,7,0,11.69,0,0
36,0,46.18,2997,One Year,0,Female,0,1,0,0,0,0,1,0,Bank Withdrawal,0,3,0,38,0,1754.84,1,0
48,19,0.0,4120,Two Year,1,Male,1,0,1,0,0,1,1,1,Bank Withdrawal,1,4,1,64,0,0.0,0,0
53,3,1.15,5656,Month-to-Month,0,Female,1,1,0,0,1,0,1,0,Bank Withdrawal,0,1,1,6,0,6.9,0,1
68,12,39.78,3438,Month-to-Month,1,Male,1,0,0,1,0,0,1,0,Mailed Check,0,2,0,1,0,39.78,0,1
43,29,5.47,2245,Month-to-Month,0,Female,1,0,0,1,0,0,1,0,Credit Card,0,3,0,2,0,10.94,0,0
21,0,8.38,4345,Month-to-Month,0,Male,0,0,0,0,0,0,0,0,Credit Card,0,5,0,4,0,33.52,0,0
49,14,16.07,2538,Month-to-Month,1,Female,1,1,0,1,1,1,1,0,Bank Withdrawal,0,1,0,12,0,192.84,0,1
67,0,2.03,3288,Two Year,0,Female,0,0,0,1,0,0,0,0,Bank Withdrawal,0,3,0,6,0,12.18,0,0
47,14,1.79,2251,Month-to-Month,0,Male,1,0,0,1,1,0,1,0,Credit Card,0,3,0,19,1,34.01,0,1
79,12,43.71,4337,One Year,1,Female,1,1,0,1,1,1,1,1,Bank Withdrawal,1,3,1,54,0,2360.34,0,0
53,18,34.02,5396,Month-to-Month,0,Female,1,0,0,0,0,0,1,1,Credit Card,0,1,1,42,0,1428.84,0,1
25,59,0.0,3125,Month-to-Month,1,Male,1,0,0,0,0,1,0,0,Credit Card,1,1,0,5,0,0.0,0,1
64,0,39.49,2722,Two Year,0,Female,0,0,0,1,0,0,0,0,Credit Card,0,3,0,15,0,592.35,0,0
33,28,0.0,2876,Month-to-Month,0,Female,1,0,0,0,1,0,0,0,Bank Withdrawal,0,4,0,13,0,0.0,0,0
19,41,45.09,5689,One Year,1,Female,1,0,0,1,0,1,1,0,Credit Card,1,3,0,26,1,1172.34,0,0
54,0,15.33,3037,One Year,0,Male,0,1,0,1,0,0,0,1,Credit Card,0,3,0,44,0,674.52,0,0
44,28,14.21,2335,One Year,1,Female,1,1,0,0,1,0,1,0,Credit Card,0,4,1,32,0,454.72,0,0
35,18,27.97,2901,Month-to-Month,0,Male,1,0,0,1,0,0,0,0,Bank Withdrawal,0,2,0,1,0,27.97,0,1
56,0,43.83,4883,Month-to-Month,0,Female,0,0,0,0,0,0,0,0,Bank Withdrawal,0,4,0,9,0,394.47,0,0
46,27,25.54,5239,Month-to-Month,1,Female,1,0,0,0,0,0,1,0,Bank Withdrawal,0,1,1,12,0,306.48,0,1
32,16,26.41,2887,Month-to-Month,0,Female,1,1,0,1,0,0,1,1,Credit Card,0,1,0,8,0,211.28,0,1
29,48,2.0,5119,Two Year,1,Female,1,1,0,0,1,0,1,1,Credit Card,1,5,1,46,0,92.0,0,0
40,0,46.9,5975,Two Year,0,Female,0,0,1,1,0,0,0,1,Credit Card,0,5,0,63,0,2954.7,0,0
32,30,20.12,3559,Two Year,0,Female,1,0,1,0,1,1,0,1,Bank Withdrawal,1,3,0,16,0,321.92,0,0
33,0,6.36,5685,One Year,0,Female,0,1,0,1,0,0,0,0,Bank Withdrawal,0,4,0,4,0,25.44,0,0
42,57,13.25,4306,One Year,1,Female,1,1,1,1,1,0,1,1,Bank Withdrawal,1,4,1,62,0,821.5,0,0
68,29,33.81,4803,Month-to-Month,1,Female,1,1,0,0,0,0,1,1,Bank Withdrawal,0,1,1,56,1,1893.36,0,1
68,24,0.0,5692,Month-to-Month,0,Male,1,0,0,0,1,0,1,0,Mailed Check,0,1,1,16,0,0.0,0,1
29,0,25.1,2053,Month-to-Month,0,Female,0,0,1,1,0,0,0,1,Bank Withdrawal,0,4,0,1,0,25.1,0,0
75,24,44.89,6205,Two Year,1,Female,1,1,0,1,1,1,1,1,Credit Card,1,3,1,72,1,3232.08,0,0
47,11,6.71,5393,Month-to-Month,1,Male,1,1,0,1,1,0,1,0,Credit Card,0,3,0,38,0,254.98,0,0
71,18,15.62,5428,One Year,1,Female,1,1,0,1,1,1,0,0,Bank Withdrawal,1,3,1,63,0,984.06,0,0
28,30,17.32,6424,Two Year,1,Female,1,1,0,1,1,1,1,0,Bank Withdrawal,1,4,1,70,0,1212.4,0,0
58,52,46.54,4412,Month-to-Month,0,Male,1,0,1,0,1,0,1,1,Bank Withdrawal,1,4,0,44,1,2047.76,0,0
46,0,33.86,4277,Month-to-Month,0,Female,0,0,0,1,0,0,1,0,Credit Card,0,5,0,20,0,677.2,0,0
44,0,6.81,5538,Two Year,0,Female,0,1,0,1,0,0,0,1,Credit Card,0,5,0,64,0,435.84,0,0
37,0,5.95,2127,Month-to-Month,0,Female,0,0,0,1,0,0,0,1,Credit Card,0,3,0,42,0,249.9,0,0
26,0,22.16,2483,Month-to-Month,0,Male,0,0,0,0,0,0,0,0,Credit Card,0,4,0,5,0,110.8,0,0
32,19,19.73,2161,Month-to-Month,0,Female,1,0,1,0,0,1,0,1,Credit Card,0,3,0,36,0,710.28,0,0
76,3,27.74,4319,Two Year,1,Male,1,1,0,0,1,0,0,1,Credit Card,1,4,1,72,0,1997.28,0,0
70,18,27.74,4499,One Year,1,Female,1,1,0,0,1,0,1,1,Bank Withdrawal,0,5,1,52,1,1442.48,0,0
22,52,41.18,4927,One Year,1,Male,1,1,1,0,1,1,1,1,Credit Card,1,3,0,72,0,2964.96,0,0
64,7,29.53,5150,Two Year,1,Female,1,1,0,0,1,1,0,0,Credit Card,1,4,1,70,1,2067.1,0,0
58,28,14.14,3273,Month-to-Month,1,Male,1,0,0,1,0,0,1,0,Bank Withdrawal,0,1,0,2,0,28.28,0,1
29,30,40.18,5682,Two Year,0,Male,1,1,0,0,1,0,1,1,Bank Withdrawal,1,4,1,64,0,2571.52,1,0
20,71,25.64,3097,Month-to-Month,0,Female,1,0,1,0,0,1,0,1,Credit Card,0,3,0,7,0,179.48,0,0
60,7,0.0,3929,Month-to-Month,1,Female,1,0,0,1,0,0,0,0,Credit Card,1,5,0,1,0,0.0,0,0
65,10,12.68,2268,Month-to-Month,1,Female,1,0,0,0,1,0,1,0,Credit Card,0,1,1,4,0,50.72,0,1
57,18,20.67,5413,Month-to-Month,0,Male,1,0,0,1,0,1,1,1,Credit Card,0,3,0,8,0,165.36,0,0
59,6,4.04,5593,Month-to-Month,0,Male,1,0,0,0,0,0,1,0,Bank Withdrawal,0,2,1,1,0,4.04,0,1
46,14,9.36,3358,Month-to-Month,0,Male,1,0,0,0,0,0,1,0,Bank Withdrawal,0,4,0,1,1,9.36,0,0
47,17,16.48,4631,Month-to-Month,0,Female,1,0,1,1,0,1,0,1,Bank Withdrawal,1,3,0,30,0,494.4,0,0
62,18,38.78,5614,Month-to-Month,0,Female,1,0,1,1,1,1,0,1,Credit Card,0,3,0,8,0,310.24,0,0
66,2,3.3,4448,Month-to-Month,0,Female,1,1,0,0,0,0,1,0,Bank Withdrawal,0,2,1,37,0,122.1,0,1
50,10,22.95,2706,Two Year,1,Male,1,0,0,1,0,1,1,0,Credit Card,1,5,1,6,0,137.7,0,0
28,42,21.8,4750,Month-to-Month,0,Male,1,1,0,0,0,0,1,0,Mailed Check,0,1,0,1,0,21.8,0,1
27,0,42.15,3586,Month-to-Month,0,Male,0,0,0,0,0,0,0,0,Mailed Check,0,3,0,1,0,42.15,0,0
54,14,32.67,6409,One Year,0,Male,1,0,0,1,1,1,0,0,Bank Withdrawal,0,3,1,58,0,1894.86,0,0
27,27,1.29,4175,Two Year,1,Female,1,1,0,1,1,1,0,1,Credit Card,1,4,1,68,0,87.72,1,0
27,42,38.79,6302,Two Year,1,Female,1,1,0,1,1,1,1,1,Bank Withdrawal,1,4,0,72,0,2792.88,0,0
48,0,39.59,4698,Two Year,0,Female,0,0,1,1,0,0,0,1,Bank Withdrawal,0,4,0,23,0,910.57,0,0
60,30,29.23,6212,Month-to-Month,1,Female,1,1,0,1,1,0,0,1,Bank Withdrawal,0,3,1,52,0,1519.96,0,0
51,4,43.49,2041,Month-to-Month,0,Female,1,1,0,0,0,0,1,0,Bank Withdrawal,0,2,0,1,0,43.49,0,1
53,11,3.03,2624,Month-to-Month,0,Male,1,0,0,0,1,0,1,0,Bank Withdrawal,1,5,1,4,0,12.12,0,0
22,76,35.04,5922,One Year,0,Female,1,0,0,0,1,0,1,1,Bank Withdrawal,0,2,1,22,0,770.88,1,1
43,20,11.72,4958,One Year,1,Female,1,1,0,1,1,0,1,1,Bank Withdrawal,1,5,0,66,0,773.52,0,0
19,30,31.89,4777,One Year,0,Male,1,1,1,0,1,1,1,0,Credit Card,0,4,0,71,0,2264.19,0,0
53,0,29.09,5573,Two Year,0,Male,0,0,1,1,0,0,0,1,Credit Card,0,4,0,4,0,116.36,0,0
74,25,31.17,5172,Month-to-Month,0,Female,1,1,0,0,0,0,1,0,Bank Withdrawal,0,1,0,27,0,841.59,0,1
45,10,3.59,4063,Two Year,1,Male,1,0,0,0,1,0,0,0,Credit Card,1,4,1,48,0,172.32,0,0
35,15,1.54,4491,Month-to-Month,0,Female,1,1,1,0,1,1,0,1,Bank Withdrawal,1,3,0,57,0,87.78,0,0
58,3,0.0,3910,One Year,1,Female,1,0,0,0,0,0,1,0,Bank Withdrawal,0,5,1,44,0,0.0,0,0
25,76,28.4,4955,Two Year,1,Female,1,1,0,1,1,1,1,0,Credit Card,1,3,1,71,0,2016.4,0,0
46,0,31.78,2303,Month-to-Month,0,Male,0,0,0,0,0,0,0,0,Credit Card,0,4,0,5,0,158.9,0,0
67,22,3.62,4074,Month-to-Month,0,Female,1,1,0,0,0,0,1,0,Bank Withdrawal,0,2,1,11,0,39.82,0,1
20,59,10.74,3186,Two Year,0,Male,1,0,1,0,1,1,1,1,Bank Withdrawal,0,4,0,14,1,150.36,0,0
30,48,22.88,5926,Month-to-Month,1,Female,1,0,0,0,0,1,1,0,Bank Withdrawal,1,4,1,60,0,1372.8,0,0
25,0,5.98,4690,One Year,0,Female,0,0,0,0,0,0,0,0,Credit Card,0,4,0,24,0,143.52,0,0
79,9,36.66,4429,One Year,0,Male,1,1,0,0,1,0,1,1,Bank Withdrawal,0,5,0,57,0,2089.62,0,0
22,59,8.38,4776,One Year,0,Female,1,1,0,1,1,0,0,0,Bank Withdrawal,0,3,1,63,0,527.94,0,1
59,7,28.37,5774,Month-to-Month,0,Male,1,0,0,0,0,0,0,0,Bank Withdrawal,0,2,0,1,1,28.37,0,1
34,8,0.0,3620,Month-to-Month,1,Male,1,0,0,1,1,0,1,0,Credit Card,1,3,0,2,0,0.0,0,1
20,0,27.64,3756,One Year,0,Male,0,1,0,0,0,0,0,0,Bank Withdrawal,0,5,0,42,0,1160.88,0,0
59,0,36.63,3351,Month-to-Month,0,Female,0,0,0,1,0,0,1,0,Credit Card,0,3,0,1,0,36.63,0,1
37,27,41.57,4356,Month-to-Month,1,Female,1,0,0,0,0,1,1,1,Mailed Check,0,1,0,5,0,207.85,0,1
55,0,37.98,5613,Two Year,0,Female,0,1,0,0,0,0,1,1,Credit Card,0,5,0,72,0,2734.56,0,0
44,0,17.09,3260,Two Year,0,Female,0,0,0,1,0,0,1,1,Credit Card,0,5,0,8,0,136.72,0,0
40,2,0.0,2653,Two Year,1,Male,1,0,0,1,0,1,0,0,Credit Card,1,3,0,46,0,0.0,0,0
33,0,22.3,6019,Two Year,0,Male,0,1,1,0,0,0,0,1,Credit Card,0,5,0,50,0,1115.0,0,0
44,0,36.45,4455,One Year,0,Female,0,1,0,0,0,0,1,1,Credit Card,0,4,0,58,0,2114.1,1,0
23,42,45.24,5582,Two Year,1,Male,1,1,0,1,1,0,1,1,Bank Withdrawal,1,3,0,70,0,3166.8,0,0
49,15,48.93,5264,Month-to-Month,0,Male,1,1,0,0,0,0,1,0,Bank Withdrawal,0,1,1,15,0,733.95,0,1
64,12,0.0,3044,One Year,0,Male,1,0,1,0,0,1,0,0,Credit Card,1,3,0,33,0,0.0,0,0
46,0,16.85,5461,Two Year,0,Male,0,1,1,0,0,0,1,1,Credit Card,0,4,0,51,0,859.35,0,0
76,7,8.59,4073,Month-to-Month,1,Male,1,1,0,1,1,0,1,1,Bank Withdrawal,0,5,1,65,0,558.35,0,0
56,8,12.21,4466,Month-to-Month,1,Male,1,1,0,0,0,1,0,0,Mailed Check,0,3,1,18,0,219.78,0,0
45,15,0.0,5112,One Year,0,Male,1,0,0,0,0,0,0,0,Credit Card,1,3,0,66,0,0.0,0,0
34,0,7.33,2252,One Year,0,Male,0,0,0,1,0,0,1,0,Bank Withdrawal,0,3,0,13,0,95.29,0,0
20,59,13.8,5415,Month-to-Month,0,Male,1,1,0,0,0,1,1,0,Bank Withdrawal,0,3,1,15,0,207.0,0,0
45,28,28.04,5968,Month-to-Month,0,Male,1,0,1,0,0,0,1,1,Bank Withdrawal,1,4,0,18,0,504.72,0,0
47,25,0.0,2187,Two Year,0,Male,1,0,0,0,1,1,1,1,Bank Withdrawal,1,3,1,38,0,0.0,0,0
48,23,0.0,5977,Month-to-Month,1,Female,1,0,0,1,1,0,1,1,Credit Card,0,3,0,17,0,0.0,0,0
61,0,19.75,4931,Two Year,0,Female,0,1,0,1,0,0,0,0,Credit Card,0,3,0,25,0,493.75,0,1
50,24,47.05,4617,Two Year,1,Female,1,1,1,1,1,1,0,1,Credit Card,1,3,1,59,0,2775.95,0,0
26,42,43.99,3937,Month-to-Month,0,Female,1,0,0,1,0,0,1,0,Bank Withdrawal,0,3,0,5,1,219.95,1,1
67,14,38.79,5137,Month-to-Month,0,Male,1,1,0,0,1,0,1,0,Credit Card,0,5,0,18,0,698.22,0,0
19,58,2.43,5328,Two Year,1,Male,1,0,0,0,0,1,1,1,Credit Card,1,4,0,71,0,172.53,0,0
32,57,30.06,5144,Two Year,0,Female,1,0,1,0,1,0,0,1,Bank Withdrawal,1,3,0,47,1,1412.82,0,0
25,58,48.48,5026,Month-to-Month,1,Female,1,0,0,0,0,0,1,1,Bank Withdrawal,0,1,0,4,0,193.92,0,1
48,0,22.49,5741,One Year,0,Female,0,1,0,1,0,0,1,1,Credit Card,0,4,0,45,0,1012.05,0,0
65,4,16.34,6363,Month-to-Month,0,Male,1,1,0,0,1,0,1,1,Bank Withdrawal,0,1,1,69,1,1127.46,1,1
52,2,19.84,6358,Month-to-Month,0,Male,1,1,0,1,1,0,1,1,Bank Withdrawal,0,5,0,65,1,1289.6,0,0
63,19,2.48,5980,Two Year,1,Female,1,0,1,1,1,0,1,0,Bank Withdrawal,1,5,1,26,0,64.48,0,0
25,26,28.86,3039,Month-to-Month,1,Female,1,0,0,0,1,0,0,1,Bank Withdrawal,0,1,0,2,0,57.72,0,1
49,0,30.31,4670,One Year,0,Female,0,0,1,1,0,0,0,1,Bank Withdrawal,0,5,0,53,0,1606.43,0,0
68,15,32.12,5838,Two Year,0,Male,1,1,0,0,1,0,1,0,Bank Withdrawal,1,5,1,57,1,1830.84,1,0
32,0,1.42,4695,One Year,0,Male,0,0,0,1,0,0,0,0,Credit Card,0,3,0,18,0,25.56,0,0
74,23,12.33,2225,One Year,1,Female,1,0,0,0,0,0,0,1,Bank Withdrawal,1,4,1,34,0,419.22,0,0
45,25,9.23,2283,Month-to-Month,0,Female,1,0,0,0,1,0,1,1,Mailed Check,1,2,1,5,0,46.15,0,1
42,9,29.11,2220,Month-to-Month,0,Female,1,1,0,1,0,0,0,0,Bank Withdrawal,0,1,0,4,0,116.44,0,1
69,19,0.0,4865,Two Year,0,Male,1,0,0,1,0,1,1,0,Credit Card,0,3,1,52,0,0.0,0,0
59,6,27.68,6153,One Year,1,Female,1,1,0,0,1,0,1,0,Bank Withdrawal,0,5,1,65,1,1799.2,0,0
60,22,33.36,2325,Month-to-Month,1,Male,1,1,0,1,0,0,1,0,Bank Withdrawal,0,4,1,12,0,400.32,0,0
60,10,11.48,5058,One Year,1,Male,1,0,1,0,1,0,1,1,Credit Card,1,4,0,56,0,642.88,0,0
24,0,26.12,3820,Month-to-Month,0,Female,0,0,0,1,0,0,0,0,Credit Card,0,2,0,1,0,26.12,0,1
80,15,22.95,4040,One Year,1,Male,1,1,0,0,1,0,1,1,Bank Withdrawal,0,4,1,60,0,1377.0,1,0
34,56,25.34,5806,Month-to-Month,0,Female,1,1,1,0,0,1,1,0,Bank Withdrawal,0,1,0,12,1,304.08,0,1
65,28,37.78,4496,Two Year,0,Male,1,1,0,1,0,0,1,0,Bank Withdrawal,0,4,1,3,0,113.34,0,0
33,7,19.2,5338,Month-to-Month,1,Male,1,1,0,1,1,1,1,1,Bank Withdrawal,0,1,1,23,0,441.6,0,1
75,19,5.6,6051,Two Year,1,Male,1,1,0,1,1,1,1,1,Mailed Check,1,3,1,72,0,403.2,0,0
54,0,2.61,4035,Two Year,0,Male,0,0,0,0,0,0,0,1,Credit Card,0,3,0,72,0,187.92,0,0
46,0,35.59,4852,Month-to-Month,0,Male,0,0,0,0,0,0,1,0,Credit Card,0,5,0,3,0,106.77,0,0
45,21,0.0,2973,Month-to-Month,0,Female,1,0,0,1,1,0,0,0,Bank Withdrawal,0,4,0,9,1,0.0,0,0
64,24,8.56,3424,Month-to-Month,0,Male,1,1,0,1,1,0,1,0,Credit Card,0,3,0,1,0,8.56,0,1
64,76,40.68,2042,Month-to-Month,1,Female,1,0,1,1,0,0,1,1,Bank Withdrawal,1,5,0,39,0,1586.52,0,0
57,19,44.95,4612,One Year,0,Male,1,0,0,1,0,0,0,1,Bank Withdrawal,0,3,0,14,0,629.3,0,0
40,0,42.55,5895,One Year,0,Male,0,1,1,0,0,0,1,1,Credit Card,0,5,0,51,0,2170.05,0,0
34,0,38.96,4996,Month-to-Month,0,Male,0,0,0,1,0,0,0,0,Credit Card,0,4,0,12,0,467.52,0,0
19,26,2.76,4911,Month-to-Month,0,Female,1,0,0,1,0,0,1,0,Bank Withdrawal,0,5,0,18,1,49.68,0,0
55,12,0.0,5323,One Year,0,Male,1,0,0,0,1,0,0,0,Credit Card,1,3,0,40,1,0.0,0,0
29,69,12.69,3194,Month-to-Month,0,Male,1,1,0,1,0,1,1,0,Bank Withdrawal,0,3,1,37,1,469.53,1,0
73,14,8.3,4887,One Year,1,Male,1,1,0,0,0,1,1,1,Mailed Check,1,3,1,69,0,572.7,0,0
26,48,0.0,4106,Month-to-Month,1,Female,1,0,1,1,1,0,0,0,Credit Card,0,3,0,48,0,0.0,0,0
36,12,26.55,3826,Month-to-Month,1,Female,1,0,0,0,1,0,1,0,Bank Withdrawal,0,5,1,43,0,1141.65,0,0
27,48,49.43,3042,Month-to-Month,0,Male,1,0,0,1,0,0,1,0,Bank Withdrawal,0,2,0,1,0,49.43,0,1
28,59,10.11,6452,Two Year,1,Male,1,1,1,1,1,1,0,1,Bank Withdrawal,1,4,1,71,0,717.81,0,0
45,14,13.51,3903,Month-to-Month,0,Male,1,0,0,1,0,0,0,0,Credit Card,0,4,0,10,0,135.1,0,0
35,16,41.85,3259,Month-to-Month,0,Male,1,1,0,1,1,0,1,0,Bank Withdrawal,0,5,1,41,0,1715.85,1,0
40,27,29.56,6032,Month-to-Month,0,Female,1,1,1,1,0,0,1,1,Bank Withdrawal,1,4,0,51,0,1507.56,0,0
32,26,11.56,3885,Month-to-Month,0,Female,1,0,0,0,1,1,0,0,Credit Card,0,3,1,40,0,462.4,0,0
50,30,35.32,3849,One Year,1,Female,1,1,0,0,1,0,1,1,Bank Withdrawal,1,2,0,39,0,1377.48,0,1
54,57,16.75,5265,Two Year,0,Female,1,1,1,0,1,1,0,0,Bank Withdrawal,1,3,0,70,1,1172.5,0,0
62,0,42.25,3313,One Year,0,Male,0,0,0,1,0,0,0,0,Credit Card,0,5,0,47,0,1985.75,0,0
40,14,15.53,3475,Month-to-Month,1,Male,1,0,0,1,0,0,1,0,Bank Withdrawal,0,4,1,9,0,139.77,0,0
24,52,16.15,5515,Two Year,0,Female,1,1,0,1,1,1,1,1,Bank Withdrawal,0,4,0,72,0,1162.8,0,0
70,16,8.98,2399,One Year,0,Female,1,0,0,0,1,0,1,1,Bank Withdrawal,0,5,0,20,0,179.6,0,0
64,0,10.94,5974,Two Year,0,Female,0,0,0,0,0,0,0,1,Credit Card,0,3,0,61,0,667.34,1,0
69,23,41.13,3283,One Year,0,Female,1,0,0,0,1,0,1,0,Credit Card,0,3,0,18,0,740.34,0,0
77,16,37.4,5691,Month-to-Month,0,Female,1,1,0,0,0,0,1,0,Bank Withdrawal,0,4,1,21,0,785.4,0,0
73,19,38.06,4424,Month-to-Month,1,Male,1,1,0,1,0,0,1,0,Bank Withdrawal,0,1,1,37,0,1408.22,0,1
52,17,25.25,5491,Month-to-Month,0,Male,1,0,1,1,1,1,1,0,Bank Withdrawal,0,3,0,47,0,1186.75,0,0
44,0,6.61,3010,Month-to-Month,0,Female,0,0,0,1,0,0,0,0,Credit Card,0,4,0,3,0,19.83,0,0
72,21,0.0,2166,One Year,1,Female,1,0,0,1,1,1,1,1,Credit Card,0,3,0,31,0,0.0,0,0
62,21,23.2,3394,Month-to-Month,0,Male,1,0,1,0,0,0,0,0,Bank Withdrawal,0,2,0,1,0,23.2,0,1
34,14,17.57,5353,One Year,0,Male,1,1,0,1,1,1,0,1,Mailed Check,1,2,1,21,1,368.97,1,1
42,28,18.47,6499,Two Year,1,Female,1,1,0,1,0,1,1,0,Credit Card,1,3,1,69,0,1274.43,0,0
61,0,4.79,3403,Two Year,0,Male,0,1,0,1,0,0,0,0,Credit Card,0,4,0,22,0,105.38,0,0
49,22,35.11,4551,Two Year,1,Male,1,1,0,0,1,0,0,0,Bank Withdrawal,1,3,1,72,0,2527.92,0,0
77,4,6.23,2174,Month-to-Month,1,Male,1,0,0,1,1,0,1,1,Credit Card,0,3,0,30,0,186.9,0,1
58,12,40.58,5111,Month-to-Month,0,Male,1,1,0,1,0,0,1,1,Bank Withdrawal,0,3,1,36,0,1460.88,0,0
48,8,0.0,2673,Two Year,1,Male,1,0,0,1,0,1,0,1,Credit Card,1,4,1,42,0,0.0,0,0
40,76,0.0,5409,One Year,0,Male,1,0,1,1,1,1,1,0,Bank Withdrawal,0,3,1,50,0,0.0,0,0
57,0,45.19,3924,Month-to-Month,0,Female,0,0,0,0,0,0,0,1,Bank Withdrawal,0,4,0,37,0,1672.03,0,0
31,3,7.94,5354,Month-to-Month,0,Female,1,1,0,1,0,0,1,0,Credit Card,1,4,1,4,1,31.76,0,0
39,5,25.77,3178,Month-to-Month,0,Male,1,0,0,0,0,0,0,0,Credit Card,1,3,0,1,0,25.77,0,0
66,24,22.9,5610,Two Year,0,Male,1,0,0,1,0,0,0,0,Bank Withdrawal,0,3,0,16,0,366.4,0,0
60,0,26.99,4375,Two Year,0,Female,0,0,0,1,0,0,0,1,Bank Withdrawal,0,4,0,59,0,1592.41,0,0
39,13,20.14,4933,Month-to-Month,1,Female,1,1,0,0,1,1,1,0,Bank Withdrawal,0,4,0,38,0,765.32,0,0
20,69,33.28,4648,Month-to-Month,1,Male,1,0,1,1,0,1,0,0,Credit Card,0,4,0,3,0,99.84,0,0
57,30,37.39,5937,Two Year,1,Female,1,0,0,1,0,1,0,0,Bank Withdrawal,1,3,1,45,0,1682.55,0,0
74,17,48.85,5302,Month-to-Month,0,Female,1,1,1,1,1,0,1,1,Credit Card,0,3,0,8,0,390.8,0,1
41,7,48.37,5345,Two Year,1,Male,1,0,0,0,1,1,1,1,Credit Card,1,3,1,69,0,3337.53,0,0
21,0,22.22,5534,Two Year,0,Female,0,1,0,1,0,0,0,1,Credit Card,0,4,0,72,0,1599.84,0,0
25,0,16.57,6469,Two Year,0,Female,0,0,0,0,0,0,1,0,Credit Card,0,5,0,63,0,1043.91,0,0
44,14,40.26,3553,One Year,0,Female,1,1,0,0,0,0,0,0,Bank Withdrawal,0,2,1,32,0,1288.32,0,1
46,6,10.33,4322,One Year,1,Male,1,1,0,1,0,0,0,1,Bank Withdrawal,0,4,0,50,0,516.5,0,0
73,27,17.25,4553,Month-to-Month,1,Female,1,1,0,0,0,0,1,1,Bank Withdrawal,1,3,1,11,0,189.75,0,1
33,22,34.51,5842,Month-to-Month,0,Female,1,0,0,1,0,0,0,1,Credit Card,0,5,0,19,0,655.69,0,0
29,53,41.92,4361,Two Year,1,Female,1,1,0,0,1,0,1,0,Bank Withdrawal,1,4,1,71,0,2976.32,0,0
26,71,41.9,4372,Month-to-Month,0,Female,1,0,0,1,0,0,0,0,Bank Withdrawal,0,5,0,2,1,83.8,0,0
37,27,42.78,2237,One Year,0,Female,1,0,0,0,0,1,0,0,Bank Withdrawal,1,3,0,8,0,342.24,0,0
33,9,40.34,5340,Two Year,1,Male,1,0,0,1,1,1,1,1,Credit Card,1,3,1,51,0,2057.34,0,0
30,85,0.0,5905,One Year,1,Male,1,0,0,1,0,1,1,0,Bank Withdrawal,1,3,1,67,0,0.0,0,0
40,0,22.29,5422,Two Year,0,Female,0,0,0,1,0,0,1,0,Credit Card,0,3,0,21,0,468.09,1,0
57,0,12.0,4710,Month-to-Month,0,Male,0,0,0,0,0,0,0,0,Bank Withdrawal,0,2,0,1,0,12.0,0,1
50,0,45.87,5826,One Year,0,Male,0,1,0,1,0,0,0,0,Credit Card,0,4,0,65,0,2981.55,0,0
56,15,37.48,3945,One Year,1,Male,1,1,0,0,1,0,0,0,Credit Card,1,5,1,32,0,1199.36,0,0
48,0,11.53,6015,Two Year,0,Male,0,1,0,1,0,0,0,1,Bank Withdrawal,0,4,0,61,0,703.33,0,0
40,0,37.46,5678,One Year,0,Female,0,0,0,0,0,0,1,0,Credit Card,0,3,0,41,0,1535.86,0,0
60,11,18.29,6194,One Year,0,Male,1,1,1,1,1,1,0,1,Bank Withdrawal,1,3,0,67,0,1225.43,1,0
35,28,39.58,2077,Month-to-Month,1,Male,1,0,0,0,0,0,1,0,Bank Withdrawal,0,3,0,1,0,39.58,0,1
25,26,0.0,4436,Month-to-Month,0,Male,1,0,0,1,0,0,1,0,Bank Withdrawal,1,5,0,39,0,0.0,0,0
62,5,5.91,5201,Month-to-Month,0,Male,1,1,0,1,1,0,1,0,Bank Withdrawal,0,3,0,33,0,195.03,0,0
40,0,29.06,5243,Two Year,0,Female,0,1,1,0,0,0,1,1,Credit Card,0,5,0,56,0,1627.36,0,0
66,12,22.89,4121,Month-to-Month,1,Female,1,1,0,0,1,0,1,1,Bank Withdrawal,0,3,1,42,0,961.38,0,0
63,0,34.79,3772,Month-to-Month,0,Female,0,0,0,1,0,0,0,0,Bank Withdrawal,0,4,0,9,0,313.11,0,0
31,8,0.0,4151,Two Year,0,Female,1,0,0,1,1,1,0,1,Credit Card,1,4,1,71,0,0.0,0,0
40,18,16.05,2102,Month-to-Month,1,Male,1,0,0,0,1,1,1,0,Bank Withdrawal,1,3,1,20,0,321.0,0,0
48,10,0.0,5404,One Year,1,Female,1,0,0,0,0,1,0,0,Bank Withdrawal,1,3,1,51,0,0.0,0,0
36,17,12.82,4595,Two Year,1,Female,1,1,0,1,1,1,1,0,Credit Card,1,3,1,63,0,807.66,0,0
44,2,0.0,2121,Month-to-Month,0,Male,1,0,0,0,0,0,1,0,Mailed Check,0,3,0,1,0,0.0,0,1
59,53,44.61,5341,Two Year,1,Male,1,1,1,0,1,1,1,1,Bank Withdrawal,1,4,1,72,0,3211.92,0,0
27,0,3.41,5432,Two Year,0,Female,0,0,1,1,0,0,0,1,Mailed Check,0,4,0,52,0,177.32,0,0
34,75,0.0,3303,Two Year,1,Female,1,0,1,1,1,1,1,1,Credit Card,1,3,0,24,0,0.0,0,0
44,2,24.76,3068,Month-to-Month,0,Male,1,0,0,0,0,0,1,0,Bank Withdrawal,1,1,1,24,0,594.24,0,1
20,0,20.09,4900,Two Year,0,Female,0,1,0,1,0,0,0,1,Mailed Check,0,5,0,61,0,1225.49,0,0
30,0,18.07,6312,Two Year,0,Male,0,0,0,1,0,0,0,1,Credit Card,0,4,0,65,0,1174.55,0,0
63,13,45.76,5187,Month-to-Month,0,Female,1,0,0,1,0,0,0,1,Credit Card,0,4,0,51,1,2333.76,0,0
29,0,10.84,4270,Month-to-Month,0,Male,0,0,0,0,0,0,0,0,Credit Card,0,4,0,1,0,10.84,0,0
41,0,6.7,3181,Month-to-Month,0,Female,0,1,1,0,0,0,1,1,Credit Card,0,5,0,5,0,33.5,0,0
23,71,43.04,3322,One Year,0,Female,1,0,0,0,1,1,1,0,Bank Withdrawal,1,2,1,46,0,1979.84,0,1
40,20,19.01,5775,Month-to-Month,1,Female,1,1,0,1,1,0,1,0,Credit Card,1,5,1,63,0,1197.63,0,0
32,27,42.68,2562,Month-to-Month,0,Male,1,1,0,0,0,0,1,0,Credit Card,1,5,1,3,0,128.04,0,0
23,51,35.28,5730,Month-to-Month,0,Male,1,0,0,0,0,0,1,0,Credit Card,0,3,0,1,0,35.28,0,1
33,0,13.98,5652,Month-to-Month,0,Female,0,0,0,1,0,0,1,0,Credit Card,0,4,0,23,0,321.54,0,0
68,2,45.43,4277,One Year,0,Female,1,1,0,1,1,0,0,0,Credit Card,1,5,1,54,0,2453.22,0,0
53,24,12.75,3975,Month-to-Month,0,Female,1,1,0,0,0,0,1,0,Bank Withdrawal,0,3,1,12,1,153.0,1,1
21,0,1.92,4047,One Year,0,Female,0,0,0,0,0,0,0,1,Credit Card,0,3,0,11,0,21.12,0,0
33,0,8.36,3915,Two Year,0,Female,0,0,0,0,0,0,0,0,Mailed Check,0,5,0,40,0,334.4,0,0
42,76,0.0,4132,One Year,1,Female,1,0,1,0,0,0,1,1,Bank Withdrawal,1,5,1,51,0,0.0,0,0
51,23,29.42,2004,Month-to-Month,1,Female,1,1,1,0,1,0,1,1,Credit Card,0,5,1,40,0,1176.8,0,0
42,17,28.7,4699,Month-to-Month,0,Male,1,0,1,1,0,0,0,1,Bank Withdrawal,0,5,0,7,0,200.9,0,0
48,15,17.53,2934,Month-to-Month,0,Female,1,1,0,0,0,0,1,0,Bank Withdrawal,0,2,0,26,0,455.78,0,1
33,24,32.75,3995,Month-to-Month,0,Female,1,1,0,1,0,1,1,0,Credit Card,1,4,0,22,0,720.5,0,0
52,4,28.41,5319,One Year,1,Female,1,1,0,1,1,0,1,0,Bank Withdrawal,0,3,1,36,0,1022.76,0,0
19,42,41.12,4494,Month-to-Month,0,Female,1,0,0,0,0,0,0,0,Bank Withdrawal,0,1,0,4,1,164.48,0,1
54,11,42.93,4121,Month-to-Month,0,Male,1,1,0,0,1,0,0,0,Bank Withdrawal,0,3,0,51,1,2189.43,0,0
56,28,9.1,4785,Month-to-Month,0,Female,1,1,1,1,0,0,0,1,Bank Withdrawal,0,4,0,7,0,63.7,0,0
77,0,37.53,4713,One Year,0,Female,0,0,0,1,0,0,0,0,Bank Withdrawal,0,4,0,18,0,675.54,0,0
72,5,20.55,4116,Month-to-Month,0,Female,1,0,0,0,1,0,1,0,Bank Withdrawal,0,1,0,1,0,20.55,0,1
51,12,21.91,4713,Month-to-Month,0,Female,1,0,0,1,0,0,1,0,Bank Withdrawal,1,2,0,6,0,131.46,0,1
74,15,1.67,4306,Two Year,0,Male,1,0,0,0,1,0,0,1,Credit Card,0,3,0,49,0,81.83,0,0
51,22,17.7,3545,Month-to-Month,0,Male,1,0,0,0,0,0,1,0,Bank Withdrawal,0,3,0,4,0,70.8,0,0
61,13,0.0,2987,Month-to-Month,0,Male,1,0,0,1,0,0,1,1,Bank Withdrawal,0,2,0,3,0,0.0,0,1
74,15,34.12,5391,One Year,1,Female,1,1,0,1,0,0,1,0,Bank Withdrawal,0,4,1,45,0,1535.4,0,0
24,59,25.1,4096,Month-to-Month,1,Male,1,0,0,0,0,0,1,0,Credit Card,1,5,1,3,0,75.3,0,0
22,47,13.25,6087,Two Year,1,Female,1,1,1,1,0,1,0,1,Bank Withdrawal,1,4,1,65,0,861.25,0,0
33,0,13.36,2305,Month-to-Month,0,Male,0,0,0,1,0,0,0,0,Credit Card,0,3,0,25,0,334.0,0,0
46,56,12.56,5964,One Year,0,Female,1,0,1,0,1,1,0,0,Credit Card,0,3,0,35,0,439.6,0,0
39,0,6.61,3972,One Year,0,Female,0,0,0,0,0,0,1,0,Credit Card,0,4,0,41,0,271.01,1,0
28,51,18.05,2781,Month-to-Month,1,Male,1,1,0,0,1,0,0,1,Bank Withdrawal,0,4,0,23,0,415.15,1,0
80,29,29.66,5393,Month-to-Month,1,Male,1,0,0,1,0,0,1,1,Credit Card,0,5,1,34,0,1008.44,0,0
19,30,1.28,5558,Month-to-Month,0,Male,1,1,0,0,1,0,0,1,Credit Card,0,5,0,18,0,23.04,0,0
25,48,6.03,2189,Month-to-Month,0,Female,1,1,0,1,0,0,1,0,Mailed Check,0,2,0,13,0,78.39,0,1
33,0,34.57,4079,Month-to-Month,0,Female,0,0,0,1,0,0,0,0,Credit Card,0,4,0,2,0,69.14,0,0
54,9,42.95,4427,Month-to-Month,0,Male,1,0,0,1,0,0,1,0,Credit Card,0,5,0,1,0,42.95,0,0
44,17,25.04,2584,Month-to-Month,0,Male,1,0,1,1,0,0,0,0,Credit Card,1,3,1,3,0,75.12,0,0
31,21,1.49,5974,Month-to-Month,0,Male,1,1,0,1,1,0,1,0,Bank Withdrawal,0,1,0,32,0,47.68,0,1
30,0,28.55,2951,Month-to-Month,0,Female,0,0,1,0,0,0,1,1,Bank Withdrawal,0,4,0,4,0,114.2,0,0
21,73,11.01,3648,Month-to-Month,1,Female,1,1,1,1,1,0,0,1,Credit Card,1,3,0,33,0,363.33,0,0
26,46,34.49,4109,Month-to-Month,0,Female,1,1,0,1,0,0,1,0,Bank Withdrawal,0,3,1,5,0,172.45,0,1
51,21,1.69,4400,Month-to-Month,0,Female,1,0,0,1,1,0,1,0,Credit Card,1,5,0,14,0,23.66,0,0
42,0,3.23,5368,Month-to-Month,0,Male,0,0,0,0,0,0,1,0,Credit Card,0,3,0,1,0,3.23,0,0
60,14,30.42,3192,Month-to-Month,0,Male,1,1,0,1,0,0,1,0,Bank Withdrawal,0,3,1,24,1,730.08,0,0
68,0,23.94,5548,Two Year,0,Female,0,0,0,0,0,0,1,1,Mailed Check,0,4,0,54,0,1292.76,0,0
27,0,47.65,2176,Two Year,0,Male,0,0,0,0,0,0,0,0,Credit Card,0,4,0,27,0,1286.55,0,0
38,0,30.01,5518,One Year,0,Female,0,0,1,0,0,0,0,1,Credit Card,0,5,0,6,0,180.06,0,0
74,4,39.36,5362,Month-to-Month,0,Female,1,1,0,0,1,0,1,0,Bank Withdrawal,0,3,1,31,0,1220.16,0,1
54,29,35.35,4559,One Year,0,Male,1,0,1,0,1,0,1,1,Credit Card,1,4,1,58,0,2050.3,0,0
63,9,25.49,3478,Month-to-Month,0,Male,1,0,0,0,0,0,0,0,Bank Withdrawal,0,1,0,2,0,50.98,0,1
31,0,17.81,2968,Month-to-Month,0,Male,0,0,0,0,0,0,0,0,Mailed Check,0,5,0,1,0,17.81,0,0
57,21,13.54,3307,Month-to-Month,0,Male,1,0,1,0,0,0,1,0,Bank Withdrawal,1,5,0,5,0,67.7,0,0
48,4,15.6,2291,Month-to-Month,0,Female,1,1,0,0,0,0,1,0,Bank Withdrawal,0,3,0,11,0,171.6,0,1
69,24,11.35,5247,One Year,0,Male,1,0,0,0,1,1,1,1,Bank Withdrawal,1,3,1,71,0,805.85,0,0
51,30,24.53,5255,One Year,0,Female,1,0,0,1,0,1,1,1,Bank Withdrawal,0,4,1,35,0,858.55,0,0
56,53,0.0,3824,Month-to-Month,0,Male,1,0,1,0,0,1,0,1,Credit Card,0,4,1,4,0,0.0,0,0
39,30,21.58,2044,Month-to-Month,0,Male,1,1,0,1,0,0,1,1,Bank Withdrawal,0,1,0,11,0,237.38,0,1
22,0,26.37,2716,Month-to-Month,0,Male,0,0,0,0,0,0,0,0,Bank Withdrawal,0,4,0,1,0,26.37,0,0
21,51,37.83,2627,Month-to-Month,0,Male,1,0,0,1,0,0,1,1,Bank Withdrawal,1,3,1,1,0,37.83,0,1
55,18,1.39,3835,One Year,0,Female,1,0,0,1,0,0,0,1,Bank Withdrawal,1,4,1,23,0,31.97,0,0
31,21,29.4,4640,One Year,1,Male,1,1,0,1,1,0,1,1,Bank Withdrawal,0,3,1,51,1,1499.4,0,0
33,18,46.23,6030,Two Year,1,Female,1,1,0,0,1,0,1,1,Bank Withdrawal,1,4,1,72,0,3328.56,0,0
21,0,4.17,5584,Month-to-Month,0,Female,0,0,1,0,0,0,0,1,Credit Card,0,5,0,44,0,183.48,0,0
31,21,21.38,5806,One Year,1,Female,1,1,0,0,0,1,0,0,Credit Card,1,3,1,52,0,1111.76,0,0
48,3,33.23,5141,Two Year,1,Female,1,1,0,1,1,1,0,1,Credit Card,1,4,1,69,0,2292.87,0,0
78,5,32.54,2574,One Year,1,Male,1,0,0,0,0,1,0,1,Credit Card,1,3,0,20,0,650.8,0,0
71,25,2.08,5365,Month-to-Month,0,Male,1,0,0,0,0,0,1,1,Credit Card,0,1,0,32,0,66.56,0,1
54,12,26.81,4535,Month-to-Month,0,Female,1,0,0,1,1,1,1,0,Bank Withdrawal,0,2,0,25,0,670.25,0,1
19,41,49.81,2667,Month-to-Month,0,Male,1,0,0,0,0,0,1,0,Credit Card,0,3,0,2,0,99.62,0,1
24,52,31.34,3555,Month-to-Month,0,Male,1,0,0,0,0,0,1,0,Bank Withdrawal,0,1,1,1,0,31.34,0,1
53,26,2.95,4311,Two Year,1,Female,1,1,0,0,1,1,1,1,Bank Withdrawal,1,4,1,72,0,212.4,0,0
45,0,24.03,4937,Two Year,0,Female,0,0,0,0,0,0,1,0,Credit Card,0,4,0,62,0,1489.86,0,0
37,0,12.58,5613,Two Year,0,Female,0,1,0,0,0,0,0,1,Bank Withdrawal,0,5,0,72,0,905.76,0,0
30,51,24.83,4945,Month-to-Month,0,Male,1,1,0,0,0,0,1,1,Bank Withdrawal,1,3,0,35,1,869.05,0,0
22,71,30.09,4891,Month-to-Month,0,Female,1,0,0,0,1,0,0,1,Bank Withdrawal,0,5,0,15,0,451.35,0,0
37,9,28.25,2928,Month-to-Month,0,Male,1,1,0,0,0,0,1,0,Bank Withdrawal,0,3,0,1,0,28.25,0,1
44,19,0.0,4369,Month-to-Month,0,Male,1,0,1,1,1,0,0,0,Credit Card,1,5,0,1,1,0.0,0,0
69,30,19.92,3415,Two Year,1,Male,1,1,0,0,0,0,1,0,Credit Card,1,3,1,30,0,597.6,1,0
34,15,41.77,4424,Month-to-Month,0,Male,1,0,0,0,0,0,1,0,Bank Withdrawal,0,3,0,1,0,41.77,0,1
50,4,34.01,5428,One Year,0,Male,1,1,0,0,0,1,1,1,Bank Withdrawal,1,3,0,24,0,816.24,0,0
47,21,49.31,4508,Month-to-Month,1,Male,1,1,0,0,1,1,1,1,Bank Withdrawal,1,1,1,59,1,2909.29,0,1
76,26,21.89,2819,Month-to-Month,1,Male,1,1,0,0,0,0,1,0,Bank Withdrawal,0,3,1,12,0,262.68,0,1
40,11,27.53,3013,Month-to-Month,0,Male,1,0,0,1,0,1,0,0,Credit Card,1,3,0,9,0,247.77,0,0
24,69,35.77,2734,Month-to-Month,0,Male,1,0,0,0,0,0,0,0,Bank Withdrawal,0,1,0,1,0,35.77,0,1
54,26,31.96,6099,Month-to-Month,1,Female,1,0,1,1,0,1,1,1,Bank Withdrawal,1,3,0,52,0,1661.92,0,0
23,51,0.0,5482,Month-to-Month,0,Female,1,0,0,0,0,0,0,1,Bank Withdrawal,0,3,1,2,0,0.0,0,1
23,59,44.06,4208,Month-to-Month,0,Female,1,0,0,1,1,0,1,1,Bank Withdrawal,0,5,1,24,0,1057.44,0,0
21,59,27.1,4403,Two Year,1,Male,1,1,1,1,1,1,1,1,Credit Card,1,4,1,72,0,1951.2,0,0
75,9,16.72,5856,Two Year,1,Male,1,1,0,1,1,1,0,1,Credit Card,0,3,1,72,0,1203.84,0,0
48,13,9.95,3260,Month-to-Month,0,Female,1,1,0,1,0,0,1,0,Bank Withdrawal,0,1,1,3,0,29.85,0,1
59,0,16.4,5417,Month-to-Month,0,Female,0,0,1,1,0,0,1,1,Credit Card,0,3,0,13,0,213.2,0,0
60,0,34.04,4617,Two Year,0,Male,0,0,1,0,0,0,0,1,Credit Card,0,5,0,23,0,782.92,0,0
59,58,4.67,4479,Month-to-Month,0,Female,1,1,1,1,0,0,1,1,Bank Withdrawal,0,5,0,22,0,102.74,0,0
19,59,0.0,4034,Month-to-Month,0,Female,1,0,0,0,1,0,1,0,Bank Withdrawal,0,5,0,19,1,0.0,0,0
41,21,8.6,5455,Month-to-Month,1,Female,1,1,0,0,1,0,1,1,Bank Withdrawal,1,4,1,64,0,550.4,0,0
24,85,36.14,5651,One Year,0,Male,1,0,0,1,0,1,1,1,Bank Withdrawal,0,1,0,7,0,252.98,0,1
62,0,28.3,4158,Two Year,0,Male,0,0,0,0,0,0,0,0,Bank Withdrawal,0,4,0,52,0,1471.6,0,0
39,30,18.99,5915,Month-to-Month,1,Female,1,1,0,1,1,0,1,0,Credit Card,0,1,0,16,0,303.84,0,1
75,28,9.67,5030,Month-to-Month,1,Female,1,1,0,1,1,0,1,0,Bank Withdrawal,0,1,1,28,0,270.76,0,1
38,19,37.94,2698,Two Year,1,Male,1,0,0,0,0,1,1,0,Bank Withdrawal,0,4,1,39,0,1479.66,0,0
47,19,14.48,5846,One Year,1,Female,1,0,1,1,1,0,0,1,Bank Withdrawal,1,4,0,69,0,999.12,0,0
33,4,14.93,4667,Month-to-Month,0,Female,1,0,0,0,0,0,1,0,Bank Withdrawal,1,3,0,1,0,14.93,0,0
37,3,10.46,5707,Two Year,1,Female,1,1,0,0,1,0,1,1,Bank Withdrawal,0,5,1,71,1,742.66,0,0
25,41,24.08,5954,Two Year,1,Male,1,0,1,1,0,1,0,1,Credit Card,0,3,0,68,0,1637.44,0,0
25,41,40.22,2832,Month-to-Month,1,Male,1,0,0,1,0,0,1,0,Bank Withdrawal,0,1,1,10,0,402.2,0,1
27,52,42.1,2654,One Year,0,Female,1,1,0,1,1,0,0,1,Bank Withdrawal,0,3,1,40,0,1684.0,0,0
41,18,22.23,4774,Two Year,1,Male,1,1,0,1,1,0,1,0,Credit Card,1,3,0,65,0,1444.95,0,0
64,13,42.29,3118,One Year,0,Female,1,0,0,1,1,0,1,0,Bank Withdrawal,1,3,0,33,0,1395.57,0,0
58,11,44.97,3368,Month-to-Month,0,Male,1,0,0,1,0,0,1,1,Bank Withdrawal,0,2,0,17,0,764.49,0,1
47,22,32.41,3380,One Year,0,Male,1,0,0,0,1,1,0,0,Bank Withdrawal,1,3,1,30,0,972.3,0,0
29,0,4.98,4964,Month-to-Month,0,Male,0,0,0,0,0,0,0,1,Credit Card,0,4,0,8,0,39.84,0,0
26,47,14.79,5034,Two Year,1,Male,1,1,0,1,1,0,1,1,Bank Withdrawal,1,2,1,68,0,1005.72,0,1
25,0,42.96,4769,Month-to-Month,0,Male,0,0,0,0,0,0,1,0,Credit Card,0,5,0,1,0,42.96,0,0
79,24,4.75,5469,Two Year,1,Male,1,1,0,1,1,0,1,1,Bank Withdrawal,0,4,1,38,0,180.5,1,0
41,18,30.66,4154,One Year,1,Male,1,0,0,1,0,1,0,0,Bank Withdrawal,1,3,0,54,0,1655.64,0,0
29,0,49.02,4758,Two Year,0,Male,0,0,0,1,0,0,0,0,Credit Card,0,4,0,58,0,2843.16,0,0
59,0,41.28,4099,Month-to-Month,0,Female,0,0,0,0,0,0,0,0,Credit Card,0,5,0,1,0,41.28,0,0
40,2,39.35,4408,Two Year,1,Male,1,1,0,0,1,1,0,1,Credit Card,1,4,1,70,0,2754.5,0,0
25,59,25.45,5600,Two Year,1,Male,1,1,1,0,1,1,1,1,Bank Withdrawal,1,4,1,71,0,1806.95,0,0
30,0,16.7,5629,Month-to-Month,0,Female,0,0,0,0,0,0,1,0,Mailed Check,0,3,0,2,0,33.4,0,0
53,58,48.43,2923,One Year,1,Female,1,0,1,1,0,0,0,1,Bank Withdrawal,0,3,0,30,0,1452.9,0,0
61,27,11.97,4694,Month-to-Month,0,Male,1,0,0,0,1,0,1,0,Bank Withdrawal,0,3,1,6,0,71.82,0,1
46,0,12.68,4630,Two Year,0,Female,0,0,1,0,0,0,0,1,Credit Card,0,4,0,46,0,583.28,0,0
41,0,23.16,2959,Month-to-Month,0,Male,0,0,0,1,0,0,0,0,Mailed Check,0,1,0,1,0,23.16,0,1
23,59,0.0,2133,One Year,1,Female,1,0,0,0,1,0,1,0,Credit Card,1,5,0,11,0,0.0,0,0
24,82,14.91,4900,Month-to-Month,1,Male,1,0,0,0,0,0,1,1,Mailed Check,0,3,1,9,0,134.19,0,0
54,0,27.93,4801,One Year,0,Male,0,0,0,1,0,0,1,1,Bank Withdrawal,0,3,0,58,0,1619.94,0,0
78,12,16.83,4661,Month-to-Month,1,Female,1,1,0,0,1,0,1,0,Bank Withdrawal,0,1,0,47,0,791.01,0,1
34,17,39.6,3113,Month-to-Month,0,Male,1,0,1,0,0,0,1,0,Mailed Check,1,2,0,1,0,39.6,0,1
49,21,34.98,5687,Month-to-Month,1,Male,1,0,0,1,1,0,1,0,Credit Card,0,5,0,17,0,594.66,0,0
28,48,8.8,5463,Two Year,0,Male,1,0,0,1,1,1,0,1,Bank Withdrawal,1,1,0,55,1,484.0,0,1
38,26,39.63,6136,One Year,1,Male,1,0,0,0,1,1,1,1,Bank Withdrawal,1,2,1,70,0,2774.1,0,1
50,7,2.03,2867,One Year,0,Female,1,0,0,1,0,0,0,0,Credit Card,0,5,0,46,0,93.38,0,0
51,25,0.0,5658,Two Year,0,Male,1,0,0,0,0,0,0,0,Credit Card,0,3,1,37,1,0.0,0,0
28,41,17.02,2110,Month-to-Month,0,Female,1,1,0,1,1,1,1,0,Bank Withdrawal,0,1,1,13,0,221.26,0,1
39,17,23.7,2806,Month-to-Month,1,Female,1,0,0,1,0,0,1,0,Mailed Check,0,3,0,1,0,23.7,0,1
25,0,4.57,5306,Two Year,0,Female,0,0,1,1,0,0,0,1,Credit Card,0,3,0,25,0,114.25,0,0
79,23,8.35,5571,Month-to-Month,0,Male,1,1,0,0,0,0,1,0,Bank Withdrawal,0,1,0,1,0,8.35,0,1
21,0,22.96,2630,Two Year,0,Male,0,0,1,1,0,0,0,1,Credit Card,0,5,0,40,0,918.4,0,0
69,6,33.74,5247,Month-to-Month,0,Female,1,1,0,0,0,0,1,1,Bank Withdrawal,0,3,1,32,0,1079.68,1,1
45,0,15.77,2484,Month-to-Month,0,Male,0,0,0,0,0,0,0,0,Credit Card,0,3,0,1,0,15.77,0,0
37,24,0.0,2315,One Year,1,Male,1,0,0,0,0,0,1,1,Credit Card,0,5,1,25,1,0.0,0,0
60,27,19.05,4498,Month-to-Month,0,Female,1,0,0,1,0,0,0,1,Bank Withdrawal,0,1,0,13,0,247.65,0,1
59,15,33.69,5577,Month-to-Month,0,Female,1,1,0,1,0,1,1,0,Credit Card,0,3,0,13,0,437.97,0,0
72,28,47.4,4999,Two Year,1,Female,1,1,0,0,1,1,1,1,Credit Card,0,3,1,72,0,3412.8,0,0
52,18,24.91,4881,Month-to-Month,0,Male,1,0,0,0,0,0,0,0,Credit Card,0,1,0,25,1,622.75,0,1
51,0,18.62,2836,Two Year,0,Female,0,0,1,0,0,0,0,1,Credit Card,0,5,0,10,0,186.2,0,0
56,21,9.49,4388,Month-to-Month,0,Male,1,1,0,0,0,0,1,0,Bank Withdrawal,0,3,0,29,0,275.21,1,0
73,13,49.91,6132,Two Year,1,Male,1,1,0,0,1,0,1,1,Bank Withdrawal,0,3,0,69,0,3443.79,0,0
35,22,42.18,6245,One Year,0,Female,1,0,1,1,1,0,1,1,Bank Withdrawal,0,5,1,57,0,2404.26,0,0
26,76,0.0,3955,Month-to-Month,0,Male,1,0,0,0,1,0,1,1,Bank Withdrawal,0,2,1,4,0,0.0,0,1
45,24,45.39,2317,Month-to-Month,0,Male,1,0,0,1,0,0,0,0,Bank Withdrawal,0,3,1,20,0,907.8,0,0
41,10,5.01,4963,Month-to-Month,1,Female,1,1,0,0,1,1,1,1,Bank Withdrawal,1,1,1,41,0,205.41,0,1
41,18,27.3,5559,Month-to-Month,1,Male,1,0,0,0,0,0,0,0,Bank Withdrawal,0,3,1,15,0,409.5,0,0
54,13,0.0,4093,Two Year,1,Female,1,0,0,1,0,1,1,0,Bank Withdrawal,1,3,1,70,0,0.0,0,0
59,0,25.54,4329,Two Year,0,Female,0,0,0,0,0,0,0,1,Credit Card,0,4,0,18,0,459.72,0,0
79,18,34.01,4703,Month-to-Month,0,Female,1,1,0,0,1,0,1,0,Bank Withdrawal,0,2,1,12,0,408.12,0,1
76,21,2.9,2322,Month-to-Month,0,Female,1,0,0,1,0,1,1,1,Credit Card,0,1,0,42,0,121.8,0,1
53,3,49.66,2429,Month-to-Month,0,Male,1,0,0,1,1,1,1,1,Bank Withdrawal,1,3,1,22,0,1092.52,0,0
40,23,22.88,3847,Month-to-Month,0,Female,1,0,0,0,0,0,1,0,Bank Withdrawal,0,2,1,9,0,205.92,0,1
36,28,10.92,5974,Two Year,1,Male,1,1,0,0,1,1,1,1,Credit Card,1,3,1,72,0,786.24,0,0
27,42,0.0,4445,Two Year,0,Female,1,0,0,0,0,1,0,1,Credit Card,1,4,0,23,0,0.0,0,0
43,22,0.0,5269,One Year,1,Female,1,0,1,0,0,1,0,1,Credit Card,0,3,0,48,0,0.0,0,0
36,29,0.0,4840,Month-to-Month,0,Female,1,0,0,1,0,0,1,1,Bank Withdrawal,1,1,1,16,0,0.0,0,1
19,0,29.15,3353,Two Year,0,Male,0,0,1,1,0,0,0,0,Credit Card,0,3,0,5,0,145.75,0,0
26,26,28.59,2931,Month-to-Month,1,Male,1,1,0,0,0,0,1,0,Credit Card,0,1,0,18,0,514.62,0,1
48,16,27.58,5066,Month-to-Month,0,Male,1,0,0,1,0,0,0,0,Bank Withdrawal,0,1,0,1,0,27.58,0,1
35,13,26.43,4810,Month-to-Month,1,Male,1,1,0,0,1,0,1,0,Bank Withdrawal,0,3,0,10,0,264.3,0,0
26,0,45.87,5919,Month-to-Month,0,Female,0,0,1,0,0,0,0,0,Mailed Check,0,4,0,8,0,366.96,0,0
27,73,46.94,6088,Month-to-Month,1,Male,1,1,0,0,0,0,1,1,Bank Withdrawal,0,1,1,49,1,2300.06,0,1
80,14,6.33,2793,Month-to-Month,0,Female,1,1,1,1,0,0,1,1,Bank Withdrawal,0,2,0,37,0,234.21,0,1
46,0,5.69,2712,Month-to-Month,0,Female,0,0,0,0,0,0,0,1,Mailed Check,0,4,0,29,0,165.01,0,0
62,12,12.42,2157,One Year,0,Female,1,0,0,0,0,0,0,0,Bank Withdrawal,1,5,0,41,0,509.22,0,0
42,26,24.83,5104,Month-to-Month,1,Female,1,0,0,0,0,1,0,0,Credit Card,0,4,0,5,0,124.15,0,0
54,30,2.2,4179,Month-to-Month,0,Male,1,0,0,0,0,0,1,1,Bank Withdrawal,0,2,0,1,0,2.2,0,1
59,3,29.16,4492,Month-to-Month,0,Female,1,0,0,1,0,0,1,0,Credit Card,0,3,0,11,0,320.76,0,0
54,27,0.0,3882,One Year,0,Female,1,0,0,0,0,1,0,1,Credit Card,1,3,0,12,0,0.0,0,0
23,27,0.0,4051,Two Year,0,Female,1,0,0,0,0,1,0,1,Bank Withdrawal,1,4,1,37,0,0.0,1,0
78,28,49.98,3509,One Year,1,Female,1,0,0,1,0,1,1,0,Mailed Check,1,3,0,22,0,1099.56,0,0
56,8,16.99,5262,Month-to-Month,0,Female,1,0,0,0,1,0,0,0,Bank Withdrawal,0,4,0,1,1,16.99,0,0
57,0,37.62,3666,Month-to-Month,0,Female,0,0,0,0,0,0,0,0,Bank Withdrawal,0,3,0,1,0,37.62,0,0
31,22,0.0,5995,One Year,1,Female,1,0,0,0,1,0,0,1,Mailed Check,0,2,0,48,0,0.0,0,1
51,30,25.9,5907,Two Year,1,Female,1,1,1,1,1,1,0,1,Credit Card,1,4,1,56,0,1450.4,0,0
68,15,25.27,5857,Month-to-Month,0,Female,1,1,0,0,0,0,0,1,Bank Withdrawal,1,2,1,18,0,454.86,0,1
27,71,24.4,3326,Month-to-Month,0,Female,1,1,0,0,0,0,1,0,Bank Withdrawal,0,3,1,18,0,439.2,0,1
29,48,0.0,3065,Month-to-Month,0,Female,1,0,1,1,0,0,0,0,Credit Card,0,5,0,1,1,0.0,0,0
38,0,31.78,5748,Two Year,0,Male,0,0,1,1,0,0,0,1,Credit Card,0,5,0,70,0,2224.6,1,0
57,0,3.18,4871,Two Year,0,Male,0,0,0,0,0,0,0,0,Credit Card,0,5,0,43,0,136.74,1,0
35,21,0.0,4015,Month-to-Month,0,Male,1,0,0,1,0,0,0,0,Credit Card,0,3,0,5,0,0.0,0,0
51,2,0.0,5633,One Year,1,Male,1,0,0,0,1,1,0,1,Bank Withdrawal,0,1,1,51,0,0.0,0,1
35,4,0.0,4119,Month-to-Month,1,Female,1,0,0,1,0,0,1,0,Bank Withdrawal,0,3,1,39,0,0.0,0,1
49,0,27.04,3027,Month-to-Month,0,Male,0,0,0,0,0,0,1,0,Credit Card,0,4,0,4,0,108.16,0,0
53,0,10.14,3389,Month-to-Month,0,Male,0,0,1,0,0,0,1,0,Mailed Check,0,3,0,1,0,10.14,0,0
42,0,23.67,4639,Month-to-Month,0,Female,0,0,0,1,0,0,0,0,Credit Card,0,3,0,1,0,23.67,0,0
41,3,30.8,5017,Month-to-Month,0,Male,1,0,0,0,0,0,1,0,Bank Withdrawal,1,3,1,9,0,277.2,0,0
36,51,9.5,4952,One Year,0,Male,1,1,1,0,1,0,0,1,Bank Withdrawal,1,5,0,51,0,484.5,1,0
28,0,23.12,5462,One Year,0,Female,0,0,0,0,0,0,0,0,Bank Withdrawal,0,5,0,67,0,1549.04,1,0
37,18,11.96,5953,Month-to-Month,0,Male,1,1,0,0,0,0,1,0,Credit Card,1,3,0,16,0,191.36,0,1
44,0,47.24,4747,Two Year,0,Female,0,0,0,0,0,0,0,1,Bank Withdrawal,0,3,0,72,0,3401.28,0,0
61,24,27.62,6092,Month-to-Month,0,Male,1,0,0,1,1,1,1,0,Credit Card,1,4,1,54,0,1491.48,0,0
55,10,20.36,5750,Month-to-Month,1,Female,1,1,0,1,1,0,1,0,Credit Card,1,1,1,6,0,122.16,0,1
50,0,19.09,5668,Two Year,0,Male,0,1,1,0,0,0,0,1,Bank Withdrawal,0,4,0,68,0,1298.12,1,0
48,0,20.11,3043,Two Year,0,Female,0,1,1,1,0,0,1,1,Bank Withdrawal,0,4,0,45,0,904.95,0,0
20,48,12.28,5162,Two Year,1,Male,1,0,0,0,0,1,1,0,Bank Withdrawal,1,3,0,55,0,675.4,0,0
49,0,11.6,4453,Two Year,0,Female,0,0,1,1,0,0,0,1,Credit Card,0,4,0,30,0,348.0,0,0
34,18,34.02,5540,One Year,1,Male,1,1,0,0,1,1,0,1,Credit Card,1,3,0,63,0,2143.26,0,0
75,22,46.05,4819,Month-to-Month,0,Female,1,1,0,0,0,0,1,1,Bank Withdrawal,0,3,0,8,0,368.4,0,1
58,10,26.47,2384,Month-to-Month,0,Male,1,0,0,0,0,0,1,0,Bank Withdrawal,0,1,0,2,1,52.94,0,1
34,0,9.44,4745,Month-to-Month,0,Female,0,0,0,1,0,0,1,0,Bank Withdrawal,0,3,0,1,0,9.44,0,0
39,28,14.75,4292,Month-to-Month,0,Male,1,0,0,1,0,0,1,1,Bank Withdrawal,0,1,0,7,1,103.25,0,1
35,16,13.04,3574,Month-to-Month,0,Female,1,1,0,0,0,0,1,0,Credit Card,0,5,0,16,0,208.64,1,0
60,18,0.0,3585,One Year,0,Female,1,0,0,1,0,1,0,0,Credit Card,0,4,0,32,0,0.0,0,0
45,8,9.34,4417,Month-to-Month,0,Female,1,0,0,1,0,0,0,0,Bank Withdrawal,1,2,1,30,0,280.2,0,1
20,52,44.79,5954,One Year,1,Female,1,1,1,1,0,0,0,1,Bank Withdrawal,0,5,1,52,0,2329.08,0,0
21,0,5.1,5750,Month-to-Month,0,Female,0,0,0,0,0,0,0,0,Credit Card,0,3,0,1,0,5.1,0,0
43,21,19.04,3262,Two Year,1,Female,1,0,0,1,0,1,1,0,Credit Card,1,3,1,48,0,913.92,0,0
64,0,32.93,5623,One Year,0,Male,0,1,0,0,0,0,1,1,Mailed Check,0,3,0,56,0,1844.08,0,0
72,13,10.03,3860,Two Year,1,Female,1,1,0,0,0,0,1,0,Bank Withdrawal,0,3,1,39,0,391.17,0,0
56,0,34.84,6201,Two Year,0,Female,0,1,1,0,0,0,1,1,Credit Card,0,3,0,61,0,2125.24,0,0
19,48,44.85,5735,One Year,1,Female,1,1,0,0,0,1,1,0,Credit Card,0,4,0,55,0,2466.75,0,0
76,7,0.0,5089,One Year,0,Male,1,0,0,1,0,1,0,1,Bank Withdrawal,1,3,0,63,0,0.0,0,0
30,85,13.04,2899,Month-to-Month,0,Male,1,0,0,0,0,0,1,0,Credit Card,0,1,0,8,1,104.32,0,1
29,0,32.01,2158,Month-to-Month,0,Male,0,0,0,1,0,0,0,0,Mailed Check,0,1,0,3,0,96.03,0,1
56,11,5.3,5346,Month-to-Month,0,Female,1,1,1,0,0,1,0,0,Credit Card,0,4,0,2,0,10.6,0,0
38,27,42.46,4996,Month-to-Month,0,Male,1,0,0,1,0,0,1,0,Bank Withdrawal,0,2,1,1,0,42.46,0,1
62,23,48.29,3359,Month-to-Month,0,Female,1,1,0,0,1,0,0,1,Credit Card,0,5,0,40,0,1931.6,0,0
36,13,31.79,5586,Month-to-Month,1,Male,1,1,0,0,1,1,1,1,Bank Withdrawal,1,4,1,57,0,1812.03,0,0
22,76,38.83,2939,Month-to-Month,1,Female,1,0,0,1,0,0,1,1,Bank Withdrawal,0,1,1,8,0,310.64,0,1
30,30,38.88,4509,Month-to-Month,0,Male,1,0,0,0,0,1,1,0,Bank Withdrawal,0,1,0,11,0,427.68,0,1
39,21,0.0,5422,One Year,1,Male,1,0,0,1,1,1,1,1,Bank Withdrawal,0,1,0,40,0,0.0,0,1
26,0,32.28,4811,One Year,0,Male,0,1,0,0,0,0,1,1,Credit Card,0,4,0,62,0,2001.36,0,0
60,4,19.08,2341,Month-to-Month,1,Female,1,1,0,0,0,0,1,1,Bank Withdrawal,1,1,1,38,0,725.04,0,1
54,10,25.4,3866,Month-to-Month,0,Female,1,1,0,1,1,1,1,0,Bank Withdrawal,0,4,1,26,0,660.4,0,0
77,19,8.06,2578,One Year,0,Female,1,0,0,1,0,0,1,0,Bank Withdrawal,0,3,1,6,0,48.36,0,0
39,13,38.67,5219,Month-to-Month,0,Female,1,1,0,0,1,0,1,1,Bank Withdrawal,0,2,0,31,0,1198.77,0,1
50,7,26.15,5170,One Year,0,Male,1,1,0,0,1,0,0,1,Credit Card,0,2,1,56,1,1464.4,0,1
62,24,19.08,5283,Month-to-Month,0,Male,1,1,0,0,0,0,0,0,Credit Card,0,2,0,49,1,934.92,0,1
50,15,18.57,3258,Month-to-Month,0,Female,1,0,0,1,1,0,0,0,Credit Card,0,3,0,40,0,742.8,0,0
60,9,0.0,5565,Month-to-Month,0,Female,1,0,0,0,0,0,0,0,Credit Card,1,4,0,1,1,0.0,0,0
48,3,15.78,3378,Month-to-Month,0,Male,1,1,0,0,1,1,1,0,Bank Withdrawal,0,1,0,46,0,725.88,0,1
26,0,39.44,4241,Two Year,0,Female,0,0,0,0,0,0,0,1,Credit Card,0,4,0,71,0,2800.24,0,0
45,0,30.22,3416,Two Year,0,Female,0,1,1,1,0,0,0,0,Credit Card,0,4,0,18,0,543.96,0,0
27,59,1.63,2172,Month-to-Month,0,Female,1,0,0,0,1,0,0,0,Bank Withdrawal,0,1,1,1,1,1.63,0,1
29,51,4.48,5269,Month-to-Month,1,Female,1,1,0,0,0,0,1,0,Bank Withdrawal,1,1,0,45,0,201.6,0,1
74,11,48.92,4483,One Year,0,Female,1,1,0,1,0,1,1,0,Bank Withdrawal,0,4,1,60,0,2935.2,0,0
53,5,29.52,4519,Month-to-Month,0,Male,1,0,0,0,0,0,1,0,Bank Withdrawal,0,3,0,19,0,560.88,1,0
21,42,48.3,4099,Month-to-Month,1,Female,1,0,0,0,0,0,0,0,Bank Withdrawal,0,3,1,3,0,144.9,0,0
56,15,33.25,4203,Two Year,1,Female,1,1,1,1,1,1,1,1,Credit Card,1,5,1,70,0,2327.5,0,0
37,24,4.82,5940,One Year,1,Male,1,0,0,1,0,0,1,0,Bank Withdrawal,0,5,0,53,0,255.46,0,0
29,51,23.31,4161,Two Year,1,Male,1,1,0,0,1,0,0,1,Bank Withdrawal,0,3,1,61,0,1421.91,0,0
33,30,35.09,2776,Month-to-Month,0,Male,1,0,1,1,0,0,0,1,Credit Card,0,5,0,4,0,140.36,0,0
35,0,34.46,4157,Two Year,0,Male,0,0,0,1,0,0,0,1,Credit Card,0,3,0,53,0,1826.38,0,0
48,4,12.5,3319,Month-to-Month,1,Female,1,0,0,0,0,0,1,0,Mailed Check,0,3,0,3,0,37.5,1,0
21,48,16.78,5947,Two Year,1,Female,1,1,0,1,1,1,1,1,Bank Withdrawal,1,1,1,70,0,1174.6,1,1
72,13,18.2,2146,Month-to-Month,0,Female,1,0,0,1,0,0,1,0,Bank Withdrawal,0,3,0,1,0,18.2,0,1
27,59,23.0,4133,Month-to-Month,0,Female,1,0,0,1,0,0,1,0,Bank Withdrawal,0,1,0,1,0,23.0,0,1
63,21,16.42,5838,Month-to-Month,0,Female,1,0,0,0,0,1,1,0,Bank Withdrawal,0,3,0,1,0,16.42,0,0
53,26,17.3,4815,Month-to-Month,0,Male,1,0,0,1,0,1,0,0,Bank Withdrawal,0,4,0,25,0,432.5,1,0
63,11,34.0,4673,Month-to-Month,0,Male,1,0,0,0,0,1,1,0,Bank Withdrawal,0,1,0,43,0,1462.0,0,1
63,0,5.41,4855,Month-to-Month,0,Female,0,1,0,0,0,0,0,0,Credit Card,0,3,0,5,0,27.05,0,0
80,28,30.37,5082,Month-to-Month,1,Female,1,0,0,1,1,0,1,0,Bank Withdrawal,0,1,1,17,0,516.29,0,1
56,0,10.11,2016,Two Year,0,Male,0,0,0,1,0,0,0,0,Credit Card,0,5,0,13,0,131.43,0,0
38,14,15.84,2845,Month-to-Month,1,Female,1,0,0,0,1,1,0,0,Bank Withdrawal,0,3,0,7,0,110.88,0,0
31,0,48.7,5077,One Year,0,Male,0,1,1,0,0,0,0,1,Bank Withdrawal,0,5,0,13,0,633.1,0,0
59,19,17.63,4396,Month-to-Month,1,Male,1,0,0,1,1,0,1,0,Credit Card,0,3,0,33,0,581.79,0,0
21,27,9.3,2235,Month-to-Month,1,Female,1,1,0,0,1,1,0,1,Credit Card,0,3,0,24,0,223.2,1,0
29,42,48.38,5983,Month-to-Month,1,Male,1,0,0,0,0,1,1,0,Credit Card,0,3,0,10,0,483.8,0,0
46,53,26.58,2452,Month-to-Month,0,Female,1,1,1,1,0,0,1,1,Bank Withdrawal,0,3,1,14,0,372.12,0,0
23,26,0.0,4483,Two Year,1,Male,1,0,0,0,0,1,0,0,Bank Withdrawal,1,3,0,70,0,0.0,0,0
54,19,22.31,5322,Month-to-Month,1,Male,1,1,1,0,1,0,1,1,Bank Withdrawal,0,5,0,45,0,1003.95,0,0
30,30,46.27,5499,Month-to-Month,0,Female,1,0,1,0,1,1,0,1,Bank Withdrawal,0,3,0,38,0,1758.26,0,0
57,0,17.38,4538,Two Year,0,Male,0,0,0,1,0,0,0,1,Credit Card,0,3,0,63,0,1094.94,0,0
42,0,49.53,3000,Month-to-Month,0,Male,0,0,1,0,0,0,0,0,Mailed Check,0,3,0,2,0,99.06,0,0
21,58,0.0,5278,Two Year,1,Female,1,0,0,0,0,1,0,0,Credit Card,1,3,0,68,0,0.0,0,0
61,24,13.28,5813,Two Year,1,Female,1,1,0,0,1,1,1,0,Credit Card,1,4,1,66,0,876.48,0,0
27,41,32.96,4151,Two Year,1,Male,1,1,1,0,0,0,1,1,Bank Withdrawal,1,4,1,61,0,2010.56,0,0
29,85,48.49,4456,Month-to-Month,0,Female,1,1,0,0,0,0,1,0,Bank Withdrawal,0,4,1,5,0,242.45,0,0
56,7,29.6,5009,Month-to-Month,1,Female,1,0,0,1,0,0,1,1,Credit Card,0,3,1,18,0,532.8,1,0
21,76,28.17,5077,Two Year,1,Female,1,0,0,1,0,1,0,1,Bank Withdrawal,1,4,0,54,0,1521.18,0,0
27,73,31.24,5543,Month-to-Month,1,Male,1,1,0,1,0,1,0,1,Bank Withdrawal,0,1,0,53,0,1655.72,0,1
40,11,27.1,3598,Month-to-Month,0,Female,1,0,0,0,0,0,1,0,Bank Withdrawal,0,3,0,10,0,271.0,0,1
66,27,42.82,5502,Month-to-Month,1,Female,1,1,0,1,1,0,1,1,Bank Withdrawal,0,1,0,55,1,2355.1,0,1
28,85,26.16,2777,Month-to-Month,0,Male,1,1,0,1,1,0,1,0,Bank Withdrawal,0,2,1,4,0,104.64,1,1
40,24,39.35,5745,Month-to-Month,0,Male,1,0,1,1,0,1,0,1,Bank Withdrawal,0,3,1,2,0,78.7,0,0
19,26,36.39,2450,One Year,1,Male,1,0,0,0,0,1,0,0,Credit Card,1,3,1,27,0,982.53,0,0
80,9,6.1,4921,One Year,0,Male,1,1,0,0,1,0,0,0,Bank Withdrawal,1,4,1,71,0,433.1,0,0
19,0,26.64,3904,Two Year,0,Female,0,1,0,0,0,0,0,0,Credit Card,0,5,0,24,0,639.36,0,0
79,0,25.57,3136,Month-to-Month,0,Female,0,1,0,0,0,0,0,1,Mailed Check,0,4,0,28,0,715.96,0,0
49,21,36.98,2520,Month-to-Month,0,Male,1,0,0,0,1,1,1,0,Credit Card,1,4,0,40,0,1479.2,0,0
34,18,26.54,2577,Month-to-Month,0,Female,1,1,0,1,0,0,1,0,Credit Card,0,4,0,15,0,398.1,0,0
48,28,41.68,6380,Two Year,1,Female,1,1,0,1,1,1,0,1,Bank Withdrawal,0,3,1,72,0,3000.96,0,0
77,9,21.79,4582,One Year,1,Male,1,1,0,0,1,0,1,1,Bank Withdrawal,1,5,1,66,0,1438.14,0,0
45,2,45.28,4864,Month-to-Month,0,Male,1,0,0,0,0,0,0,0,Mailed Check,0,4,0,1,0,45.28,0,0
35,30,38.43,3183,Two Year,1,Male,1,0,0,0,1,1,0,0,Bank Withdrawal,1,4,0,37,0,1421.91,0,0
63,28,38.07,2679,Month-to-Month,0,Male,1,1,0,0,0,0,0,0,Bank Withdrawal,0,1,0,7,0,266.49,0,1
62,0,15.41,5636,Two Year,0,Female,0,0,1,0,0,0,0,1,Credit Card,0,4,0,35,0,539.35,0,0
56,3,11.94,5036,Two Year,1,Male,1,0,0,0,1,1,0,1,Bank Withdrawal,0,3,0,68,0,811.92,0,0
32,19,24.16,5192,Month-to-Month,1,Male,1,0,1,1,0,1,1,1,Mailed Check,0,4,1,18,0,434.88,0,0
60,0,14.54,4057,Two Year,0,Female,0,0,1,1,0,0,0,1,Credit Card,0,4,0,51,0,741.54,0,0
60,2,32.43,5339,Month-to-Month,0,Female,1,0,0,1,1,1,1,0,Bank Withdrawal,0,1,0,3,0,97.29,0,1
44,13,1.27,3571,Month-to-Month,0,Male,1,1,1,0,1,0,1,0,Credit Card,0,5,0,38,0,48.26,0,0
43,16,28.97,5487,Month-to-Month,0,Male,1,0,0,0,0,0,1,0,Credit Card,0,4,0,3,1,86.91,0,0
69,13,0.0,5681,One Year,1,Male,1,0,0,0,0,0,1,1,Credit Card,0,3,0,69,0,0.0,0,0
29,27,27.91,5329,Month-to-Month,0,Male,1,0,1,0,0,0,1,1,Bank Withdrawal,1,5,0,22,0,614.02,0,0
35,0,11.77,5867,Month-to-Month,0,Female,0,0,0,0,0,0,0,1,Credit Card,0,3,0,3,0,35.31,0,0
61,27,0.0,6347,Two Year,1,Female,1,0,0,0,0,1,0,1,Bank Withdrawal,1,1,0,64,0,0.0,0,1
51,20,10.07,4073,Two Year,1,Male,1,1,0,0,0,0,0,1,Credit Card,1,4,1,63,0,634.41,0,0
21,0,11.3,5497,Two Year,0,Male,0,0,1,0,0,0,0,1,Mailed Check,0,4,0,71,0,802.3,0,0
30,51,5.09,4651,Month-to-Month,0,Female,1,0,1,1,0,0,1,1,Bank Withdrawal,0,4,0,8,0,40.72,0,0
78,2,38.53,2583,Month-to-Month,1,Male,1,1,0,0,1,0,1,0,Credit Card,0,2,0,33,0,1271.49,0,1
69,11,24.92,4673,One Year,0,Male,1,1,0,0,1,0,1,0,Bank Withdrawal,0,5,0,51,0,1270.92,1,0
62,6,7.54,5446,One Year,1,Female,1,1,0,0,1,1,0,0,Bank Withdrawal,0,3,1,51,0,384.54,1,0
23,0,36.24,4557,Two Year,0,Female,0,0,0,0,0,0,0,1,Credit Card,0,5,0,64,0,2319.36,0,0
30,0,2.87,3899,Two Year,0,Male,0,0,1,1,0,0,0,1,Credit Card,0,4,0,8,0,22.96,0,0
65,5,24.54,3041,Month-to-Month,0,Male,1,1,0,0,0,0,1,1,Credit Card,0,2,0,36,0,883.44,0,1
65,10,37.62,3502,Month-to-Month,0,Male,1,1,0,0,0,0,1,0,Bank Withdrawal,0,3,1,14,0,526.68,0,0
80,30,25.13,4254,Two Year,0,Male,1,0,0,0,0,1,0,1,Bank Withdrawal,0,4,0,10,0,251.3,0,0
70,19,24.68,4340,Two Year,0,Female,1,1,0,1,1,0,0,1,Bank Withdrawal,0,3,0,60,1,1480.8,0,0
24,0,2.56,5829,Two Year,0,Female,0,0,1,0,0,0,0,1,Bank Withdrawal,0,4,0,47,0,120.32,0,0
43,0,4.7,2276,Month-to-Month,0,Male,0,0,1,1,0,0,0,1,Credit Card,0,3,0,19,0,89.3,0,0
43,0,39.08,6305,Two Year,0,Male,0,1,0,0,0,0,0,0,Bank Withdrawal,0,5,0,71,0,2774.68,0,0
36,17,10.41,3571,Month-to-Month,0,Male,1,0,0,0,0,0,1,0,Mailed Check,0,3,0,1,0,10.41,0,1
38,0,25.62,2093,One Year,0,Female,0,0,0,0,0,0,0,0,Bank Withdrawal,0,4,0,17,0,435.54,0,0
68,20,10.45,4861,Two Year,0,Female,1,1,0,0,0,1,1,0,Bank Withdrawal,0,3,1,66,0,689.7,0,0
53,0,16.72,5183,Two Year,0,Female,0,1,0,0,0,0,1,0,Bank Withdrawal,0,3,0,67,0,1120.24,1,0
48,11,22.14,3516,Month-to-Month,0,Male,1,1,0,0,0,0,1,1,Credit Card,1,3,1,14,0,309.96,0,0
49,17,46.66,2649,Month-to-Month,0,Female,1,0,1,0,1,1,0,1,Bank Withdrawal,1,3,0,32,0,1493.12,0,0
34,6,4.19,2662,Month-to-Month,1,Male,1,0,0,1,0,0,1,1,Mailed Check,1,4,0,3,0,12.57,0,0
69,5,10.4,4763,Two Year,0,Male,1,1,0,1,0,0,1,1,Bank Withdrawal,1,3,1,60,1,624.0,0,0
42,8,13.82,5470,Month-to-Month,1,Female,1,1,0,1,0,0,1,0,Credit Card,0,3,0,45,0,621.9,0,0
50,12,42.1,4596,One Year,0,Female,1,1,0,0,0,0,1,1,Credit Card,0,3,1,54,0,2273.4,0,1
41,3,45.21,4001,Month-to-Month,1,Female,1,1,0,0,0,0,1,0,Bank Withdrawal,0,1,1,10,0,452.1,0,1
28,42,29.07,5451,Month-to-Month,0,Male,1,0,0,1,0,0,0,0,Bank Withdrawal,0,3,0,26,0,755.82,0,0
69,0,19.87,3491,Month-to-Month,0,Male,0,0,0,1,0,0,0,0,Credit Card,0,1,0,1,0,19.87,0,1
58,20,40.03,3624,Month-to-Month,0,Female,1,0,1,1,1,0,0,1,Bank Withdrawal,0,3,0,16,0,640.48,0,0
59,29,33.46,4732,Month-to-Month,0,Female,1,0,1,1,0,0,1,1,Bank Withdrawal,0,5,0,22,0,736.12,0,0
44,0,45.03,2823,One Year,0,Male,0,0,0,1,0,0,0,0,Credit Card,0,4,0,13,0,585.39,1,0
47,58,21.89,6158,Two Year,1,Male,1,1,1,0,1,1,0,1,Bank Withdrawal,1,3,1,72,1,1576.08,1,0
38,24,47.69,4879,Month-to-Month,0,Male,1,0,1,0,1,0,1,1,Bank Withdrawal,0,5,1,58,0,2766.02,0,0
61,16,6.28,6221,Two Year,1,Female,1,0,1,0,1,1,1,1,Credit Card,1,3,1,68,1,427.04,0,0
25,0,29.41,5471,Two Year,0,Female,0,1,1,1,0,0,0,1,Credit Card,0,5,0,71,0,2088.11,0,0
26,85,23.63,5654,Month-to-Month,0,Male,1,1,0,1,1,0,0,0,Mailed Check,1,1,0,1,0,23.63,0,1
19,59,0.0,2515,Month-to-Month,0,Male,1,0,0,1,0,0,0,0,Mailed Check,0,4,0,2,0,0.0,0,0
22,0,35.05,4363,Month-to-Month,0,Male,0,0,1,1,0,0,1,1,Credit Card,0,4,0,32,0,1121.6,0,0
53,3,6.74,2274,Month-to-Month,0,Male,1,0,0,1,0,0,1,0,Credit Card,0,3,0,2,0,13.48,0,0
41,3,16.61,5174,Month-to-Month,0,Male,1,0,0,0,0,0,0,1,Bank Withdrawal,0,1,1,17,0,282.37,0,1
19,76,0.0,3146,Month-to-Month,0,Female,1,0,0,1,0,0,1,0,Bank Withdrawal,0,1,0,2,0,0.0,0,1
79,4,0.0,3606,Two Year,0,Male,1,0,0,0,1,0,1,0,Credit Card,0,3,0,12,0,0.0,1,0
61,29,44.34,4062,Month-to-Month,0,Female,1,1,0,1,0,0,1,1,Bank Withdrawal,0,2,0,3,0,133.02,0,1
48,25,5.17,2564,Two Year,1,Male,1,0,0,1,1,0,0,1,Credit Card,1,3,1,14,0,72.38,0,0
50,0,11.96,3129,Month-to-Month,0,Female,0,0,0,0,0,0,0,0,Credit Card,0,5,0,1,0,11.96,0,0
19,73,0.0,2562,Month-to-Month,0,Male,1,0,1,1,1,0,0,1,Mailed Check,1,4,0,12,0,0.0,0,0
57,5,22.48,2119,Month-to-Month,0,Female,1,0,0,0,0,0,1,0,Bank Withdrawal,0,3,1,1,0,22.48,0,1
70,19,46.38,2099,Month-to-Month,0,Male,1,1,0,1,0,0,0,0,Bank Withdrawal,0,3,0,15,0,695.7,0,1
51,6,14.69,5268,Two Year,1,Female,1,1,0,0,0,0,0,1,Bank Withdrawal,1,5,1,69,1,1013.61,0,0
69,14,4.04,5983,Two Year,0,Male,1,1,0,0,0,1,1,0,Credit Card,0,3,0,30,0,121.2,0,0
62,18,24.56,3094,Month-to-Month,1,Female,1,1,1,0,1,0,1,1,Bank Withdrawal,1,4,1,30,0,736.8,0,0
29,69,40.63,4384,Two Year,0,Male,1,1,0,1,1,1,0,1,Bank Withdrawal,1,3,0,71,0,2884.73,1,0
40,0,6.48,5060,Month-to-Month,0,Female,0,0,1,1,0,0,0,1,Credit Card,0,3,0,6,0,38.88,0,0
79,23,5.42,2064,One Year,0,Female,1,0,0,1,0,0,0,1,Bank Withdrawal,0,4,0,5,0,27.1,0,0
45,0,43.84,4347,Two Year,0,Male,0,0,1,0,0,0,1,1,Credit Card,0,5,0,26,0,1139.84,0,0
55,53,18.42,6391,Two Year,1,Female,1,1,1,0,0,1,1,1,Bank Withdrawal,1,4,1,68,0,1252.56,0,0
24,76,22.2,4078,One Year,1,Female,1,1,0,1,0,1,0,1,Bank Withdrawal,0,4,1,40,0,888.0,0,0
59,0,38.55,5617,Two Year,0,Male,0,1,1,0,0,0,1,1,Credit Card,0,5,0,66,0,2544.3,0,0
38,0,5.15,4430,Month-to-Month,0,Male,0,0,1,1,0,0,0,0,Mailed Check,0,5,0,3,0,15.45,0,0
54,29,28.2,5180,Month-to-Month,1,Female,1,1,0,0,0,0,1,0,Bank Withdrawal,0,3,1,5,0,141.0,0,1
69,30,0.0,3511,Month-to-Month,0,Male,1,0,0,1,0,0,1,1,Bank Withdrawal,0,3,0,38,0,0.0,0,0
79,18,3.04,2715,One Year,1,Male,1,0,0,0,0,0,1,0,Bank Withdrawal,1,4,1,35,0,106.4,0,0
28,82,25.27,5898,Month-to-Month,1,Female,1,1,1,0,0,1,0,1,Bank Withdrawal,1,1,1,35,0,884.45,0,1
27,0,26.09,4476,Month-to-Month,0,Female,0,0,1,0,0,0,0,0,Credit Card,0,5,0,28,0,730.52,0,0
27,0,27.47,3300,Month-to-Month,0,Male,0,0,0,1,0,0,0,0,Credit Card,0,3,0,2,0,54.94,0,0
44,23,14.21,4696,Month-to-Month,0,Male,1,0,0,1,1,0,1,1,Credit Card,0,4,1,49,0,696.29,0,0
41,0,15.86,2653,Two Year,0,Female,0,0,0,1,0,0,0,0,Mailed Check,0,5,0,8,0,126.88,0,0
43,11,1.6,2969,Month-to-Month,0,Female,1,1,1,0,0,0,1,1,Bank Withdrawal,0,4,1,37,0,59.2,0,0
76,16,38.75,5913,Month-to-Month,0,Female,1,1,0,0,0,0,1,0,Bank Withdrawal,0,2,1,16,0,620.0,0,1
51,15,37.69,2832,Month-to-Month,1,Male,1,1,0,0,1,0,1,0,Credit Card,0,1,1,40,0,1507.6,0,1
73,30,29.41,5831,Month-to-Month,0,Male,1,0,0,1,0,1,1,0,Bank Withdrawal,0,2,1,6,0,176.46,0,1
25,51,22.77,5698,Month-to-Month,0,Male,1,0,0,1,0,0,0,0,Credit Card,0,2,1,3,0,68.31,0,1
54,0,14.54,6066,Two Year,0,Male,0,1,1,1,0,0,0,1,Credit Card,0,5,0,67,0,974.18,0,0
73,12,36.75,2217,Two Year,0,Male,1,1,0,1,0,0,1,1,Bank Withdrawal,0,3,0,29,0,1065.75,0,0
25,59,16.01,6252,Two Year,1,Female,1,1,1,0,1,1,1,1,Credit Card,1,3,1,72,0,1152.72,0,0
30,0,3.37,5020,Month-to-Month,0,Female,0,0,0,1,0,0,0,0,Credit Card,0,4,0,5,0,16.85,0,0
41,18,19.15,4094,Month-to-Month,0,Male,1,0,0,1,0,0,0,1,Bank Withdrawal,0,3,0,1,1,19.15,0,1
25,52,27.69,4193,Two Year,1,Female,1,1,0,0,1,0,1,1,Bank Withdrawal,1,5,1,65,0,1799.85,0,0
55,0,41.36,3716,Month-to-Month,0,Female,0,0,0,1,0,0,1,1,Credit Card,0,5,0,3,0,124.08,0,0
57,22,40.22,3384,Month-to-Month,0,Female,1,0,0,1,0,0,1,0,Bank Withdrawal,0,5,0,19,0,764.18,0,0
45,3,46.84,2570,Month-to-Month,0,Male,1,0,0,1,0,0,0,0,Bank Withdrawal,0,3,0,2,0,93.68,0,1
56,0,47.26,3618,Month-to-Month,0,Male,0,0,0,1,0,0,0,0,Credit Card,0,1,0,1,0,47.26,0,1
36,0,1.44,4466,Two Year,0,Female,0,1,1,1,0,0,1,1,Credit Card,0,5,0,55,0,79.2,0,0
54,0,12.21,6228,Two Year,0,Male,0,1,0,0,0,0,0,1,Bank Withdrawal,0,4,0,55,0,671.55,0,0
27,48,0.0,3080,Month-to-Month,0,Male,1,0,0,0,1,1,1,0,Credit Card,1,1,1,39,0,0.0,0,1
43,0,48.93,5822,Two Year,0,Male,0,1,0,0,0,0,0,0,Bank Withdrawal,0,4,0,62,0,3033.66,0,0
42,0,28.18,5854,Month-to-Month,0,Female,0,0,0,1,0,0,1,0,Credit Card,0,4,0,1,0,28.18,0,0
45,29,0.0,4570,Month-to-Month,0,Male,1,0,0,0,0,0,0,0,Credit Card,0,3,0,1,0,0.0,0,0
51,28,37.04,2383,Month-to-Month,0,Male,1,1,0,0,0,0,1,0,Bank Withdrawal,0,3,0,32,0,1185.28,0,0
27,0,15.85,3948,Month-to-Month,0,Female,0,0,1,0,0,0,1,1,Bank Withdrawal,0,4,0,28,0,443.8,0,0
20,47,43.78,4709,Month-to-Month,1,Male,1,1,0,1,1,1,0,0,Credit Card,0,4,0,22,1,963.16,0,0
72,3,16.87,4181,Two Year,0,Female,1,1,0,1,0,0,1,1,Credit Card,0,4,0,70,0,1180.9,1,0
57,25,23.29,5425,Two Year,1,Female,1,0,0,0,1,0,1,1,Credit Card,1,5,0,64,0,1490.56,0,0
33,17,43.27,5036,Month-to-Month,0,Male,1,1,0,0,0,0,1,1,Bank Withdrawal,1,1,0,3,0,129.81,0,1
49,11,6.56,3404,One Year,1,Female,1,0,0,0,0,1,1,1,Credit Card,0,4,1,47,1,308.32,0,0
28,52,39.78,6367,Two Year,1,Female,1,0,0,0,1,0,1,1,Bank Withdrawal,1,5,1,70,0,2784.6,0,0
43,0,47.31,3586,Two Year,0,Male,0,1,1,0,0,0,0,1,Mailed Check,0,5,0,45,0,2128.95,0,0
44,10,0.0,3298,Month-to-Month,0,Female,1,0,0,0,0,0,1,1,Bank Withdrawal,0,3,0,20,0,0.0,0,1
63,2,17.73,4806,Month-to-Month,1,Male,1,0,0,0,1,0,0,1,Credit Card,1,3,0,61,0,1081.53,0,0
41,0,33.68,4399,Two Year,0,Male,0,0,0,0,0,0,0,0,Credit Card,0,5,0,48,0,1616.64,0,0
26,73,13.9,4898,One Year,1,Female,1,0,0,0,1,1,0,0,Bank Withdrawal,1,4,1,36,0,500.4,0,0
57,3,7.62,2504,Month-to-Month,0,Female,1,0,0,1,1,0,1,1,Credit Card,1,1,0,14,1,106.68,0,1
33,19,15.01,4014,Month-to-Month,1,Male,1,0,1,0,0,1,1,1,Credit Card,0,4,0,5,0,75.05,1,0
25,52,24.59,5725,Two Year,0,Male,1,1,1,1,1,1,1,1,Credit Card,1,3,0,54,0,1327.86,0,0
80,30,0.0,3542,Month-to-Month,0,Female,1,0,0,0,0,0,0,0,Bank Withdrawal,0,3,0,3,0,0.0,0,1
23,73,37.75,5995,Two Year,1,Male,1,1,1,1,0,0,1,1,Credit Card,0,4,1,62,0,2340.5,0,0
55,6,7.37,5259,Month-to-Month,0,Male,1,1,0,0,0,0,1,0,Bank Withdrawal,0,5,1,7,0,51.59,0,0
71,3,48.62,4876,Month-to-Month,0,Male,1,0,0,1,0,0,1,1,Bank Withdrawal,0,3,0,46,1,2236.52,0,1
51,30,20.29,5456,Month-to-Month,0,Female,1,1,0,0,0,0,1,0,Bank Withdrawal,0,2,0,33,1,669.57,0,1
50,13,0.0,5632,Month-to-Month,1,Female,1,0,0,0,0,1,0,1,Bank Withdrawal,0,1,1,39,0,0.0,0,1
73,27,10.19,3444,Month-to-Month,0,Female,1,1,0,1,0,1,1,1,Bank Withdrawal,1,1,1,27,0,275.13,0,1
37,22,20.64,4501,Month-to-Month,1,Female,1,1,0,1,0,0,1,0,Bank Withdrawal,0,3,0,26,0,536.64,0,0
44,11,22.75,3265,Month-to-Month,0,Female,1,1,0,0,1,0,1,0,Credit Card,1,5,0,20,0,455.0,0,0
56,30,30.28,2468,Month-to-Month,0,Female,1,1,0,1,1,0,1,0,Bank Withdrawal,0,1,0,28,0,847.84,0,1
27,0,10.42,4907,Month-to-Month,0,Female,0,0,0,0,0,0,1,1,Credit Card,0,3,0,10,0,104.2,0,0
56,30,36.35,3773,Month-to-Month,0,Female,1,1,0,0,1,1,1,1,Credit Card,1,3,0,42,0,1526.7,0,0
62,13,34.57,4676,Month-to-Month,0,Female,1,1,0,1,1,1,1,1,Bank Withdrawal,1,3,1,50,0,1728.5,0,0
79,11,4.59,2834,Month-to-Month,0,Male,1,0,0,0,0,0,1,0,Bank Withdrawal,0,1,1,5,0,22.95,0,1
47,0,23.25,5384,One Year,0,Female,0,0,0,0,0,0,0,1,Bank Withdrawal,0,5,0,64,0,1488.0,0,0
25,48,36.34,5129,Month-to-Month,1,Female,1,0,0,1,0,0,1,0,Bank Withdrawal,0,1,0,15,0,545.1,0,1
42,17,13.56,2775,Month-to-Month,0,Female,1,0,0,1,0,0,1,0,Bank Withdrawal,0,5,1,11,0,149.16,0,0
40,19,0.0,5122,Two Year,1,Female,1,0,0,1,1,1,1,0,Bank Withdrawal,0,4,1,52,0,0.0,0,0
28,0,47.53,2798,Two Year,0,Male,0,0,0,0,0,0,0,0,Credit Card,0,3,0,44,0,2091.32,1,0
49,4,17.76,6370,Two Year,0,Male,1,1,0,1,1,1,1,0,Credit Card,1,3,1,54,0,959.04,0,0
60,19,26.88,3101,Month-to-Month,0,Female,1,1,0,0,0,1,1,1,Credit Card,1,1,1,11,0,295.68,0,1
34,27,48.11,5232,One Year,0,Female,1,0,1,1,0,0,1,1,Credit Card,1,3,0,66,0,3175.26,0,0
60,0,6.64,4215,Month-to-Month,0,Female,0,0,0,0,0,0,1,1,Bank Withdrawal,0,5,0,1,0,6.64,0,0
36,22,37.0,3501,Two Year,0,Female,1,0,0,0,1,1,0,0,Credit Card,1,4,0,3,0,111.0,1,0
77,14,14.76,4503,Month-to-Month,0,Male,1,1,0,0,1,1,1,1,Credit Card,0,3,0,69,0,1018.44,0,0
80,15,48.59,5546,One Year,0,Female,1,1,1,0,1,1,0,1,Bank Withdrawal,0,4,1,71,0,3449.89,0,0
24,42,43.02,2739,Month-to-Month,0,Female,1,0,0,0,1,0,0,0,Bank Withdrawal,0,3,0,5,0,215.1,0,0
53,21,34.76,4764,Month-to-Month,0,Female,1,0,0,1,0,0,1,0,Bank Withdrawal,0,5,0,3,0,104.28,0,0
26,76,1.84,2548,Month-to-Month,0,Male,1,1,0,1,0,0,1,0,Bank Withdrawal,0,3,0,1,0,1.84,0,1
21,85,20.93,4977,One Year,0,Male,1,1,0,0,0,0,1,1,Credit Card,0,5,1,47,1,983.71,0,0
62,0,30.17,5987,One Year,0,Female,0,0,0,1,0,0,1,0,Bank Withdrawal,0,5,0,37,0,1116.29,0,0
72,10,48.16,5462,One Year,1,Male,1,1,0,0,1,0,1,1,Credit Card,0,5,1,57,0,2745.12,0,0
36,0,18.43,3594,Month-to-Month,0,Male,0,0,1,0,0,0,0,0,Bank Withdrawal,0,3,0,3,0,55.29,0,0
26,59,23.22,3300,Month-to-Month,0,Male,1,1,0,0,0,0,1,0,Mailed Check,1,3,1,20,0,464.4,0,0
69,9,48.53,5225,Two Year,1,Female,1,1,0,0,1,0,1,1,Bank Withdrawal,0,5,1,65,0,3154.45,1,0
40,0,4.15,6011,Two Year,0,Male,0,1,0,0,0,0,0,1,Credit Card,0,5,0,72,0,298.8,0,0
29,0,29.38,5161,Two Year,0,Male,0,0,0,1,0,0,1,0,Credit Card,0,3,0,25,0,734.5,0,0
30,52,26.87,2101,Month-to-Month,0,Female,1,1,0,0,0,0,1,0,Bank Withdrawal,0,1,0,2,0,53.74,0,1
27,48,0.0,4259,One Year,0,Male,1,0,0,0,0,0,1,1,Credit Card,0,3,0,39,0,0.0,0,0
28,51,40.64,3291,Month-to-Month,0,Female,1,0,0,0,1,0,1,0,Credit Card,0,5,0,6,0,243.84,0,0
26,82,22.14,5505,Month-to-Month,1,Male,1,0,1,0,0,0,1,1,Bank Withdrawal,0,5,1,8,0,177.12,0,0
62,25,46.79,5159,Month-to-Month,0,Female,1,1,0,1,0,0,1,0,Bank Withdrawal,0,1,0,7,0,327.53,0,1
68,20,31.25,3123,Month-to-Month,0,Male,1,1,0,1,1,0,1,1,Bank Withdrawal,0,1,1,43,1,1343.75,0,1
41,25,0.0,3176,Month-to-Month,1,Male,1,0,1,0,1,1,1,0,Bank Withdrawal,0,3,0,43,0,0.0,0,0
77,23,31.17,2740,Month-to-Month,0,Female,1,0,0,1,1,0,1,0,Bank Withdrawal,0,2,1,23,0,716.91,0,1
33,19,30.87,5456,Month-to-Month,0,Male,1,0,1,0,0,0,1,1,Bank Withdrawal,0,5,0,2,0,61.74,0,0
73,30,15.19,5098,Month-to-Month,0,Male,1,1,0,0,0,0,1,0,Mailed Check,0,3,0,2,0,30.38,0,0
79,26,0.0,5303,Month-to-Month,0,Female,1,0,0,0,0,0,1,0,Bank Withdrawal,0,3,1,1,0,0.0,0,1
59,23,5.63,5887,One Year,0,Female,1,0,0,0,1,1,0,1,Credit Card,1,1,1,14,0,78.82,0,1
34,23,46.4,3314,One Year,0,Male,1,0,0,0,0,0,1,0,Bank Withdrawal,0,4,1,23,1,1067.2,0,0
39,0,47.21,5851,Two Year,0,Female,0,1,1,1,0,0,1,1,Credit Card,0,3,0,30,0,1416.3,1,0
34,3,14.12,4898,Month-to-Month,0,Male,1,1,0,1,1,0,1,0,Credit Card,0,1,1,45,0,635.4,0,1
40,19,39.45,4663,One Year,1,Male,1,0,1,0,1,1,1,1,Bank Withdrawal,0,4,1,66,0,2603.7,0,0
41,0,19.98,5628,Two Year,0,Female,0,0,0,1,0,0,0,1,Credit Card,0,3,0,64,0,1278.72,0,0
51,26,45.68,3019,Month-to-Month,0,Male,1,1,1,1,0,1,0,1,Bank Withdrawal,1,3,1,24,0,1096.32,0,0
29,47,26.03,5189,Month-to-Month,0,Male,1,1,0,1,1,0,1,1,Bank Withdrawal,0,3,0,29,0,754.87,0,1
30,52,37.03,5407,Two Year,1,Female,1,1,0,0,1,1,0,0,Credit Card,1,3,1,13,0,481.39,0,0
26,41,17.66,2885,Month-to-Month,1,Female,1,0,0,0,1,0,1,0,Credit Card,1,2,0,38,0,671.08,0,1
64,23,41.26,3345,One Year,0,Female,1,0,0,0,1,0,0,0,Bank Withdrawal,0,4,0,48,0,1980.48,0,0
55,4,31.92,3314,Month-to-Month,1,Male,1,0,0,0,0,0,1,0,Bank Withdrawal,1,3,0,4,0,127.68,0,0
56,29,49.21,6113,Month-to-Month,0,Male,1,0,0,1,1,0,1,0,Credit Card,1,4,0,53,1,2608.13,1,0
54,29,18.26,2500,Month-to-Month,0,Male,1,0,0,1,0,1,1,0,Credit Card,0,4,0,3,0,54.78,0,0
54,13,1.09,3760,Month-to-Month,0,Male,1,1,1,0,1,0,0,1,Bank Withdrawal,0,3,1,47,0,51.23,0,0
36,3,39.39,5757,Month-to-Month,0,Male,1,1,0,1,1,0,1,1,Bank Withdrawal,0,5,0,41,0,1614.99,1,0
28,0,21.19,4840,One Year,0,Female,0,0,0,0,0,0,0,0,Mailed Check,0,4,0,29,0,614.51,0,0
78,18,21.09,3896,Month-to-Month,0,Female,1,0,0,1,1,0,1,0,Bank Withdrawal,0,4,0,18,1,379.62,0,0
61,0,40.81,3000,One Year,0,Male,0,0,1,1,0,0,0,1,Mailed Check,0,4,0,24,0,979.44,0,0
74,13,3.84,3763,Month-to-Month,0,Male,1,1,0,0,0,0,1,0,Bank Withdrawal,0,3,0,1,1,3.84,0,1
24,53,26.99,5269,One Year,0,Female,1,1,0,0,0,1,1,1,Bank Withdrawal,1,3,0,58,0,1565.42,0,0
66,19,37.84,5868,Two Year,0,Female,1,0,0,1,1,0,1,1,Bank Withdrawal,0,3,1,15,0,567.6,0,0
19,73,41.91,5234,Two Year,1,Female,1,0,0,0,1,1,1,0,Bank Withdrawal,1,4,1,72,0,3017.52,0,0
47,12,33.46,2404,Month-to-Month,0,Female,1,0,0,1,0,0,1,1,Mailed Check,0,1,0,1,1,33.46,0,1
42,20,34.05,4600,Month-to-Month,0,Male,1,1,0,1,1,1,1,1,Credit Card,1,3,0,19,0,646.95,0,0
44,13,35.61,2405,Month-to-Month,0,Male,1,0,0,0,1,1,1,1,Bank Withdrawal,0,1,0,38,1,1353.18,1,1
33,0,39.56,3675,Two Year,0,Female,0,1,1,1,0,0,0,1,Credit Card,0,4,0,18,0,712.08,1,0
32,25,0.0,5534,Month-to-Month,1,Male,1,0,0,0,0,1,0,0,Credit Card,1,3,0,3,0,0.0,0,0
50,57,1.53,2775,One Year,0,Male,1,0,1,1,1,0,1,1,Bank Withdrawal,1,4,1,35,0,53.55,0,0
58,12,44.75,5930,Month-to-Month,0,Male,1,0,0,1,0,0,1,0,Credit Card,0,2,0,1,0,44.75,0,1
79,30,42.95,4604,One Year,0,Male,1,0,0,0,1,1,1,1,Bank Withdrawal,0,4,0,21,0,901.95,0,0
45,0,31.28,3248,Month-to-Month,0,Female,0,0,0,1,0,0,0,0,Credit Card,0,4,0,9,0,281.52,0,0
31,24,7.16,4890,Two Year,1,Male,1,1,1,1,1,1,1,1,Credit Card,1,3,1,72,0,515.52,1,0
21,59,20.03,5829,Month-to-Month,0,Female,1,0,0,0,0,1,0,0,Bank Withdrawal,0,1,1,15,1,300.45,0,1
49,15,22.8,3289,Month-to-Month,1,Male,1,1,0,0,0,1,1,1,Credit Card,0,3,0,45,0,1026.0,0,0
75,3,0.0,4133,Month-to-Month,0,Female,1,0,0,0,1,0,1,1,Bank Withdrawal,0,5,0,3,0,0.0,0,0
49,0,17.92,5876,Month-to-Month,0,Male,0,0,0,0,0,0,0,0,Bank Withdrawal,0,3,0,35,0,627.2,0,0
60,0,2.81,4432,Two Year,0,Male,0,1,1,0,0,0,0,1,Credit Card,0,4,0,43,0,120.83,0,0
63,26,44.66,3344,Month-to-Month,1,Female,1,0,0,1,0,0,1,1,Bank Withdrawal,0,2,1,7,0,312.62,0,1
25,59,35.01,6236,Two Year,1,Male,1,1,1,1,1,0,0,1,Bank Withdrawal,0,5,1,66,0,2310.66,0,0
37,26,18.57,5479,Month-to-Month,0,Male,1,0,0,1,0,0,1,0,Bank Withdrawal,0,4,0,1,1,18.57,0,0
37,15,2.96,2919,Month-to-Month,0,Male,1,1,0,0,0,0,1,0,Credit Card,0,1,0,2,0,5.92,0,1
42,0,33.71,4404,Two Year,0,Female,0,1,0,1,0,0,0,0,Bank Withdrawal,0,3,0,65,0,2191.15,0,0
43,26,22.71,4601,One Year,1,Male,1,1,0,1,1,1,1,1,Bank Withdrawal,0,1,1,59,0,1339.89,0,1
62,8,5.56,3712,Month-to-Month,0,Male,1,1,0,0,0,0,0,1,Bank Withdrawal,0,4,0,30,1,166.8,0,0
61,13,13.63,3256,Month-to-Month,0,Male,1,0,0,1,0,0,1,0,Mailed Check,0,5,0,1,0,13.63,0,0
56,18,45.92,3949,Month-to-Month,0,Male,1,0,0,0,1,0,1,0,Bank Withdrawal,0,3,1,31,0,1423.52,0,0
41,8,38.82,3997,One Year,1,Male,1,1,0,1,1,0,1,1,Credit Card,0,4,0,48,0,1863.36,0,0
30,82,17.31,4397,One Year,0,Male,1,1,0,1,0,1,0,1,Credit Card,1,3,1,42,0,727.02,0,0
29,0,23.55,5463,Two Year,0,Male,0,0,1,0,0,0,0,1,Bank Withdrawal,0,3,0,69,0,1624.95,0,0
47,0,3.95,2861,Two Year,0,Female,0,0,1,0,0,0,1,1,Bank Withdrawal,0,4,0,47,0,185.65,0,0
62,0,44.13,4122,One Year,0,Female,0,0,1,0,0,0,0,1,Credit Card,0,3,0,6,0,264.78,0,0
54,23,0.0,2540,Two Year,1,Female,1,0,0,1,0,1,0,0,Credit Card,1,3,0,47,0,0.0,0,0
58,30,26.53,3204,Month-to-Month,0,Female,1,0,0,1,0,0,0,0,Credit Card,0,2,0,1,0,26.53,0,1
40,0,48.61,4004,One Year,0,Male,0,0,0,1,0,0,1,0,Mailed Check,0,4,0,9,0,437.49,0,0
79,23,17.3,4671,Two Year,1,Male,1,1,0,0,1,1,1,1,Credit Card,0,3,1,72,0,1245.6,0,0
64,0,16.13,6444,Two Year,0,Male,0,0,1,1,0,0,1,1,Bank Withdrawal,0,5,0,71,0,1145.23,0,0
40,0,30.86,5570,Two Year,0,Male,0,0,0,1,0,0,0,1,Credit Card,0,5,0,69,0,2129.34,0,0
61,6,0.0,5045,Month-to-Month,0,Male,1,0,0,0,1,0,1,1,Credit Card,0,4,0,51,0,0.0,0,0
66,4,8.75,3828,One Year,0,Female,1,1,0,0,0,1,1,0,Bank Withdrawal,0,4,0,4,1,35.0,0,0
53,4,34.41,5189,One Year,0,Female,1,1,0,1,1,1,1,0,Mailed Check,1,2,0,34,0,1169.94,0,1
33,13,39.82,2595,One Year,1,Male,1,1,0,0,1,0,0,1,Credit Card,0,3,1,45,0,1791.9,0,0
24,27,37.97,6082,Two Year,1,Male,1,1,1,1,1,1,1,1,Bank Withdrawal,1,4,1,69,1,2619.93,0,0
72,29,27.56,6035,Month-to-Month,0,Female,1,1,0,1,0,0,1,1,Bank Withdrawal,1,3,0,56,1,1543.36,0,0
49,8,30.5,5723,Two Year,1,Female,1,1,0,0,1,1,1,0,Credit Card,1,4,1,35,0,1067.5,0,0
52,27,30.54,4059,Month-to-Month,0,Female,1,0,0,1,0,0,0,0,Credit Card,0,3,0,6,0,183.24,0,0
38,15,44.2,2762,Month-to-Month,0,Male,1,0,0,0,0,0,1,1,Bank Withdrawal,0,3,1,11,0,486.2,0,0
57,6,21.86,4480,Month-to-Month,1,Male,1,1,0,1,0,0,1,0,Bank Withdrawal,0,3,1,3,0,65.58,0,1
46,4,0.0,5489,Two Year,0,Male,1,0,0,0,0,1,1,0,Mailed Check,1,3,0,8,0,0.0,0,0
79,11,28.88,4494,Two Year,0,Male,1,1,0,1,1,1,1,0,Bank Withdrawal,1,3,0,67,0,1934.96,0,0
63,22,10.43,5383,Month-to-Month,1,Female,1,1,0,0,1,0,1,0,Bank Withdrawal,0,2,1,41,1,427.63,0,1
48,0,46.86,4298,Month-to-Month,0,Female,0,0,0,0,0,0,0,1,Credit Card,0,3,0,16,0,749.76,1,0
36,19,0.0,4414,Month-to-Month,0,Female,1,0,0,0,1,0,1,0,Credit Card,0,2,0,7,0,0.0,0,1
29,59,31.27,5724,Two Year,1,Female,1,1,0,0,0,1,1,1,Bank Withdrawal,1,4,1,58,0,1813.66,0,0
24,0,22.78,4949,Two Year,0,Male,0,0,1,0,0,0,0,1,Bank Withdrawal,0,3,0,72,0,1640.16,0,0
49,3,21.39,4740,One Year,1,Female,1,1,0,1,1,0,1,0,Bank Withdrawal,1,4,1,48,1,1026.72,0,0
58,19,0.0,2990,One Year,0,Female,1,0,0,0,0,1,1,0,Mailed Check,1,3,0,12,0,0.0,0,0
25,0,18.63,3960,Month-to-Month,0,Male,0,0,1,1,0,0,1,1,Bank Withdrawal,0,3,0,1,0,18.63,0,0
42,27,0.0,5623,One Year,1,Female,1,0,0,0,1,1,0,1,Bank Withdrawal,0,4,1,24,0,0.0,0,0
26,52,33.46,2317,Month-to-Month,1,Female,1,1,0,1,0,1,1,0,Bank Withdrawal,0,1,1,42,0,1405.32,1,1
63,28,47.72,2110,Month-to-Month,1,Male,1,0,0,1,0,0,0,0,Credit Card,1,4,0,18,0,858.96,0,0
38,5,45.59,5684,Month-to-Month,0,Female,1,0,0,0,0,0,0,0,Credit Card,0,5,0,1,0,45.59,0,0
52,0,40.37,4501,Two Year,0,Female,0,1,0,1,0,0,0,1,Bank Withdrawal,0,4,0,61,0,2462.57,0,0
43,18,31.57,3559,Month-to-Month,0,Male,1,1,0,1,0,1,0,0,Bank Withdrawal,0,3,1,4,0,126.28,0,0
63,0,4.76,3595,Month-to-Month,0,Female,0,0,0,0,0,0,1,0,Mailed Check,0,3,0,10,0,47.6,0,0
47,4,0.0,2563,Month-to-Month,0,Female,1,0,0,1,1,1,1,0,Bank Withdrawal,0,2,0,4,0,0.0,0,1
56,12,47.18,4207,One Year,0,Female,1,0,0,1,1,1,1,1,Bank Withdrawal,1,3,0,51,0,2406.18,0,0
77,8,37.09,4499,One Year,1,Male,1,0,0,1,1,0,1,1,Bank Withdrawal,0,4,1,43,0,1594.87,0,0
30,71,22.33,5054,Two Year,1,Female,1,1,0,0,1,1,0,1,Bank Withdrawal,1,3,1,71,0,1585.43,0,0
74,23,39.63,4038,Month-to-Month,0,Female,1,0,0,1,0,0,1,0,Bank Withdrawal,0,3,0,2,1,79.26,0,1
55,19,19.25,6354,One Year,1,Female,1,0,1,1,1,1,0,1,Bank Withdrawal,0,3,0,65,0,1251.25,0,0
38,0,40.2,4258,Month-to-Month,0,Female,0,0,0,0,0,0,0,0,Mailed Check,0,3,0,3,0,120.6,0,0
63,0,26.37,4402,One Year,0,Male,0,0,0,1,0,0,0,0,Bank Withdrawal,0,4,0,23,0,606.51,0,0
59,0,31.14,4672,Month-to-Month,0,Male,0,0,1,0,0,0,1,1,Bank Withdrawal,0,1,0,15,0,467.1,0,1
56,18,0.0,5079,One Year,0,Male,1,0,1,0,0,1,1,0,Credit Card,0,3,1,25,0,0.0,0,0
33,23,0.0,4571,Month-to-Month,0,Female,1,0,0,0,1,0,0,0,Bank Withdrawal,1,3,0,10,0,0.0,0,0
22,69,35.59,5276,Month-to-Month,0,Female,1,0,0,0,1,0,1,0,Bank Withdrawal,0,3,0,56,0,1993.04,0,1
50,21,24.31,5472,One Year,1,Female,1,1,0,0,0,0,1,0,Mailed Check,0,2,0,17,0,413.27,0,1
21,51,4.94,3847,Two Year,1,Male,1,0,0,1,0,0,0,0,Bank Withdrawal,1,4,1,25,0,123.5,0,0
34,19,14.98,6251,Two Year,1,Male,1,1,0,1,1,1,0,1,Bank Withdrawal,1,3,1,59,0,883.82,0,0
41,53,48.08,2622,Month-to-Month,0,Male,1,1,1,0,1,0,1,1,Bank Withdrawal,0,3,1,35,1,1682.8,0,0
80,8,47.97,2825,Month-to-Month,0,Female,1,0,0,0,0,0,1,0,Bank Withdrawal,0,2,0,1,0,47.97,0,1
23,0,10.97,5409,Month-to-Month,0,Female,0,0,0,1,0,0,1,0,Bank Withdrawal,0,3,0,20,0,219.4,0,0
66,20,15.44,4045,Month-to-Month,1,Male,1,0,0,0,0,0,1,1,Bank Withdrawal,1,5,0,16,0,247.04,0,0
38,22,36.21,5437,One Year,1,Male,1,0,1,0,1,0,1,1,Bank Withdrawal,1,5,1,50,0,1810.5,0,0
78,26,0.0,4933,Two Year,1,Male,1,0,0,1,1,1,1,1,Bank Withdrawal,1,3,1,72,0,0.0,0,0
61,30,32.86,4310,One Year,0,Male,1,0,0,1,0,1,0,1,Bank Withdrawal,1,3,1,24,0,788.64,0,0
38,0,22.34,4909,Month-to-Month,0,Male,0,0,0,0,0,0,1,1,Bank Withdrawal,0,5,0,8,0,178.72,0,0
22,73,8.33,5377,One Year,1,Female,1,0,0,1,1,0,1,0,Mailed Check,0,4,1,53,0,441.49,0,0
49,0,41.99,5336,Two Year,0,Female,0,0,0,0,0,0,0,0,Credit Card,0,5,0,37,0,1553.63,0,0
37,14,46.16,4938,Two Year,1,Male,1,1,0,1,0,1,1,1,Credit Card,1,3,1,72,0,3323.52,0,0
53,23,39.38,2421,Month-to-Month,0,Male,1,0,0,1,0,0,0,0,Bank Withdrawal,0,2,0,3,0,118.14,0,1
19,27,44.66,3442,One Year,1,Female,1,0,1,1,0,1,0,1,Bank Withdrawal,1,3,1,48,0,2143.68,0,0
67,5,3.18,4662,Month-to-Month,1,Male,1,1,0,1,0,0,1,1,Bank Withdrawal,0,1,1,58,0,184.44,0,1
28,0,1.22,5114,Two Year,0,Male,0,1,1,0,0,0,0,1,Credit Card,0,3,0,70,0,85.4,0,0
55,0,1.87,5914,Two Year,0,Male,0,0,0,1,0,0,0,1,Bank Withdrawal,0,4,0,50,0,93.5,0,0
62,2,0.0,2431,Month-to-Month,1,Female,1,0,0,1,0,0,1,0,Mailed Check,1,4,0,28,0,0.0,0,0
46,6,15.52,5242,Two Year,1,Male,1,1,0,0,1,1,1,1,Bank Withdrawal,1,3,0,72,0,1117.44,0,0
39,14,12.46,3980,Month-to-Month,0,Female,1,0,0,0,0,0,0,0,Credit Card,0,4,0,1,0,12.46,0,0
42,0,33.18,4097,Month-to-Month,0,Male,0,0,0,1,0,0,1,0,Credit Card,0,5,0,7,0,232.26,0,0
32,17,0.0,2793,Month-to-Month,0,Female,1,0,1,0,0,1,1,1,Bank Withdrawal,0,4,0,11,0,0.0,1,0
58,12,43.28,4243,Month-to-Month,0,Male,1,0,0,0,1,0,1,1,Bank Withdrawal,1,1,1,10,0,432.8,0,1
70,24,24.13,5651,Month-to-Month,0,Female,1,1,0,1,1,0,1,1,Bank Withdrawal,0,1,0,68,0,1640.84,0,1
67,10,4.4,5692,Two Year,1,Male,1,1,0,0,0,1,1,0,Bank Withdrawal,1,3,1,65,0,286.0,1,0
75,25,23.04,4993,Two Year,1,Male,1,1,0,0,1,0,1,0,Bank Withdrawal,1,5,1,52,0,1198.08,1,0
23,0,18.15,2798,Month-to-Month,0,Male,0,0,0,0,0,0,0,0,Credit Card,0,5,0,1,0,18.15,0,0
51,22,49.79,4381,Month-to-Month,0,Female,1,0,0,1,0,0,1,0,Bank Withdrawal,0,2,1,2,1,99.58,0,1
29,59,12.12,5701,Month-to-Month,0,Female,1,1,0,0,1,0,0,1,Bank Withdrawal,0,3,0,25,1,303.0,0,0
54,22,2.24,4661,Month-to-Month,0,Female,1,0,0,1,0,0,1,0,Credit Card,1,3,1,7,0,15.68,0,1
24,0,12.85,5045,Two Year,0,Female,0,0,1,0,0,0,0,1,Credit Card,0,3,0,30,0,385.5,1,0
46,15,3.18,6216,Two Year,1,Male,1,0,0,0,1,1,1,1,Credit Card,1,3,1,63,0,200.34,0,0
49,28,32.02,2517,One Year,0,Female,1,0,0,0,1,0,1,1,Bank Withdrawal,1,3,0,41,0,1312.82,0,1
47,14,41.79,2908,Month-to-Month,0,Male,1,0,0,1,0,1,0,0,Bank Withdrawal,0,4,0,1,0,41.79,0,0
23,41,0.0,3443,Month-to-Month,0,Female,1,0,1,0,0,1,0,1,Bank Withdrawal,0,3,1,11,0,0.0,0,0
21,69,38.69,4359,Month-to-Month,0,Male,1,1,0,0,0,0,1,0,Bank Withdrawal,1,2,1,23,0,889.87,1,1
31,0,39.98,4954,Month-to-Month,0,Male,0,0,1,0,0,0,0,1,Credit Card,0,3,0,7,0,279.86,0,0
53,0,1.3,5221,Month-to-Month,0,Female,0,0,0,1,0,0,1,0,Credit Card,0,3,0,4,0,5.2,0,0
57,20,17.65,5699,Month-to-Month,0,Female,1,1,0,0,0,0,0,0,Bank Withdrawal,0,2,0,10,0,176.5,0,1
37,0,7.27,5113,Month-to-Month,0,Male,0,0,1,1,0,0,0,1,Credit Card,0,4,0,2,0,14.54,0,0
59,15,3.93,2202,Two Year,0,Male,1,0,0,1,0,0,1,0,Bank Withdrawal,1,4,0,39,0,153.27,0,0
39,17,26.7,4754,One Year,0,Female,1,0,1,1,0,1,0,1,Mailed Check,1,3,1,64,1,1708.8,1,0
21,48,47.74,3316,Month-to-Month,1,Male,1,1,0,0,1,0,1,0,Bank Withdrawal,0,1,1,41,0,1957.34,0,1
42,20,18.74,4995,Month-to-Month,1,Female,1,0,0,1,0,0,0,0,Bank Withdrawal,0,2,0,14,0,262.36,0,1
33,3,32.46,5587,Month-to-Month,1,Female,1,1,0,0,0,0,1,0,Mailed Check,1,2,0,4,0,129.84,0,1
65,11,34.23,4143,Two Year,0,Male,1,0,0,0,1,1,1,0,Bank Withdrawal,1,4,1,67,0,2293.41,0,0
68,17,22.05,4118,One Year,1,Female,1,0,0,0,0,0,1,1,Bank Withdrawal,1,5,1,54,0,1190.7,0,0
39,23,35.03,5649,One Year,1,Female,1,1,0,0,0,1,1,1,Bank Withdrawal,1,3,1,67,0,2347.01,0,0
61,26,19.93,4228,Month-to-Month,1,Female,1,0,0,0,1,0,0,0,Bank Withdrawal,0,5,0,18,0,358.74,1,0
25,52,19.23,3807,Month-to-Month,0,Male,1,0,0,0,1,0,1,1,Bank Withdrawal,1,2,1,7,0,134.61,1,1
54,0,13.13,4066,One Year,0,Female,0,0,0,1,0,0,0,1,Credit Card,0,3,0,49,0,643.37,0,0
54,12,39.42,5247,Month-to-Month,1,Female,1,1,0,1,1,1,1,0,Bank Withdrawal,0,3,0,59,1,2325.78,0,0
77,10,3.27,4578,One Year,1,Male,1,1,1,0,1,1,1,1,Bank Withdrawal,1,3,1,66,0,215.82,0,0
56,13,12.35,5225,Month-to-Month,0,Male,1,0,0,0,0,0,1,0,Credit Card,0,3,1,5,0,61.75,0,0
50,13,45.97,5283,One Year,0,Male,1,1,0,1,1,0,1,1,Bank Withdrawal,1,3,1,35,0,1608.95,0,0
57,29,7.47,5071,One Year,1,Female,1,1,1,0,1,1,1,1,Bank Withdrawal,1,5,0,68,0,507.96,0,0
69,12,16.22,2984,Month-to-Month,1,Female,1,1,0,0,1,0,1,0,Bank Withdrawal,0,1,1,42,0,681.24,0,1
29,69,41.82,5713,One Year,1,Female,1,1,0,0,1,0,1,1,Bank Withdrawal,1,3,1,53,0,2216.46,0,0
76,17,7.72,3253,One Year,1,Female,1,0,0,0,0,0,0,0,Bank Withdrawal,1,5,1,44,0,339.68,1,0
22,59,38.52,5570,Month-to-Month,1,Female,1,1,0,1,0,1,1,1,Bank Withdrawal,0,1,1,21,0,808.92,0,1
48,22,23.67,4610,Two Year,1,Male,1,1,0,1,1,1,1,1,Bank Withdrawal,1,1,1,68,0,1609.56,0,1
78,24,46.77,4074,Two Year,1,Female,1,1,0,0,1,1,1,1,Credit Card,0,3,0,47,0,2198.19,0,0
51,10,14.54,3723,Month-to-Month,1,Female,1,1,0,1,1,0,1,0,Bank Withdrawal,0,4,1,47,0,683.38,0,0
35,6,32.31,4437,Month-to-Month,0,Female,1,0,0,0,0,1,0,0,Bank Withdrawal,0,1,1,8,0,258.48,0,1
41,23,42.92,3486,Month-to-Month,0,Male,1,0,0,0,1,0,0,0,Bank Withdrawal,1,2,1,44,0,1888.48,0,1
64,29,4.71,4374,Two Year,1,Female,1,0,0,0,1,1,0,1,Credit Card,1,4,0,71,0,334.41,0,0
64,28,33.41,4278,Month-to-Month,1,Female,1,0,0,1,1,0,1,0,Bank Withdrawal,0,1,0,1,0,33.41,0,1
59,18,39.68,4249,Month-to-Month,1,Female,1,0,0,1,0,1,1,0,Bank Withdrawal,1,1,0,4,0,158.72,0,1
39,53,9.0,5969,Month-to-Month,0,Female,1,0,1,1,0,1,0,0,Credit Card,0,3,0,1,0,9.0,0,0
69,2,15.85,5933,Two Year,1,Female,1,1,0,1,1,0,1,1,Credit Card,1,5,1,72,0,1141.2,0,0
60,0,2.69,5949,Month-to-Month,0,Female,0,0,0,0,0,0,0,0,Credit Card,0,3,0,3,0,8.07,0,0
68,17,48.51,5881,Two Year,1,Female,1,1,0,1,1,1,1,1,Bank Withdrawal,1,3,1,72,0,3492.72,0,0
65,30,41.17,4103,Two Year,1,Female,1,1,0,1,1,0,1,0,Bank Withdrawal,0,3,1,46,0,1893.82,1,0
47,6,3.26,2074,One Year,0,Male,1,0,0,1,0,0,0,0,Credit Card,1,4,1,26,0,84.76,0,0
25,76,48.98,6407,Two Year,0,Female,1,1,0,1,1,0,1,1,Credit Card,1,3,0,58,0,2840.84,0,0
30,30,28.58,5007,Two Year,1,Male,1,1,0,1,1,1,0,1,Bank Withdrawal,1,4,1,71,0,2029.18,0,0
25,0,24.57,2347,Two Year,0,Male,0,0,1,1,0,0,0,1,Mailed Check,0,4,0,4,0,98.28,0,0
50,20,33.66,4294,Month-to-Month,0,Female,1,1,0,1,0,0,0,0,Bank Withdrawal,0,4,0,40,0,1346.4,0,0
68,25,41.83,2516,Month-to-Month,0,Female,1,1,0,0,0,0,1,0,Credit Card,0,3,1,5,0,209.15,0,1
54,17,1.31,4545,Two Year,1,Female,1,0,0,0,0,0,1,1,Credit Card,1,4,1,42,0,55.02,0,0
34,21,3.95,4741,One Year,1,Male,1,1,0,1,0,0,0,0,Bank Withdrawal,1,5,1,38,0,150.1,0,0
51,0,20.6,4368,Two Year,0,Female,0,0,1,1,0,0,1,1,Credit Card,0,5,0,24,0,494.4,0,0
62,15,37.11,2729,Month-to-Month,0,Male,1,0,0,0,0,1,0,0,Mailed Check,1,3,0,22,0,816.42,0,0
51,15,3.0,4734,Month-to-Month,1,Male,1,1,0,1,1,0,1,1,Bank Withdrawal,0,3,1,24,0,72.0,0,1
56,0,27.62,3163,Two Year,0,Female,0,0,1,0,0,0,0,1,Credit Card,0,4,0,13,0,359.06,0,0
69,21,4.14,6034,One Year,1,Male,1,0,0,0,0,0,1,0,Bank Withdrawal,0,4,1,51,0,211.14,0,0
61,26,37.83,3794,Month-to-Month,0,Female,1,1,0,0,1,0,1,1,Bank Withdrawal,0,1,1,16,0,605.28,0,1
47,20,10.36,2545,Month-to-Month,0,Male,1,0,1,0,0,1,1,1,Credit Card,0,4,0,8,0,82.88,1,0
41,19,0.0,4451,Two Year,1,Male,1,0,1,1,0,0,0,1,Credit Card,1,4,0,54,1,0.0,0,0
62,23,0.0,2469,Month-to-Month,0,Female,1,0,0,0,1,1,1,0,Bank Withdrawal,0,3,1,48,0,0.0,0,0
56,0,4.9,5707,Two Year,0,Male,0,1,0,0,0,0,0,0,Credit Card,0,5,0,65,0,318.5,1,0
63,0,13.08,4496,Month-to-Month,0,Male,0,0,0,0,0,0,0,0,Credit Card,0,5,0,1,0,13.08,0,0
34,3,32.92,2502,Month-to-Month,0,Female,1,0,0,1,0,0,1,0,Bank Withdrawal,0,2,1,1,0,32.92,0,1
31,0,4.72,4260,Two Year,0,Male,0,0,0,0,0,0,1,0,Credit Card,0,3,0,67,0,316.24,0,0
35,25,0.0,5748,Two Year,1,Male,1,0,1,0,1,0,1,1,Credit Card,0,3,1,66,0,0.0,0,0
57,9,4.5,5229,Two Year,1,Male,1,1,0,0,0,1,1,1,Credit Card,1,3,0,37,0,166.5,1,0
20,52,4.76,4633,Two Year,1,Male,1,0,1,1,1,1,1,0,Credit Card,1,3,1,71,0,337.96,0,0
63,28,27.7,5855,Two Year,0,Female,1,1,0,0,1,1,1,0,Bank Withdrawal,1,1,1,50,0,1385.0,0,1
51,24,33.37,5935,One Year,1,Male,1,1,0,1,1,1,1,1,Credit Card,1,4,0,69,0,2302.53,0,0
44,24,45.7,5011,Month-to-Month,1,Male,1,1,0,0,1,0,1,1,Bank Withdrawal,0,1,1,61,0,2787.7,0,1
53,9,0.0,2548,Month-to-Month,0,Male,1,0,0,0,0,0,1,0,Bank Withdrawal,0,2,0,1,0,0.0,0,1
47,0,6.86,2195,One Year,0,Male,0,0,0,0,0,0,0,0,Credit Card,0,4,0,4,0,27.44,0,0
63,19,21.72,3409,Month-to-Month,0,Male,1,1,1,0,0,0,0,1,Bank Withdrawal,0,3,1,30,1,651.6,1,0
72,28,16.36,2415,One Year,0,Female,1,0,0,0,0,0,1,0,Bank Withdrawal,0,5,1,7,0,114.52,0,0
57,0,37.9,3591,Month-to-Month,0,Female,0,0,1,0,0,0,0,1,Credit Card,0,4,0,15,0,568.5,0,0
42,29,11.79,2569,Month-to-Month,0,Female,1,1,0,1,1,1,1,1,Bank Withdrawal,1,5,1,13,0,153.27,0,0
37,23,0.0,3314,One Year,1,Male,1,0,0,1,0,1,0,1,Mailed Check,0,4,0,36,0,0.0,0,0
70,23,48.95,4684,Month-to-Month,0,Female,1,1,0,1,0,0,1,0,Bank Withdrawal,0,2,0,1,0,48.95,0,1
19,58,44.36,2833,Month-to-Month,0,Female,1,0,0,0,1,1,1,0,Bank Withdrawal,0,1,0,1,0,44.36,0,1
45,0,37.79,5987,Two Year,0,Male,0,1,0,0,0,0,1,0,Bank Withdrawal,0,4,0,68,0,2569.72,0,0
55,24,16.29,5657,Month-to-Month,0,Female,1,1,0,0,0,0,1,1,Credit Card,0,1,0,3,0,48.87,0,1
51,10,0.0,4359,Month-to-Month,1,Female,1,0,0,0,0,0,1,1,Bank Withdrawal,0,2,1,9,1,0.0,0,1
53,25,17.07,4954,One Year,0,Female,1,1,1,1,1,0,1,1,Bank Withdrawal,0,4,0,64,0,1092.48,0,0
41,2,0.0,4452,Month-to-Month,0,Female,1,0,0,1,1,0,1,0,Bank Withdrawal,1,4,0,36,0,0.0,0,0
77,5,14.52,2728,Month-to-Month,1,Male,1,1,0,1,1,0,1,1,Bank Withdrawal,1,2,1,43,0,624.36,0,1
49,17,19.8,3378,One Year,1,Male,1,0,0,0,0,1,1,1,Bank Withdrawal,1,1,1,22,0,435.6,0,1
32,0,15.02,5411,Two Year,0,Male,0,0,1,1,0,0,0,0,Mailed Check,0,4,0,61,0,916.22,0,0
21,42,29.74,5269,Month-to-Month,1,Female,1,1,0,1,0,0,1,0,Bank Withdrawal,1,4,0,5,0,148.7,0,0
54,20,46.91,5886,Month-to-Month,0,Male,1,1,0,0,0,0,1,1,Bank Withdrawal,0,5,1,24,1,1125.84,0,0
45,16,19.39,5274,Month-to-Month,0,Male,1,0,0,0,0,1,1,0,Bank Withdrawal,0,3,0,45,0,872.55,0,0
39,4,22.34,5167,Month-to-Month,1,Female,1,0,0,1,1,0,1,0,Bank Withdrawal,0,3,0,55,0,1228.7,0,0
69,3,47.06,4374,One Year,1,Male,1,0,0,1,0,0,0,0,Bank Withdrawal,0,5,0,44,1,2070.64,0,0
20,51,10.05,4063,Month-to-Month,0,Female,1,0,0,0,0,0,1,0,Bank Withdrawal,0,4,0,1,1,10.05,0,0
21,52,6.19,2565,Month-to-Month,0,Female,1,0,0,0,0,1,1,0,Credit Card,0,1,0,1,0,6.19,0,1
42,27,40.86,4937,Two Year,1,Male,1,1,1,1,1,1,0,1,Credit Card,1,3,1,56,0,2288.16,0,0
46,24,26.44,5667,Month-to-Month,0,Female,1,0,0,0,0,0,0,0,Bank Withdrawal,0,1,0,2,0,52.88,0,1
61,20,28.55,2748,Month-to-Month,1,Male,1,1,1,1,1,1,1,1,Credit Card,0,3,1,41,0,1170.55,0,0
57,0,44.88,3838,Month-to-Month,0,Female,0,0,1,1,0,0,0,0,Credit Card,0,4,0,11,0,493.68,0,0
19,0,40.28,4394,Month-to-Month,0,Male,0,0,0,0,0,0,0,0,Credit Card,0,5,0,2,0,80.56,0,0
48,0,8.53,5092,Two Year,0,Male,0,0,1,1,0,0,0,1,Bank Withdrawal,0,3,0,72,0,614.16,0,0
65,22,47.99,4977,Month-to-Month,0,Female,1,1,0,0,1,1,1,0,Bank Withdrawal,0,3,0,50,0,2399.5,0,0
22,69,40.49,6398,One Year,1,Male,1,0,0,1,1,0,1,1,Credit Card,1,3,1,64,0,2591.36,0,0
37,10,45.95,4280,Two Year,1,Male,1,0,1,0,0,1,0,1,Mailed Check,1,4,1,46,0,2113.7,0,0
46,0,2.76,5227,Month-to-Month,0,Female,0,0,0,0,0,0,0,0,Credit Card,0,5,0,29,0,80.04,0,0
54,22,2.83,3819,Month-to-Month,1,Female,1,1,0,1,1,0,1,0,Bank Withdrawal,0,3,1,40,0,113.2,1,0
34,21,0.0,5409,Month-to-Month,0,Female,1,0,0,1,0,1,0,1,Bank Withdrawal,1,3,0,43,0,0.0,1,0
19,26,38.65,5457,Month-to-Month,0,Male,1,0,0,1,0,0,1,0,Credit Card,0,4,0,9,0,347.85,0,0
62,0,42.36,5733,Two Year,0,Female,0,0,0,0,0,0,0,0,Credit Card,0,4,0,72,0,3049.92,0,0
71,19,8.38,4478,Month-to-Month,0,Male,1,0,1,0,0,0,1,1,Credit Card,1,3,0,1,0,8.38,0,1
26,39,30.73,5225,Month-to-Month,0,Female,1,0,0,0,0,0,0,0,Bank Withdrawal,0,1,0,2,0,61.46,0,1
63,26,0.0,2519,Two Year,1,Male,1,0,0,1,0,1,0,1,Credit Card,1,3,0,46,1,0.0,0,0
52,0,3.14,4152,Month-to-Month,0,Male,0,0,0,0,0,0,0,0,Mailed Check,0,2,0,1,0,3.14,0,1
29,41,33.89,2856,Month-to-Month,0,Female,1,0,0,1,0,0,0,0,Bank Withdrawal,0,3,0,2,0,67.78,0,1
25,46,16.05,4592,Two Year,1,Female,1,0,0,0,1,1,1,1,Bank Withdrawal,1,3,1,72,0,1155.6,0,0
21,30,41.94,3515,One Year,1,Male,1,0,0,0,0,1,1,0,Credit Card,0,3,1,23,0,964.62,0,0
23,52,32.5,2989,One Year,0,Male,1,1,0,0,1,0,1,0,Bank Withdrawal,1,3,1,20,0,650.0,0,0
25,59,0.0,4003,One Year,1,Male,1,0,1,0,1,0,0,1,Credit Card,0,5,1,18,0,0.0,0,0
60,30,21.71,4469,Two Year,1,Male,1,1,0,1,1,0,1,1,Bank Withdrawal,1,3,1,67,0,1454.57,1,0
48,57,15.71,6291,Two Year,1,Male,1,1,1,1,1,1,0,1,Credit Card,1,3,1,71,1,1115.41,0,0
65,0,49.94,4934,Two Year,0,Female,0,0,0,0,0,0,1,1,Bank Withdrawal,0,5,0,67,0,3345.98,1,0
29,59,38.78,2754,Month-to-Month,1,Male,1,1,0,0,1,1,1,0,Bank Withdrawal,1,3,1,17,0,659.26,0,0
36,57,9.05,3274,One Year,1,Male,1,0,1,0,1,0,1,1,Credit Card,0,4,1,22,0,199.1,0,0
30,0,3.51,4442,Two Year,0,Male,0,0,0,1,0,0,0,1,Credit Card,0,5,0,70,0,245.7,1,0
27,0,9.19,5728,Month-to-Month,0,Male,0,0,0,0,0,0,1,0,Bank Withdrawal,0,5,0,14,0,128.66,0,0
28,41,45.14,2455,Month-to-Month,0,Female,1,1,0,1,1,0,0,0,Credit Card,1,2,0,35,1,1579.9,1,1
59,28,32.15,5516,Two Year,1,Female,1,1,0,0,0,1,1,1,Credit Card,1,1,1,67,0,2154.05,0,1
42,26,32.29,4778,One Year,0,Female,1,1,0,1,0,0,1,0,Bank Withdrawal,0,3,1,62,0,2001.98,0,0
58,22,38.09,4910,Month-to-Month,0,Female,1,0,0,0,0,0,1,0,Bank Withdrawal,0,2,1,26,1,990.34,0,1
32,58,0.0,2715,One Year,0,Male,1,0,1,0,1,0,1,0,Bank Withdrawal,0,4,1,26,0,0.0,0,0
45,0,11.04,5279,One Year,0,Male,0,0,0,1,0,0,0,1,Bank Withdrawal,0,4,0,12,0,132.48,0,0
53,52,0.0,2635,Month-to-Month,0,Female,1,0,1,0,0,0,1,1,Credit Card,0,3,0,2,0,0.0,0,1
65,20,36.58,3645,Month-to-Month,0,Male,1,0,0,0,0,1,0,0,Credit Card,0,3,0,47,1,1719.26,0,1
52,17,27.87,4318,Two Year,0,Female,1,0,1,1,0,0,1,1,Credit Card,0,3,0,55,0,1532.85,0,0
71,4,12.67,4735,Two Year,0,Female,1,1,0,0,1,1,1,0,Bank Withdrawal,1,3,1,45,0,570.15,0,0
77,2,18.14,5187,Month-to-Month,1,Female,1,1,0,0,1,0,1,1,Bank Withdrawal,0,4,1,63,0,1142.82,0,0
32,17,19.07,5874,Month-to-Month,0,Female,1,1,0,0,0,0,1,0,Bank Withdrawal,0,1,1,35,0,667.45,0,1
27,59,36.08,5542,One Year,1,Male,1,1,1,0,1,0,1,1,Bank Withdrawal,0,3,1,49,0,1767.92,1,0
35,27,11.58,3238,Month-to-Month,0,Female,1,0,0,0,0,0,1,1,Bank Withdrawal,0,2,1,7,0,81.06,0,1
34,10,30.77,5076,Two Year,0,Male,1,1,0,0,0,0,1,0,Credit Card,1,5,1,57,1,1753.89,0,0
59,8,0.0,4051,One Year,1,Female,1,0,0,1,1,1,0,0,Credit Card,1,4,0,61,0,0.0,0,0
74,13,5.73,2422,Two Year,0,Male,1,0,0,0,0,1,1,1,Credit Card,0,3,0,18,0,103.14,1,0
80,11,26.62,5900,Month-to-Month,0,Male,1,0,0,1,0,0,0,0,Credit Card,0,2,0,2,0,53.24,0,1
52,14,0.0,5091,One Year,1,Male,1,0,0,1,0,0,0,0,Bank Withdrawal,0,5,1,15,0,0.0,1,0
25,30,21.37,5133,Two Year,1,Female,1,0,0,0,1,1,1,0,Bank Withdrawal,0,3,0,66,0,1410.42,0,0
33,15,13.27,5978,Two Year,1,Female,1,1,1,0,0,1,1,1,Credit Card,1,4,1,59,0,782.93,1,0
73,3,2.12,3318,One Year,1,Male,1,1,0,0,0,0,1,1,Bank Withdrawal,0,5,1,35,0,74.2,0,0
58,16,33.37,6009,Two Year,1,Female,1,1,1,0,1,1,0,1,Credit Card,1,4,1,72,0,2402.64,1,0
65,3,27.49,4981,Month-to-Month,0,Male,1,1,0,1,1,0,1,1,Bank Withdrawal,0,3,0,62,0,1704.38,0,0
71,19,20.83,2074,Month-to-Month,1,Male,1,1,0,0,0,0,1,0,Bank Withdrawal,0,1,1,35,1,729.05,0,1
54,10,24.17,3351,Month-to-Month,0,Male,1,0,0,1,0,0,1,1,Bank Withdrawal,0,4,0,15,1,362.55,0,0
45,0,26.25,5755,Two Year,0,Female,0,0,0,1,0,0,0,0,Credit Card,0,5,0,54,0,1417.5,0,0
19,53,33.24,2547,Month-to-Month,0,Female,1,0,0,0,0,1,1,1,Bank Withdrawal,0,3,0,7,0,232.68,0,0
33,17,7.42,5899,One Year,1,Female,1,0,0,1,0,0,0,0,Bank Withdrawal,1,5,0,11,0,81.62,0,0
70,27,22.0,4951,Two Year,1,Female,1,0,0,0,1,0,1,1,Bank Withdrawal,0,4,1,71,0,1562.0,0,0
39,29,44.55,5004,Two Year,1,Male,1,1,0,0,1,1,1,1,Credit Card,1,3,1,63,0,2806.65,0,0
60,0,36.5,3378,Two Year,0,Female,0,1,0,0,0,0,0,0,Credit Card,0,4,0,33,0,1204.5,0,0
46,0,24.7,5248,Two Year,0,Male,0,0,1,0,0,0,0,1,Bank Withdrawal,0,3,0,55,0,1358.5,0,0
34,0,29.55,5535,Two Year,0,Male,0,1,1,1,0,0,0,1,Credit Card,0,3,0,52,0,1536.6,0,0
68,9,0.0,4118,Month-to-Month,0,Female,1,0,0,0,0,0,0,1,Bank Withdrawal,0,4,1,13,0,0.0,0,0
49,6,18.34,5764,Month-to-Month,1,Female,1,0,0,0,0,0,0,0,Bank Withdrawal,0,3,1,1,0,18.34,0,1
21,26,16.66,4252,One Year,1,Female,1,1,0,1,0,0,1,1,Bank Withdrawal,0,4,1,70,1,1166.2,0,0
66,22,24.95,4267,Two Year,0,Female,1,0,0,0,0,0,0,0,Credit Card,0,4,1,2,0,49.9,0,0
48,0,39.87,3195,Month-to-Month,0,Female,0,0,0,0,0,0,0,0,Credit Card,0,5,0,15,0,598.05,0,0
55,19,49.52,5957,Two Year,1,Female,1,1,0,1,1,1,0,0,Credit Card,1,3,1,71,0,3515.92,0,0
69,23,25.23,5596,Month-to-Month,0,Male,1,1,0,1,1,1,1,0,Bank Withdrawal,0,3,1,50,1,1261.5,0,0
46,2,16.14,3280,Month-to-Month,1,Male,1,0,0,1,0,0,1,0,Bank Withdrawal,1,2,0,2,0,32.28,0,1
32,16,11.04,2916,Month-to-Month,0,Male,1,0,0,0,0,0,1,0,Bank Withdrawal,0,3,1,12,0,132.48,0,0
59,28,9.27,5841,Month-to-Month,0,Female,1,1,0,0,0,0,1,0,Credit Card,0,5,0,9,0,83.43,0,0
55,24,27.17,4980,Month-to-Month,1,Male,1,0,0,0,0,1,0,0,Credit Card,0,3,1,54,0,1467.18,0,0
51,22,22.83,5441,Two Year,1,Female,1,1,0,0,1,1,0,1,Credit Card,0,3,0,67,0,1529.61,0,0
39,17,33.71,5437,One Year,0,Male,1,0,0,0,0,0,1,0,Bank Withdrawal,0,3,0,38,0,1280.98,0,1
27,53,7.29,4689,Two Year,0,Female,1,1,0,1,0,1,0,1,Bank Withdrawal,0,3,0,72,1,524.88,0,0
76,8,45.67,3906,One Year,1,Female,1,1,0,1,1,0,1,1,Bank Withdrawal,1,4,1,28,0,1278.76,0,0
65,4,44.86,3207,Month-to-Month,0,Female,1,0,0,1,1,1,1,0,Credit Card,0,1,0,40,0,1794.4,0,1
38,0,26.99,3958,One Year,0,Male,0,0,1,1,0,0,0,1,Credit Card,0,3,0,14,0,377.86,1,0
20,48,14.53,2590,Month-to-Month,0,Female,1,1,0,1,0,0,1,1,Credit Card,1,5,1,23,0,334.19,0,0
35,18,1.09,4501,Month-to-Month,1,Male,1,1,0,1,0,0,1,1,Bank Withdrawal,0,2,1,10,0,10.9,0,1
51,29,7.26,5882,Month-to-Month,1,Male,1,0,0,0,0,0,1,0,Bank Withdrawal,0,1,0,4,0,29.04,0,1
44,19,26.28,5823,One Year,0,Female,1,1,1,1,0,0,1,1,Bank Withdrawal,1,3,0,28,0,735.84,0,0
28,59,18.03,5730,Month-to-Month,0,Female,1,0,0,0,1,1,1,0,Credit Card,1,1,0,4,0,72.12,0,1
21,51,27.27,4265,Month-to-Month,0,Female,1,0,1,0,0,0,0,1,Credit Card,0,1,1,2,0,54.54,0,1
47,24,18.7,5701,Month-to-Month,1,Male,1,1,0,1,0,0,1,0,Bank Withdrawal,0,2,0,23,0,430.1,0,1
44,11,30.09,4471,One Year,1,Female,1,0,0,0,1,1,1,1,Bank Withdrawal,0,3,1,53,0,1594.77,0,1
40,27,0.0,2555,Month-to-Month,0,Male,1,0,0,0,1,0,0,0,Bank Withdrawal,1,5,0,29,0,0.0,0,0
50,29,42.22,2036,Month-to-Month,0,Female,1,1,0,1,0,0,1,1,Bank Withdrawal,0,3,0,21,0,886.62,0,1
28,59,19.17,4929,Month-to-Month,0,Male,1,0,1,1,0,1,1,0,Credit Card,0,3,0,13,0,249.21,0,0
69,23,23.33,5692,Month-to-Month,0,Male,1,1,0,1,0,1,1,0,Bank Withdrawal,0,1,1,36,0,839.88,0,1
29,0,16.2,2750,One Year,0,Female,0,0,0,1,0,0,0,0,Credit Card,0,3,0,7,0,113.4,0,0
29,53,2.49,2319,One Year,1,Female,1,1,0,0,1,0,0,0,Credit Card,1,3,1,43,1,107.07,0,0
45,17,20.23,5797,Month-to-Month,0,Female,1,1,0,1,1,0,1,0,Credit Card,0,1,1,1,0,20.23,0,1
39,24,36.21,5589,One Year,1,Male,1,1,1,0,1,1,1,1,Credit Card,1,3,0,67,0,2426.07,1,0
69,23,5.99,4584,Month-to-Month,0,Male,1,1,0,0,0,0,1,1,Bank Withdrawal,0,1,0,32,0,191.68,1,1
36,30,0.0,5691,One Year,0,Female,1,0,1,0,0,0,0,1,Credit Card,1,3,1,35,0,0.0,0,0
44,19,44.1,6433,Month-to-Month,0,Female,1,1,1,1,1,0,1,1,Bank Withdrawal,0,5,1,58,0,2557.8,0,0
19,59,15.76,4262,One Year,0,Male,1,1,1,1,1,1,1,1,Credit Card,0,4,1,62,0,977.12,0,0
27,0,35.33,6232,Two Year,0,Male,0,1,1,1,0,0,0,1,Bank Withdrawal,0,3,0,72,0,2543.76,0,0
31,15,15.48,4607,Month-to-Month,0,Male,1,0,0,0,0,1,0,1,Bank Withdrawal,1,3,0,57,0,882.36,1,0
39,26,5.07,5044,One Year,0,Female,1,1,1,1,1,0,1,0,Credit Card,0,3,1,44,0,223.08,0,0
55,9,34.48,3238,Month-to-Month,0,Female,1,0,0,1,0,0,0,0,Credit Card,0,3,0,1,0,34.48,0,1
53,11,17.28,4324,Two Year,1,Female,1,1,0,1,1,1,1,1,Credit Card,0,3,1,72,0,1244.16,0,0
53,0,44.19,4430,Two Year,0,Male,0,0,0,1,0,0,0,1,Bank Withdrawal,0,4,0,27,0,1193.13,0,0
33,12,23.54,3333,Two Year,1,Male,1,1,1,0,0,0,0,0,Bank Withdrawal,0,4,1,45,0,1059.3,0,0
28,0,10.98,5394,Month-to-Month,0,Male,0,0,0,1,0,0,1,0,Bank Withdrawal,0,1,0,1,0,10.98,0,1
57,0,33.02,5279,Month-to-Month,0,Female,0,0,0,1,0,0,1,0,Credit Card,0,4,0,1,0,33.02,0,0
31,0,2.82,5422,Two Year,0,Female,0,0,0,0,0,0,1,1,Bank Withdrawal,0,5,0,49,0,138.18,0,0
20,0,32.18,4058,Two Year,0,Male,0,1,0,0,0,0,1,1,Bank Withdrawal,0,4,0,71,0,2284.78,0,0
61,19,0.0,5230,One Year,0,Male,1,0,1,0,1,1,0,0,Bank Withdrawal,1,3,0,23,0,0.0,0,0
59,16,0.0,5825,Month-to-Month,0,Male,1,0,1,0,0,1,1,1,Bank Withdrawal,0,4,0,15,0,0.0,0,0
77,15,0.0,4628,Month-to-Month,0,Female,1,0,0,1,0,0,0,0,Bank Withdrawal,0,2,0,1,0,0.0,0,1
28,85,10.4,5211,One Year,0,Male,1,0,0,0,1,1,1,1,Credit Card,0,5,1,52,0,540.8,0,0
73,7,38.31,5915,Month-to-Month,0,Female,1,1,0,0,0,1,0,1,Bank Withdrawal,0,1,0,47,1,1800.57,0,1
22,41,17.3,5777,Month-to-Month,0,Female,1,1,0,0,0,0,1,0,Bank Withdrawal,0,3,0,8,0,138.4,0,0
75,13,39.51,2015,Month-to-Month,0,Male,1,1,0,0,0,0,1,0,Bank Withdrawal,0,3,1,7,0,276.57,0,1
22,27,20.75,4263,Two Year,1,Female,1,0,0,0,0,1,0,0,Credit Card,1,3,1,34,0,705.5,0,0
56,0,38.36,5151,Two Year,0,Male,0,0,0,1,0,0,1,1,Bank Withdrawal,0,3,0,63,0,2416.68,0,0
41,4,49.71,5863,One Year,1,Male,1,1,0,0,0,0,0,0,Bank Withdrawal,1,5,0,17,0,845.07,0,0
29,69,0.0,4180,Two Year,1,Female,1,0,1,0,1,1,0,1,Bank Withdrawal,1,4,0,69,0,0.0,0,0
28,0,41.9,2941,Month-to-Month,0,Female,0,0,0,0,0,0,1,1,Credit Card,0,3,0,3,0,125.7,0,0
48,51,34.7,4076,Month-to-Month,0,Male,1,0,1,1,0,1,1,1,Bank Withdrawal,0,3,0,6,0,208.2,0,0
76,18,11.01,4251,Two Year,1,Female,1,1,0,0,1,1,0,0,Credit Card,0,4,1,52,0,572.52,0,0
37,0,37.59,4613,One Year,0,Male,0,0,1,1,0,0,0,1,Credit Card,0,4,0,10,0,375.9,0,0
71,10,18.43,5035,One Year,0,Male,1,1,1,1,1,1,1,1,Bank Withdrawal,1,3,0,58,1,1068.94,0,0
20,76,39.05,4098,One Year,0,Female,1,0,1,0,1,1,0,1,Credit Card,0,3,1,58,0,2264.9,0,0
37,22,29.68,5764,Month-to-Month,0,Male,1,0,1,1,0,1,1,1,Mailed Check,0,3,0,13,1,385.84,0,0
41,29,16.16,4489,One Year,0,Female,1,1,1,1,1,1,1,1,Bank Withdrawal,1,3,0,55,0,888.8,0,0
44,24,0.0,5281,One Year,1,Female,1,0,0,0,0,1,1,0,Credit Card,1,4,0,57,0,0.0,0,0
37,0,11.75,4517,Two Year,0,Male,0,0,1,0,0,0,0,1,Credit Card,0,3,0,35,0,411.25,1,0
27,47,23.88,5801,One Year,1,Female,1,1,0,0,1,1,1,0,Bank Withdrawal,0,3,0,62,0,1480.56,1,0
55,29,0.0,3891,Month-to-Month,0,Female,1,0,0,0,0,0,1,1,Bank Withdrawal,0,4,0,4,0,0.0,0,0
43,4,24.41,4237,Month-to-Month,0,Female,1,0,0,0,1,0,0,0,Bank Withdrawal,0,4,0,1,0,24.41,0,0
62,11,1.63,3608,One Year,1,Male,1,0,1,1,0,0,0,0,Credit Card,1,4,0,15,1,24.45,0,0
59,53,27.49,3853,Month-to-Month,1,Female,1,1,1,1,0,0,1,1,Bank Withdrawal,0,3,0,43,0,1182.07,0,0
62,0,35.77,5250,Two Year,0,Female,0,0,0,0,0,0,1,0,Bank Withdrawal,0,3,0,27,0,965.79,0,0
28,46,4.15,4334,Month-to-Month,0,Male,1,1,0,0,0,1,1,0,Bank Withdrawal,1,3,0,48,0,199.2,0,0
20,26,18.46,2292,Month-to-Month,1,Male,1,0,0,0,0,0,0,0,Bank Withdrawal,0,4,0,14,0,258.44,0,0
54,7,22.39,2122,Month-to-Month,1,Female,1,0,0,0,0,1,0,0,Bank Withdrawal,1,1,1,15,0,335.85,0,1
21,52,1.51,4899,Month-to-Month,1,Male,1,1,0,1,1,0,1,0,Bank Withdrawal,1,5,0,51,0,77.01,0,0
72,6,36.36,4078,Month-to-Month,0,Female,1,1,0,0,1,0,1,0,Bank Withdrawal,0,3,0,25,0,909.0,1,1
49,14,44.79,5160,One Year,0,Female,1,0,0,0,0,1,0,1,Bank Withdrawal,1,3,0,68,1,3045.72,0,0
23,52,0.0,3422,Month-to-Month,0,Male,1,0,1,0,1,1,1,1,Credit Card,0,3,0,19,0,0.0,0,0
23,0,29.79,3733,Two Year,0,Female,0,0,0,0,0,0,0,0,Credit Card,0,4,0,39,0,1161.81,0,0
70,28,44.38,5418,One Year,0,Female,1,1,1,0,1,1,1,1,Credit Card,1,4,1,66,0,2929.08,0,0
43,53,26.32,5308,Two Year,1,Female,1,1,1,0,1,1,1,1,Bank Withdrawal,1,3,1,72,0,1895.04,0,0
39,23,33.22,5943,Month-to-Month,1,Male,1,0,0,0,0,0,1,1,Bank Withdrawal,0,3,1,72,0,2391.84,0,0
60,22,6.05,5466,Two Year,1,Female,1,1,0,0,1,0,0,0,Bank Withdrawal,1,4,1,62,0,375.1,0,0
52,3,30.75,4842,Two Year,1,Male,1,1,0,1,1,1,1,1,Credit Card,1,3,1,72,0,2214.0,0,0
34,0,40.05,2102,Month-to-Month,0,Male,0,1,1,1,0,0,1,1,Bank Withdrawal,0,1,0,5,0,200.25,0,1
45,0,12.97,3076,One Year,0,Male,0,1,0,1,0,0,0,0,Credit Card,0,4,0,18,0,233.46,0,0
77,30,0.0,5829,Month-to-Month,0,Male,1,0,0,1,1,1,1,0,Bank Withdrawal,0,3,1,55,0,0.0,0,0
23,71,26.86,5232,Month-to-Month,1,Male,1,0,0,0,0,0,0,0,Bank Withdrawal,1,4,0,5,0,134.3,0,0
24,59,6.78,4654,Month-to-Month,0,Female,1,0,0,0,0,0,1,1,Bank Withdrawal,0,5,0,9,0,61.02,0,0
52,8,49.24,2418,Month-to-Month,0,Female,1,0,0,1,0,0,1,0,Bank Withdrawal,0,2,0,1,0,49.24,0,1
56,29,0.0,5518,Month-to-Month,0,Male,1,0,0,0,0,0,1,0,Bank Withdrawal,1,1,0,15,1,0.0,0,1
51,0,31.06,3985,Month-to-Month,0,Male,0,0,0,0,0,0,0,1,Bank Withdrawal,0,3,0,3,0,93.18,0,0
48,25,14.18,4544,Two Year,0,Male,1,0,0,0,1,1,1,1,Bank Withdrawal,0,4,1,54,0,765.72,0,0
23,26,18.83,3905,Month-to-Month,0,Male,1,1,0,1,0,0,1,0,Credit Card,0,1,0,7,0,131.81,0,1
46,14,11.45,5133,Month-to-Month,0,Male,1,0,1,0,0,0,1,1,Credit Card,0,3,0,1,0,11.45,0,0
35,0,17.21,4424,Two Year,0,Female,0,0,1,0,0,0,0,1,Credit Card,0,3,0,58,0,998.18,1,0
62,0,29.18,4074,One Year,0,Female,0,0,0,0,0,0,0,1,Credit Card,0,3,0,49,0,1429.82,0,0
57,4,33.54,4885,One Year,1,Female,1,1,0,1,1,1,0,1,Mailed Check,1,3,1,45,0,1509.3,0,0
19,0,3.28,4833,Two Year,0,Male,0,1,0,1,0,0,0,1,Credit Card,0,4,0,67,0,219.76,0,0
36,0,4.89,4155,Two Year,0,Male,0,1,1,0,0,0,0,0,Credit Card,0,4,0,71,0,347.19,0,0
20,59,17.42,2085,Month-to-Month,0,Male,1,0,0,0,0,1,1,0,Credit Card,0,3,0,3,0,52.26,0,0
34,8,0.0,2854,Month-to-Month,1,Female,1,0,0,0,0,0,1,0,Bank Withdrawal,0,4,1,22,0,0.0,0,0
54,22,20.48,5157,Month-to-Month,0,Male,1,1,0,1,1,0,1,1,Bank Withdrawal,0,2,1,49,0,1003.52,1,1
34,23,47.72,6034,One Year,1,Female,1,1,0,1,0,0,1,1,Bank Withdrawal,0,5,1,51,1,2433.72,0,0
32,57,13.13,2483,Month-to-Month,0,Female,1,0,1,0,0,0,1,0,Bank Withdrawal,0,1,1,1,0,13.13,0,1
53,10,21.39,2770,Month-to-Month,1,Male,1,1,0,1,0,1,1,1,Credit Card,0,4,0,44,0,941.16,1,0
74,24,28.54,3568,One Year,1,Female,1,1,0,0,0,0,1,0,Credit Card,1,3,1,40,0,1141.6,0,0
23,0,27.72,3800,One Year,0,Female,0,0,0,1,0,0,0,1,Bank Withdrawal,0,5,0,29,0,803.88,0,0
53,17,16.58,3469,Month-to-Month,1,Male,1,0,0,1,0,0,0,0,Mailed Check,0,2,1,6,1,99.48,0,1
63,0,45.7,5823,One Year,0,Male,0,0,0,1,0,0,0,0,Credit Card,0,3,0,26,0,1188.2,0,0
78,12,17.23,3621,Month-to-Month,0,Male,1,0,0,0,0,0,1,0,Bank Withdrawal,0,1,0,15,0,258.45,0,1
47,11,4.02,4895,Month-to-Month,0,Male,1,0,0,1,0,0,1,0,Bank Withdrawal,0,1,0,1,0,4.02,0,1
37,7,0.0,4348,Month-to-Month,0,Male,1,0,0,1,0,1,1,1,Bank Withdrawal,0,4,1,42,0,0.0,0,0
38,19,5.36,2432,Month-to-Month,0,Female,1,0,1,0,0,0,1,0,Bank Withdrawal,0,3,1,1,0,5.36,0,0
64,0,39.3,4382,Two Year,0,Female,0,1,1,1,0,0,0,1,Bank Withdrawal,0,3,0,72,0,2829.6,0,0
33,16,5.16,4162,Month-to-Month,0,Female,1,0,1,0,0,0,1,0,Bank Withdrawal,0,3,0,12,0,61.92,1,1
20,69,32.29,5468,Two Year,0,Female,1,0,1,0,1,1,0,1,Bank Withdrawal,1,3,1,41,0,1323.89,0,0
45,12,32.44,3522,Month-to-Month,0,Male,1,0,0,1,0,0,0,0,Mailed Check,0,1,0,1,0,32.44,0,1
72,17,36.27,3468,Month-to-Month,0,Female,1,0,0,1,1,1,0,0,Bank Withdrawal,0,4,0,5,0,181.35,0,0
46,13,43.57,4754,Two Year,1,Female,1,0,0,1,1,1,0,0,Credit Card,1,3,0,53,0,2309.21,0,0
33,20,31.61,5646,Month-to-Month,0,Female,1,1,0,0,1,0,1,1,Credit Card,0,3,0,3,1,94.83,0,1
59,15,14.65,2962,Month-to-Month,1,Male,1,0,0,0,0,0,0,0,Credit Card,1,4,0,1,0,14.65,0,0
24,0,34.16,4610,Two Year,0,Male,0,1,0,0,0,0,0,0,Credit Card,0,5,0,53,0,1810.48,1,0
33,29,34.49,5976,Month-to-Month,1,Female,1,1,0,1,1,0,1,1,Bank Withdrawal,0,5,0,69,0,2379.81,0,0
51,8,3.81,4535,Month-to-Month,0,Male,1,0,0,0,0,0,1,1,Credit Card,1,5,1,25,0,95.25,0,0
47,6,3.12,5238,One Year,1,Male,1,1,0,0,0,0,1,1,Credit Card,1,5,1,31,0,96.72,0,0
47,18,7.31,4336,Month-to-Month,0,Male,1,0,0,1,0,0,1,0,Bank Withdrawal,1,1,0,5,0,36.55,0,1
79,15,0.0,3561,Month-to-Month,0,Female,1,0,0,0,0,0,0,0,Bank Withdrawal,0,3,1,5,0,0.0,0,1
40,13,22.23,2115,Month-to-Month,0,Female,1,1,0,0,0,0,1,1,Bank Withdrawal,0,5,1,2,0,44.46,0,0
42,16,0.0,4601,Two Year,1,Male,1,0,0,1,0,1,1,1,Bank Withdrawal,0,3,1,68,0,0.0,0,0
67,4,0.0,5715,One Year,0,Female,1,0,0,1,0,0,0,0,Bank Withdrawal,0,3,0,45,0,0.0,0,0
34,14,24.22,3738,Month-to-Month,1,Male,1,1,1,0,0,0,1,1,Credit Card,0,3,1,38,0,920.36,0,0
36,5,30.96,3420,Month-to-Month,0,Female,1,0,0,0,1,0,0,0,Bank Withdrawal,0,1,0,1,0,30.96,0,1
69,14,19.92,4045,One Year,0,Female,1,0,0,0,1,0,0,0,Bank Withdrawal,1,5,0,32,1,637.44,0,0
19,53,6.91,2330,Month-to-Month,0,Male,1,1,0,0,0,0,1,0,Bank Withdrawal,0,1,0,4,0,27.64,0,1
49,0,32.47,5964,One Year,0,Male,0,0,1,1,0,0,0,1,Credit Card,0,5,0,19,0,616.93,0,0
27,48,0.0,5182,One Year,0,Female,1,0,0,0,0,0,1,0,Credit Card,0,3,1,19,0,0.0,0,1
53,7,0.0,3615,Month-to-Month,0,Female,1,0,0,0,1,0,1,0,Bank Withdrawal,0,2,0,29,0,0.0,0,1
76,16,20.42,4162,Two Year,0,Female,1,1,1,1,1,1,1,1,Bank Withdrawal,1,3,1,46,0,939.32,0,0
26,0,17.3,2400,One Year,0,Male,0,0,1,0,0,0,0,0,Credit Card,0,3,0,27,0,467.1,0,0
32,17,15.1,5386,Two Year,1,Male,1,1,0,1,0,0,1,0,Credit Card,0,3,0,52,0,785.2,1,0
65,26,33.25,4687,Month-to-Month,1,Male,1,1,0,0,1,0,1,1,Bank Withdrawal,0,3,1,39,0,1296.75,0,1
34,0,45.83,4195,Month-to-Month,0,Male,0,0,1,1,0,0,0,0,Credit Card,0,4,0,9,0,412.47,0,0
55,0,13.83,2049,Month-to-Month,0,Male,0,0,1,0,0,0,1,1,Credit Card,0,4,0,10,0,138.3,0,0
31,24,11.73,3037,Month-to-Month,0,Male,1,0,0,1,0,0,1,0,Bank Withdrawal,0,1,0,1,0,11.73,0,1
24,0,18.31,2574,Two Year,0,Female,0,0,0,1,0,0,1,0,Bank Withdrawal,0,3,0,42,0,769.02,0,0
32,3,25.48,4332,Two Year,1,Female,1,1,0,0,0,1,1,1,Bank Withdrawal,1,3,1,72,0,1834.56,0,0
32,8,0.0,2675,Month-to-Month,0,Male,1,0,0,0,0,0,0,0,Credit Card,0,3,0,18,0,0.0,0,0
52,0,43.52,4125,Two Year,0,Female,0,0,1,0,0,0,0,1,Credit Card,0,4,0,58,0,2524.16,0,0
44,0,27.08,5916,Month-to-Month,0,Male,0,0,0,1,0,0,0,0,Credit Card,0,4,0,1,0,27.08,0,0
30,27,3.69,4422,One Year,1,Male,1,0,0,0,0,0,1,0,Bank Withdrawal,1,3,1,29,0,107.01,1,0
58,5,21.14,3139,Month-to-Month,1,Male,1,1,0,0,0,0,1,0,Bank Withdrawal,1,4,0,17,0,359.38,0,0
70,10,29.3,4222,Month-to-Month,1,Male,1,1,0,0,1,1,1,0,Bank Withdrawal,1,4,1,55,0,1611.5,0,0
68,12,9.09,4074,Month-to-Month,0,Female,1,1,0,1,1,0,1,0,Bank Withdrawal,0,1,1,26,0,236.34,0,1
23,69,44.92,5762,Two Year,1,Female,1,1,0,0,1,1,0,1,Credit Card,1,3,1,72,0,3234.24,0,0
27,59,30.6,4727,One Year,1,Female,1,0,0,1,1,1,1,0,Credit Card,0,3,1,46,0,1407.6,0,0
78,14,1.28,3172,Month-to-Month,1,Female,1,1,0,1,0,0,1,1,Bank Withdrawal,0,3,1,11,0,14.08,0,1
59,0,33.0,4742,Two Year,0,Female,0,1,0,0,0,0,1,1,Credit Card,0,5,0,71,0,2343.0,0,0
73,30,1.34,4988,Two Year,1,Male,1,1,0,1,1,1,1,1,Bank Withdrawal,1,3,0,72,0,96.48,0,0
19,58,23.27,5453,Two Year,1,Male,1,1,0,1,1,1,0,1,Bank Withdrawal,1,3,1,66,0,1535.82,0,0
55,2,42.16,4676,Month-to-Month,0,Male,1,0,0,0,0,1,1,0,Bank Withdrawal,0,1,0,2,0,84.32,0,1
33,3,21.03,3684,Month-to-Month,0,Male,1,0,0,0,0,0,1,0,Credit Card,0,4,0,4,0,84.12,0,0
53,24,22.86,2075,Month-to-Month,0,Female,1,0,0,0,0,0,1,0,Bank Withdrawal,0,3,0,1,0,22.86,0,1
56,0,15.21,5478,Two Year,0,Female,0,0,1,0,0,0,1,0,Credit Card,0,4,0,72,0,1095.12,1,0
47,21,0.0,3518,Month-to-Month,0,Male,1,0,1,0,0,0,1,0,Bank Withdrawal,0,4,0,1,0,0.0,0,0
80,18,13.84,4423,One Year,1,Female,1,1,0,0,0,0,1,1,Bank Withdrawal,1,2,1,43,1,595.12,0,1
34,25,41.14,5411,One Year,1,Male,1,1,0,1,0,0,1,0,Bank Withdrawal,1,2,1,58,1,2386.12,0,1
29,41,49.74,6035,Two Year,1,Male,1,0,0,1,0,1,0,0,Bank Withdrawal,0,4,0,67,1,3332.58,0,0
34,13,20.27,4093,One Year,0,Female,1,1,0,0,1,0,1,1,Bank Withdrawal,1,5,1,59,0,1195.93,0,0
57,11,17.19,5763,Month-to-Month,0,Male,1,0,0,0,0,0,0,1,Bank Withdrawal,0,3,1,21,0,360.99,0,0
62,17,43.51,3716,Month-to-Month,0,Female,1,0,0,1,0,0,1,0,Credit Card,1,2,0,5,0,217.55,0,1
21,0,38.6,3402,Month-to-Month,0,Female,0,0,1,0,0,0,0,1,Bank Withdrawal,0,3,0,20,0,772.0,1,0
80,10,41.57,5041,Two Year,0,Female,1,1,0,1,0,0,1,0,Bank Withdrawal,0,3,0,36,0,1496.52,0,0
33,0,4.15,4993,Two Year,0,Female,0,1,1,1,0,0,0,1,Bank Withdrawal,0,3,0,71,0,294.65,0,0
28,0,26.49,3408,Two Year,0,Female,0,0,0,0,0,0,0,0,Credit Card,0,3,0,37,0,980.13,0,0
75,22,16.05,3669,Month-to-Month,0,Male,1,0,0,0,0,0,1,1,Credit Card,0,2,0,7,0,112.35,1,1
50,0,1.2,3058,One Year,0,Male,0,0,1,1,0,0,0,0,Credit Card,0,3,0,23,0,27.6,0,0
57,6,14.38,5671,Month-to-Month,0,Female,1,1,0,1,1,0,1,0,Bank Withdrawal,0,3,1,12,0,172.56,0,1
40,27,3.78,6365,One Year,1,Male,1,1,1,1,1,0,1,1,Bank Withdrawal,0,3,1,53,0,200.34,0,0
56,53,8.18,6136,Month-to-Month,0,Female,1,1,1,1,0,0,1,1,Bank Withdrawal,0,5,1,49,0,400.82,0,0
26,52,23.06,5460,Month-to-Month,0,Male,1,0,0,1,0,0,1,1,Bank Withdrawal,0,3,1,1,0,23.06,0,1
25,48,4.0,5292,Month-to-Month,1,Male,1,1,0,0,0,0,1,1,Bank Withdrawal,0,1,0,29,0,116.0,0,1
75,27,13.63,3077,Month-to-Month,0,Male,1,0,0,1,0,0,1,1,Bank Withdrawal,0,2,1,7,0,95.41,0,1
78,9,25.51,4915,Two Year,0,Male,1,1,0,1,0,0,1,0,Bank Withdrawal,0,4,1,20,1,510.2,0,0
60,22,33.97,5796,Month-to-Month,0,Male,1,0,0,0,0,1,1,0,Bank Withdrawal,0,3,0,24,0,815.28,0,0
49,0,27.93,4185,Two Year,0,Male,0,1,1,1,0,0,1,1,Credit Card,0,3,0,72,0,2010.96,1,0
58,28,32.27,3937,One Year,0,Male,1,1,1,0,0,1,1,1,Credit Card,1,3,0,17,0,548.59,0,0
28,27,9.76,4559,Month-to-Month,0,Female,1,0,0,1,0,0,1,1,Bank Withdrawal,0,2,0,2,0,19.52,0,1
39,3,37.5,4633,Month-to-Month,0,Female,1,0,0,1,0,0,0,0,Bank Withdrawal,0,5,0,1,0,37.5,0,0
75,11,42.19,4368,Two Year,0,Male,1,1,0,1,0,0,1,0,Bank Withdrawal,0,3,0,52,0,2193.88,0,0
39,12,0.0,5768,Month-to-Month,0,Female,1,0,0,0,0,0,0,0,Bank Withdrawal,0,2,0,1,0,0.0,0,1
52,0,26.85,5355,One Year,0,Female,0,0,0,0,0,0,0,0,Credit Card,0,4,0,11,0,295.35,0,0
29,52,7.6,4852,Month-to-Month,0,Female,1,1,0,1,1,0,1,1,Bank Withdrawal,0,3,1,17,0,129.2,0,0
21,51,49.29,4630,One Year,1,Male,1,0,0,0,1,0,1,0,Bank Withdrawal,1,2,1,52,0,2563.08,0,1
59,15,42.08,5461,One Year,1,Male,1,1,0,1,0,1,1,1,Bank Withdrawal,1,3,1,38,0,1599.04,0,0
45,53,11.36,4388,Two Year,1,Female,1,1,1,1,1,1,1,1,Credit Card,1,4,1,70,0,795.2,0,0
53,24,11.81,2266,Month-to-Month,0,Female,1,0,0,0,0,0,1,0,Bank Withdrawal,0,2,1,6,0,70.86,0,1
23,0,13.35,5970,Two Year,0,Female,0,1,0,1,0,0,1,1,Credit Card,0,4,0,61,0,814.35,0,0
31,13,0.0,4193,Month-to-Month,0,Male,1,0,0,0,0,0,0,0,Credit Card,0,4,0,1,0,0.0,0,0
21,59,45.21,5083,Two Year,0,Male,1,0,1,0,0,1,0,1,Bank Withdrawal,1,3,0,45,0,2034.45,0,0
20,76,6.5,4922,Month-to-Month,0,Female,1,1,1,1,0,0,0,1,Bank Withdrawal,0,3,0,10,0,65.0,0,0
65,9,24.96,3021,Two Year,1,Female,1,0,0,0,0,0,0,0,Credit Card,0,3,0,9,0,224.64,0,0
74,6,13.8,4174,Month-to-Month,0,Female,1,1,0,0,0,0,1,0,Bank Withdrawal,0,3,0,8,0,110.4,0,1
56,27,45.46,6148,Month-to-Month,0,Male,1,1,0,1,1,0,0,0,Bank Withdrawal,0,3,1,49,0,2227.54,0,0
39,0,18.99,5574,Two Year,0,Male,0,1,1,1,0,0,0,1,Credit Card,0,4,0,71,0,1348.29,0,0
51,28,21.69,2941,Month-to-Month,1,Male,1,1,1,1,1,0,1,0,Bank Withdrawal,0,2,1,34,0,737.46,0,1
62,3,35.13,4807,One Year,1,Male,1,0,0,0,0,1,0,0,Credit Card,1,3,1,60,0,2107.8,0,0
70,5,22.02,5111,Two Year,0,Male,1,1,0,1,0,0,1,0,Bank Withdrawal,0,5,0,16,0,352.32,0,0
65,16,42.3,5001,Month-to-Month,0,Male,1,0,0,0,0,0,1,0,Bank Withdrawal,0,3,1,1,0,42.3,0,1
43,0,2.59,5975,Month-to-Month,0,Male,0,0,0,0,0,0,1,0,Credit Card,0,4,0,27,0,69.93,1,0
47,13,36.11,4998,Month-to-Month,0,Female,1,0,0,0,0,0,1,0,Bank Withdrawal,0,3,0,12,0,433.32,0,0
59,16,35.22,4129,Month-to-Month,1,Male,1,1,0,0,1,0,1,1,Bank Withdrawal,0,2,1,60,0,2113.2,0,1
63,26,19.99,6205,Month-to-Month,1,Female,1,0,0,0,0,1,1,1,Credit Card,0,3,0,65,0,1299.35,0,0
32,24,28.86,3851,Month-to-Month,0,Male,1,0,0,1,1,1,0,1,Mailed Check,1,3,0,28,0,808.08,0,0
54,0,23.73,2186,Month-to-Month,0,Male,0,0,1,1,0,0,0,1,Credit Card,0,5,0,6,0,142.38,0,0
33,25,36.78,5631,One Year,1,Male,1,0,0,1,1,1,1,0,Bank Withdrawal,1,4,1,47,0,1728.66,0,0
53,22,2.86,2989,Month-to-Month,1,Male,1,0,0,0,0,0,0,1,Bank Withdrawal,0,1,0,18,0,51.48,1,1
59,24,0.0,4577,Two Year,0,Female,1,0,0,1,0,1,1,1,Credit Card,1,4,1,35,1,0.0,0,0
30,27,36.52,2264,Month-to-Month,1,Male,1,1,0,0,1,0,1,0,Bank Withdrawal,0,1,0,5,0,182.6,0,1
24,0,7.18,4328,Two Year,0,Male,0,0,0,0,0,0,0,0,Credit Card,0,4,0,69,0,495.42,0,0
54,25,33.66,4768,Month-to-Month,1,Female,1,1,0,1,1,0,1,1,Credit Card,0,5,1,55,0,1851.3,0,0
27,59,21.83,3584,Month-to-Month,1,Male,1,1,0,1,0,0,1,1,Bank Withdrawal,1,1,1,21,0,458.43,0,1
55,0,11.15,6403,Two Year,0,Male,0,0,1,1,0,0,0,1,Credit Card,0,5,0,62,0,691.3,0,0
47,0,19.75,6492,Two Year,0,Male,0,0,1,1,0,0,1,1,Bank Withdrawal,0,3,0,68,0,1343.0,0,0
51,21,12.27,5447,Two Year,1,Male,1,1,0,0,1,1,0,0,Bank Withdrawal,1,4,0,71,0,871.17,0,0
34,22,37.97,3971,Month-to-Month,0,Male,1,0,1,1,0,1,0,1,Bank Withdrawal,1,4,0,25,0,949.25,0,0
19,58,31.84,4010,Month-to-Month,1,Male,1,0,0,1,0,0,0,0,Bank Withdrawal,1,4,1,7,0,222.88,0,0
27,47,1.03,4868,One Year,0,Female,1,0,0,0,1,1,1,0,Bank Withdrawal,0,3,1,45,0,46.35,0,0
64,12,3.18,4022,Month-to-Month,1,Male,1,0,1,0,0,0,0,1,Bank Withdrawal,0,3,1,28,0,89.04,0,0
54,18,19.24,4505,Two Year,1,Female,1,1,0,0,1,1,1,1,Credit Card,1,3,0,36,1,692.64,0,0
74,19,0.0,5421,Two Year,1,Male,1,0,0,1,1,1,0,1,Credit Card,1,4,0,71,0,0.0,1,0
48,3,35.71,2046,Month-to-Month,0,Male,1,0,0,1,0,0,0,1,Bank Withdrawal,0,1,0,1,0,35.71,0,1
20,73,47.91,5109,Month-to-Month,0,Female,1,0,1,0,0,0,1,1,Bank Withdrawal,0,5,1,5,0,239.55,0,0
35,0,29.01,5638,Month-to-Month,0,Female,0,0,1,1,0,0,1,1,Credit Card,0,1,0,11,0,319.11,0,1
32,17,7.65,3415,Month-to-Month,0,Male,1,0,0,1,0,1,0,0,Bank Withdrawal,1,3,1,10,0,76.5,0,0
71,6,20.48,6102,Two Year,1,Female,1,1,0,1,1,1,1,1,Credit Card,1,3,1,72,0,1474.56,0,0
62,8,46.49,5831,Month-to-Month,0,Male,1,0,0,1,0,0,1,0,Credit Card,1,3,1,19,0,883.31,0,0
23,41,29.44,5988,One Year,0,Female,1,1,0,1,1,1,1,0,Bank Withdrawal,0,3,0,42,0,1236.48,0,0
36,17,0.0,6091,Two Year,1,Male,1,0,0,1,1,1,0,1,Bank Withdrawal,0,4,0,72,0,0.0,0,0
19,59,36.22,2331,Month-to-Month,0,Female,1,0,0,0,0,1,0,0,Bank Withdrawal,0,3,0,14,0,507.08,0,0
77,20,49.6,3106,Month-to-Month,1,Male,1,1,0,0,0,0,1,0,Bank Withdrawal,0,1,1,1,1,49.6,0,1
52,26,14.26,4944,Month-to-Month,1,Male,1,0,0,0,0,0,1,0,Bank Withdrawal,0,1,1,5,0,71.3,0,1
60,2,15.2,5754,Month-to-Month,0,Male,1,0,0,0,1,0,1,0,Bank Withdrawal,0,4,0,1,0,15.2,0,0
26,69,36.7,4459,One Year,0,Male,1,1,1,1,0,1,0,1,Bank Withdrawal,1,4,1,29,1,1064.3,0,0
56,11,45.57,4838,Two Year,1,Male,1,1,0,1,1,1,1,0,Credit Card,0,3,0,66,0,3007.62,0,0
44,7,6.58,5678,Two Year,1,Female,1,1,0,0,0,1,1,1,Credit Card,0,3,1,72,0,473.76,0,0
74,4,0.0,2599,Two Year,1,Male,1,0,0,0,0,0,0,0,Credit Card,1,5,1,5,0,0.0,0,0
29,71,4.48,2767,One Year,1,Female,1,0,0,1,0,1,1,0,Bank Withdrawal,1,1,1,39,0,174.72,0,1
30,0,43.84,5249,Month-to-Month,0,Female,0,1,0,1,0,0,1,0,Bank Withdrawal,0,3,0,1,0,43.84,0,0
67,11,16.32,2075,Month-to-Month,0,Male,1,1,0,1,0,0,1,0,Bank Withdrawal,0,3,0,14,0,228.48,1,1
59,0,20.73,2111,Two Year,0,Male,0,1,1,1,0,0,0,1,Bank Withdrawal,0,3,0,48,0,995.04,0,0
27,52,33.39,5723,Two Year,1,Female,1,1,1,0,1,1,0,1,Credit Card,0,4,1,72,1,2404.08,0,0
23,58,48.17,5662,One Year,0,Female,1,0,0,1,1,0,1,0,Credit Card,0,4,1,39,0,1878.63,0,0
39,12,39.58,5438,Month-to-Month,1,Male,1,0,0,1,1,0,1,0,Bank Withdrawal,0,2,1,22,0,870.76,0,1
59,25,14.09,3427,Month-to-Month,0,Male,1,1,0,0,0,0,1,1,Bank Withdrawal,0,2,0,19,1,267.71,0,1
55,28,14.14,4795,Two Year,1,Male,1,0,0,1,1,0,0,1,Bank Withdrawal,0,4,1,47,0,664.58,0,0
48,28,0.0,6406,One Year,0,Male,1,0,0,1,1,1,1,0,Bank Withdrawal,1,3,0,63,0,0.0,0,0
32,19,19.87,5753,Month-to-Month,0,Male,1,0,0,0,0,1,1,0,Credit Card,1,3,0,2,0,39.74,0,0
63,20,2.8,6161,Month-to-Month,1,Female,1,1,0,0,1,0,0,1,Bank Withdrawal,1,4,0,56,1,156.8,0,0
49,16,41.09,4583,Two Year,1,Male,1,1,1,0,0,0,1,1,Credit Card,0,4,1,59,0,2424.31,0,0
57,11,34.97,4528,Two Year,1,Male,1,1,0,0,1,1,1,1,Credit Card,1,3,1,72,0,2517.84,0,0
42,0,24.71,5072,Two Year,0,Female,0,1,0,1,0,0,1,1,Credit Card,0,5,0,71,0,1754.41,0,0
50,57,38.44,5100,Month-to-Month,0,Male,1,1,1,1,0,0,0,1,Bank Withdrawal,0,5,0,60,0,2306.4,0,0
45,0,41.56,4194,One Year,0,Male,0,0,1,0,0,0,0,1,Credit Card,0,5,0,57,0,2368.92,0,0
22,52,0.0,4275,Two Year,1,Female,1,0,0,0,1,1,0,1,Credit Card,1,4,1,52,0,0.0,0,0
20,51,27.09,6204,Two Year,1,Female,1,1,1,1,0,1,1,0,Credit Card,1,3,0,66,0,1787.94,0,0
45,0,35.32,4263,Month-to-Month,0,Male,0,0,0,0,0,0,0,0,Bank Withdrawal,0,5,0,23,0,812.36,0,0
79,17,10.67,2654,One Year,1,Male,1,0,0,0,0,1,0,0,Credit Card,0,1,0,45,0,480.15,0,1
24,0,33.61,4766,Two Year,0,Male,0,1,0,0,0,0,0,1,Bank Withdrawal,0,3,0,71,0,2386.31,0,0
66,27,11.57,5084,Month-to-Month,0,Male,1,0,0,0,0,1,0,0,Credit Card,1,1,1,8,0,92.56,0,1
52,20,49.3,4418,Month-to-Month,0,Male,1,1,0,1,1,0,1,0,Bank Withdrawal,0,1,0,24,0,1183.2,0,1
66,22,32.37,6072,Two Year,0,Female,1,1,0,1,0,1,0,1,Bank Withdrawal,0,3,0,72,0,2330.64,0,0
72,24,37.53,5089,Two Year,1,Female,1,1,0,1,1,1,1,1,Bank Withdrawal,1,3,0,71,0,2664.63,0,0
20,48,37.45,5527,Two Year,1,Female,1,1,0,0,1,1,1,1,Bank Withdrawal,1,3,1,72,1,2696.4,0,0
38,0,13.72,6251,Two Year,0,Male,0,1,0,0,0,0,0,1,Credit Card,0,3,0,72,0,987.84,1,0
61,14,1.59,2326,Month-to-Month,0,Female,1,0,0,0,0,0,1,0,Credit Card,0,1,1,1,0,1.59,0,1
20,0,20.0,2269,Two Year,0,Female,0,0,1,0,0,0,0,1,Credit Card,0,5,0,18,0,360.0,0,0
79,11,32.19,4425,Two Year,0,Female,1,1,0,0,0,0,1,0,Bank Withdrawal,0,4,1,17,0,547.23,1,0
44,0,24.48,4402,Two Year,0,Male,0,0,1,0,0,0,0,0,Bank Withdrawal,0,3,0,62,0,1517.76,0,0
27,46,43.06,4669,Month-to-Month,0,Male,1,0,0,1,0,0,1,0,Bank Withdrawal,0,1,0,4,0,172.24,0,1
49,28,12.97,4170,One Year,0,Female,1,0,1,0,0,0,0,1,Bank Withdrawal,0,5,1,56,0,726.32,0,0
63,19,15.94,5918,One Year,1,Male,1,0,1,0,1,0,0,1,Credit Card,1,4,1,59,0,940.46,0,0
58,11,20.41,4857,Month-to-Month,0,Male,1,1,0,1,0,0,1,0,Bank Withdrawal,0,1,0,19,1,387.79,0,1
67,30,13.56,4478,Two Year,0,Male,1,0,0,1,0,0,0,0,Credit Card,0,3,0,34,0,461.04,0,0
37,16,42.39,2205,One Year,0,Female,1,0,0,0,1,0,1,1,Credit Card,1,3,1,9,0,381.51,0,0
80,0,37.25,5341,Two Year,0,Male,0,1,0,1,0,0,0,1,Credit Card,0,5,0,71,0,2644.75,0,0
30,69,28.7,5258,Month-to-Month,0,Male,1,0,0,1,0,0,1,0,Bank Withdrawal,0,1,0,1,0,28.7,0,1
44,11,30.96,5097,Two Year,1,Male,1,0,0,0,0,1,1,0,Bank Withdrawal,1,4,1,66,0,2043.36,0,0
48,17,19.19,4718,Month-to-Month,0,Male,1,1,0,0,1,0,1,0,Bank Withdrawal,0,1,0,22,0,422.18,0,1
74,13,8.75,5863,One Year,1,Female,1,1,0,1,0,1,1,1,Credit Card,1,2,1,43,0,376.25,0,1
41,19,31.4,5795,Two Year,1,Male,1,0,1,0,1,1,1,1,Bank Withdrawal,0,3,1,68,0,2135.2,0,0
51,13,24.75,2183,Month-to-Month,1,Male,1,1,0,1,0,0,1,0,Bank Withdrawal,1,5,1,45,0,1113.75,0,0
67,19,34.55,4148,One Year,0,Female,1,0,0,0,1,1,0,1,Credit Card,0,3,0,69,0,2383.95,0,0
22,59,0.0,6427,Two Year,1,Male,1,0,0,1,0,1,1,1,Credit Card,1,3,1,61,0,0.0,0,0
20,59,47.81,6281,One Year,0,Male,1,0,1,1,1,1,0,0,Credit Card,1,4,0,53,0,2533.93,0,0
80,4,0.0,5600,Two Year,1,Male,1,0,0,0,1,0,1,1,Bank Withdrawal,1,3,1,33,0,0.0,0,0
24,0,16.02,5743,Two Year,0,Male,0,0,1,0,0,0,1,1,Credit Card,0,3,0,41,0,656.82,0,0
36,5,12.5,3306,One Year,1,Male,1,1,0,0,0,0,1,0,Credit Card,1,1,1,18,0,225.0,0,1
51,0,30.41,4642,Two Year,0,Female,0,0,1,0,0,0,0,1,Credit Card,0,4,0,24,0,729.84,0,0
44,20,37.29,5344,Month-to-Month,0,Male,1,1,0,0,0,0,0,0,Bank Withdrawal,0,1,0,2,0,74.58,0,1
31,13,12.36,5137,One Year,0,Male,1,1,0,1,1,0,0,0,Bank Withdrawal,0,3,1,28,0,346.08,1,0
55,2,12.78,4206,Month-to-Month,0,Male,1,0,0,1,0,0,1,0,Bank Withdrawal,0,3,1,10,0,127.8,0,1
31,26,49.98,4406,One Year,0,Male,1,0,0,1,1,1,1,0,Credit Card,1,1,1,54,0,2698.92,0,1
75,4,2.88,3369,Month-to-Month,1,Female,1,1,0,0,1,0,1,1,Bank Withdrawal,0,1,0,34,0,97.92,0,1
35,0,40.51,4103,Month-to-Month,0,Male,0,0,0,1,0,0,0,0,Credit Card,0,2,0,1,0,40.51,0,1
79,25,4.45,3363,Month-to-Month,0,Female,1,1,0,0,0,0,1,0,Bank Withdrawal,0,2,0,13,0,57.85,0,1
56,4,14.32,2731,Month-to-Month,0,Male,1,1,0,1,0,1,1,1,Bank Withdrawal,0,3,0,13,0,186.16,0,0
35,21,40.87,4118,Month-to-Month,0,Female,1,0,0,0,0,0,0,0,Credit Card,0,5,0,1,0,40.87,0,0
44,22,40.59,5253,Month-to-Month,0,Male,1,0,0,1,0,0,0,0,Credit Card,0,5,0,11,1,446.49,0,0
20,59,48.91,2297,One Year,1,Female,1,0,0,1,1,0,0,0,Credit Card,1,3,1,27,0,1320.57,0,0
64,19,13.58,3762,Month-to-Month,0,Female,1,1,0,0,0,0,0,0,Credit Card,0,4,0,15,0,203.7,1,0
78,12,19.76,5337,Month-to-Month,1,Female,1,0,1,1,1,0,1,1,Bank Withdrawal,0,2,1,25,0,494.0,1,1
55,16,0.0,2372,Month-to-Month,0,Male,1,0,0,0,0,0,1,0,Credit Card,0,3,0,8,0,0.0,0,0
49,0,2.83,5740,Two Year,0,Female,0,0,0,1,0,0,0,0,Bank Withdrawal,0,4,0,68,0,192.44,0,0
49,28,15.15,5404,Month-to-Month,1,Male,1,1,0,0,0,1,0,1,Bank Withdrawal,1,4,1,61,0,924.15,0,0
49,22,48.89,4248,Month-to-Month,0,Female,1,0,0,1,0,0,1,0,Bank Withdrawal,1,2,0,6,0,293.34,0,1
51,4,45.69,5900,Month-to-Month,1,Male,1,0,0,0,0,0,0,0,Bank Withdrawal,1,4,1,5,0,228.45,0,0
45,3,42.65,3796,Month-to-Month,1,Male,1,1,0,1,1,0,0,1,Bank Withdrawal,0,2,1,21,0,895.65,0,1
54,0,4.26,5651,One Year,0,Male,0,0,1,0,0,0,0,1,Credit Card,0,3,0,13,0,55.38,0,0
51,11,33.44,5216,Month-to-Month,0,Female,1,1,0,1,1,0,1,0,Bank Withdrawal,0,1,0,23,0,769.12,0,1
26,0,12.61,5744,One Year,0,Male,0,0,0,0,0,0,0,1,Bank Withdrawal,0,4,0,36,0,453.96,0,0
37,18,22.64,4403,One Year,1,Female,1,1,0,1,1,0,1,0,Credit Card,0,5,1,30,0,679.2,0,0
69,4,28.67,4320,Two Year,0,Male,1,0,0,1,0,0,0,0,Bank Withdrawal,0,4,0,1,0,28.67,0,0
36,28,30.55,2003,Month-to-Month,1,Male,1,1,0,0,0,0,1,1,Credit Card,0,1,1,13,0,397.15,0,1
64,17,28.36,4190,Two Year,1,Female,1,1,1,1,1,1,1,1,Bank Withdrawal,1,3,0,53,0,1503.08,0,0
35,0,5.42,5761,Month-to-Month,0,Female,0,0,0,1,0,0,0,1,Credit Card,0,4,0,2,0,10.84,0,0
68,3,27.56,5328,One Year,0,Male,1,1,0,0,1,0,0,1,Bank Withdrawal,1,3,1,20,0,551.2,0,0
22,0,22.36,5921,Two Year,0,Female,0,0,1,0,0,0,0,1,Credit Card,0,3,0,71,0,1587.56,0,0
24,48,37.76,4769,Two Year,0,Female,1,1,0,0,1,0,0,0,Bank Withdrawal,0,3,1,63,0,2378.88,0,0
22,0,19.27,5110,One Year,0,Male,0,0,0,0,0,0,1,1,Credit Card,0,4,0,61,0,1175.47,0,0
46,19,12.58,3600,Month-to-Month,0,Female,1,0,0,0,0,0,1,0,Credit Card,0,1,0,4,0,50.32,0,1
31,75,46.7,4387,Two Year,0,Male,1,0,1,1,1,0,1,1,Bank Withdrawal,1,3,0,54,0,2521.8,0,0
59,26,4.03,3749,Month-to-Month,0,Female,1,0,1,1,0,0,0,0,Credit Card,1,3,0,19,0,76.57,0,0
53,28,41.66,4219,Month-to-Month,0,Male,1,1,0,1,1,1,1,0,Credit Card,0,3,0,30,0,1249.8,0,0
26,59,3.35,4910,Month-to-Month,1,Male,1,0,0,0,0,0,1,1,Credit Card,0,4,0,29,0,97.15,0,0
21,52,0.0,3909,Two Year,1,Female,1,0,0,0,1,1,1,0,Mailed Check,1,4,1,6,1,0.0,0,0
51,57,36.71,3973,One Year,1,Male,1,1,1,1,0,0,1,1,Credit Card,1,4,1,26,0,954.46,1,0
20,59,24.33,4142,Month-to-Month,0,Male,1,0,1,0,0,0,1,1,Bank Withdrawal,0,3,1,1,0,24.33,0,0
21,51,9.98,2570,Month-to-Month,0,Female,1,1,0,1,1,0,1,1,Bank Withdrawal,0,3,1,4,0,39.92,0,1
63,8,35.0,4745,One Year,0,Male,1,1,0,1,1,1,1,1,Credit Card,0,3,0,51,0,1785.0,0,0
45,7,0.0,5052,One Year,0,Male,1,0,0,1,0,1,1,0,Credit Card,1,3,0,50,0,0.0,0,0
19,73,0.0,3445,One Year,0,Female,1,0,0,1,1,1,0,0,Bank Withdrawal,1,4,0,39,0,0.0,0,0
47,19,27.25,5534,Two Year,0,Male,1,0,0,1,1,1,0,1,Bank Withdrawal,1,3,1,72,0,1962.0,0,0
64,7,11.58,5514,Month-to-Month,0,Male,1,1,0,1,0,0,1,0,Bank Withdrawal,0,4,0,8,0,92.64,0,0
23,42,0.0,5455,One Year,0,Female,1,0,0,0,0,0,1,0,Credit Card,1,4,0,30,0,0.0,0,0
25,59,14.19,2412,Month-to-Month,0,Female,1,0,0,0,0,0,1,0,Bank Withdrawal,0,1,0,1,0,14.19,0,1
73,20,18.38,3561,Month-to-Month,1,Female,1,0,0,0,0,0,1,0,Bank Withdrawal,0,2,1,3,0,55.14,0,1
63,11,0.0,3090,Month-to-Month,0,Male,1,0,0,0,0,0,1,0,Mailed Check,0,3,0,17,0,0.0,0,0
40,13,0.0,4003,One Year,0,Male,1,0,0,1,0,1,0,0,Bank Withdrawal,1,3,1,39,0,0.0,0,0
39,0,8.95,4931,One Year,0,Female,0,0,0,1,0,0,0,0,Bank Withdrawal,0,3,0,18,0,161.1,0,1
37,14,48.38,3212,Month-to-Month,0,Female,1,0,0,1,0,0,1,1,Bank Withdrawal,0,1,0,3,0,145.14,0,1
70,30,43.45,5056,Month-to-Month,0,Female,1,0,0,0,0,0,1,0,Bank Withdrawal,0,1,0,1,1,43.45,0,1
57,24,1.27,6301,Two Year,1,Female,1,0,0,1,0,0,1,1,Bank Withdrawal,1,4,1,61,1,77.47,1,0
59,23,49.33,5544,Month-to-Month,0,Female,1,0,0,0,0,0,0,1,Bank Withdrawal,0,3,0,36,0,1775.88,0,0
75,10,5.31,5604,Month-to-Month,0,Male,1,1,0,0,0,0,1,1,Bank Withdrawal,0,1,1,20,0,106.2,0,1
50,0,1.36,3048,One Year,0,Female,0,0,0,0,0,0,0,0,Credit Card,0,5,0,25,0,34.0,0,0
41,0,17.12,4747,Two Year,0,Female,0,1,0,1,0,0,0,1,Credit Card,0,4,0,68,0,1164.16,0,0
68,25,39.69,3689,Month-to-Month,1,Male,1,1,0,1,0,0,1,0,Bank Withdrawal,0,3,1,35,0,1389.15,0,1
61,3,8.18,4857,One Year,1,Male,1,1,0,1,1,0,0,1,Bank Withdrawal,0,2,1,67,0,548.06,0,1
37,0,26.95,5849,Two Year,0,Female,0,0,0,1,0,0,0,1,Bank Withdrawal,0,4,0,50,0,1347.5,0,0
55,17,0.0,4256,One Year,1,Male,1,0,0,0,0,1,1,0,Bank Withdrawal,0,3,1,44,0,0.0,1,0
64,8,12.98,4000,One Year,0,Female,1,1,0,0,0,0,1,1,Bank Withdrawal,1,3,1,43,0,558.14,0,0
50,21,8.44,3128,Month-to-Month,1,Male,1,0,1,0,1,0,1,1,Credit Card,1,4,0,15,0,126.6,0,0
73,25,17.22,2136,Two Year,0,Female,1,1,0,1,1,1,1,1,Credit Card,1,3,0,22,0,378.84,0,0
39,18,23.82,4516,Month-to-Month,0,Male,1,1,0,1,0,0,1,0,Bank Withdrawal,0,5,0,49,0,1167.18,0,0
21,85,36.06,5317,Month-to-Month,0,Male,1,0,0,0,0,0,0,0,Credit Card,0,1,0,2,0,72.12,0,1
38,17,0.0,4159,Two Year,1,Female,1,0,0,1,1,0,0,1,Credit Card,1,3,1,61,0,0.0,0,0
65,9,0.0,3920,Two Year,1,Male,1,0,0,1,1,0,1,1,Bank Withdrawal,0,3,1,41,0,0.0,0,0
39,53,23.52,6484,Month-to-Month,0,Male,1,1,1,1,1,0,1,1,Credit Card,1,5,1,56,0,1317.12,0,0
47,10,5.39,3953,Month-to-Month,0,Male,1,0,0,0,0,0,0,0,Credit Card,0,4,1,3,0,16.17,0,0
60,28,17.52,3325,One Year,0,Female,1,0,0,0,1,1,0,0,Bank Withdrawal,1,4,0,8,1,140.16,0,0
79,23,5.09,2407,Month-to-Month,0,Female,1,1,0,0,0,0,1,0,Bank Withdrawal,0,1,0,22,0,111.98,0,1
33,5,28.83,5228,One Year,1,Male,1,0,0,1,0,0,1,1,Bank Withdrawal,0,5,1,17,0,490.11,0,0
74,10,11.91,5768,One Year,0,Female,1,1,0,0,1,1,1,1,Bank Withdrawal,0,3,1,67,0,797.97,0,0
63,18,39.77,3851,Month-to-Month,1,Female,1,0,1,0,1,0,0,1,Bank Withdrawal,1,5,1,15,0,596.55,0,0
59,22,49.95,4133,Month-to-Month,0,Male,1,1,1,1,0,0,1,1,Bank Withdrawal,0,5,0,57,1,2847.15,0,0
53,13,3.66,4262,Two Year,1,Male,1,1,0,1,1,1,0,0,Bank Withdrawal,1,5,0,72,0,263.52,0,0
29,51,5.93,4072,One Year,0,Male,1,1,0,0,0,0,1,1,Bank Withdrawal,1,3,1,19,0,112.67,0,1
41,0,39.59,4208,One Year,0,Female,0,0,0,0,0,0,0,0,Credit Card,0,5,0,7,0,277.13,0,0
38,22,1.12,3608,Month-to-Month,0,Female,1,0,0,1,0,0,1,1,Bank Withdrawal,1,1,1,5,0,5.6,1,1
47,16,21.93,3445,Month-to-Month,0,Female,1,1,0,1,0,0,1,0,Credit Card,1,3,0,12,0,263.16,0,0
54,0,17.43,5847,Two Year,0,Female,0,1,1,0,0,0,1,1,Credit Card,0,5,0,67,0,1167.81,0,0
77,21,33.57,5352,One Year,1,Male,1,1,0,0,1,0,1,1,Bank Withdrawal,1,3,1,27,0,906.39,0,0
68,29,44.56,5896,Two Year,1,Male,1,1,0,0,1,1,1,0,Credit Card,1,3,1,67,1,2985.52,0,0
45,27,0.0,2136,Two Year,1,Male,1,0,0,0,1,1,0,0,Credit Card,1,4,1,16,0,0.0,0,0
33,23,18.0,2742,Month-to-Month,0,Female,1,1,0,1,1,0,1,0,Credit Card,0,4,0,1,1,18.0,0,0
42,0,27.65,3879,Two Year,0,Female,0,0,1,0,0,0,0,1,Bank Withdrawal,0,3,0,46,0,1271.9,0,0
53,0,38.51,5046,Two Year,0,Female,0,0,1,1,0,0,0,1,Credit Card,0,3,0,55,0,2118.05,0,0
67,4,0.0,3244,Month-to-Month,0,Female,1,0,0,1,0,0,1,0,Bank Withdrawal,0,1,0,10,0,0.0,0,1
52,0,1.44,3260,Two Year,0,Female,0,0,1,0,0,0,0,1,Credit Card,0,5,0,47,0,67.68,0,0
54,23,5.01,4777,Two Year,1,Male,1,1,1,1,0,0,0,1,Bank Withdrawal,1,4,0,58,0,290.58,0,0
48,13,25.69,3286,Month-to-Month,0,Male,1,1,0,0,0,0,1,0,Bank Withdrawal,1,5,1,42,0,1078.98,0,0
57,11,15.92,5963,Month-to-Month,0,Female,1,0,0,1,0,0,1,0,Bank Withdrawal,0,1,0,1,0,15.92,0,1
73,26,17.43,2505,Month-to-Month,1,Male,1,1,0,1,1,0,1,1,Bank Withdrawal,0,1,1,43,0,749.49,0,1
35,5,0.0,4529,One Year,1,Male,1,0,0,0,0,0,1,0,Bank Withdrawal,0,3,1,31,0,0.0,0,0
78,22,5.71,3684,Month-to-Month,0,Male,1,0,0,1,0,0,0,0,Credit Card,0,2,0,20,0,114.2,0,1
23,59,42.31,4436,Two Year,1,Male,1,0,1,0,1,1,1,1,Bank Withdrawal,1,4,0,61,0,2580.91,0,0
24,52,36.92,4473,One Year,0,Female,1,1,1,0,0,0,1,1,Bank Withdrawal,1,4,0,19,0,701.48,0,0
40,28,11.75,2597,Month-to-Month,0,Male,1,1,0,0,0,0,1,0,Bank Withdrawal,0,3,0,15,0,176.25,0,0
31,3,20.86,4028,Month-to-Month,0,Male,1,0,0,0,0,1,0,0,Bank Withdrawal,0,1,0,18,0,375.48,0,1
50,12,19.77,5318,Month-to-Month,1,Male,1,0,1,1,0,0,0,1,Credit Card,0,4,1,10,0,197.7,0,0
27,0,27.5,4540,One Year,0,Male,0,0,1,0,0,0,0,1,Credit Card,0,4,0,1,0,27.5,0,0
52,0,10.46,2066,Month-to-Month,0,Female,0,0,0,0,0,0,1,0,Bank Withdrawal,0,4,0,10,0,104.6,0,0
43,8,38.89,3131,Month-to-Month,1,Male,1,1,0,1,1,0,0,0,Mailed Check,0,3,1,5,0,194.45,0,1
65,23,0.0,5583,Two Year,1,Female,1,0,1,0,1,0,1,1,Bank Withdrawal,0,4,1,68,0,0.0,0,0
37,7,44.33,3249,Month-to-Month,0,Female,1,0,0,0,0,0,1,0,Bank Withdrawal,0,2,1,29,0,1285.57,0,1
20,71,25.04,3615,Month-to-Month,1,Male,1,0,1,0,0,0,0,1,Credit Card,1,3,0,31,0,776.24,0,0
56,0,22.1,5579,One Year,0,Female,0,0,0,0,0,0,1,1,Bank Withdrawal,0,5,0,49,0,1082.9,0,0
44,27,8.94,3246,Two Year,0,Female,1,1,1,0,1,0,0,1,Bank Withdrawal,1,4,1,48,0,429.12,0,0
39,20,38.38,4451,Two Year,1,Male,1,1,0,1,1,1,1,1,Credit Card,1,3,1,68,0,2609.84,0,0
31,9,17.91,4041,Month-to-Month,1,Female,1,1,0,0,0,0,0,1,Bank Withdrawal,0,2,1,17,0,304.47,0,1
36,9,0.0,4369,Two Year,1,Male,1,0,0,0,1,1,1,0,Bank Withdrawal,1,3,1,72,0,0.0,0,0
36,3,7.64,5166,Month-to-Month,0,Male,1,1,0,1,1,0,1,0,Bank Withdrawal,0,4,0,54,0,412.56,0,0
63,12,0.0,3448,Month-to-Month,0,Male,1,0,0,1,1,0,1,0,Mailed Check,0,5,0,14,0,0.0,0,0
30,73,6.49,5982,Month-to-Month,1,Female,1,0,0,1,1,0,1,0,Bank Withdrawal,0,3,0,21,1,136.29,0,0
20,47,44.5,6105,One Year,1,Male,1,1,0,1,1,0,1,0,Bank Withdrawal,0,1,1,58,0,2581.0,0,1
39,21,48.22,3017,Month-to-Month,0,Male,1,0,0,0,0,0,0,0,Credit Card,0,1,0,1,0,48.22,0,1
23,42,38.03,3403,Month-to-Month,0,Female,1,1,0,0,0,1,1,1,Credit Card,0,3,0,10,0,380.3,0,0
32,15,49.14,2456,Month-to-Month,0,Male,1,0,0,0,0,0,1,0,Bank Withdrawal,0,3,1,4,0,196.56,0,1
76,8,35.67,4503,Two Year,0,Female,1,0,0,0,1,0,0,0,Bank Withdrawal,0,4,0,4,0,142.68,0,0
29,59,27.84,2738,One Year,0,Male,1,0,0,1,1,0,1,0,Bank Withdrawal,0,3,1,11,0,306.24,0,0
24,42,7.01,5324,Month-to-Month,0,Female,1,1,0,0,0,0,1,0,Credit Card,0,3,0,29,0,203.29,0,0
57,29,10.3,4107,Month-to-Month,0,Female,1,0,0,1,0,0,1,0,Credit Card,0,1,1,14,0,144.2,0,1
26,76,37.0,4191,Month-to-Month,1,Male,1,0,0,0,0,0,1,0,Bank Withdrawal,1,3,1,26,0,962.0,0,0
69,20,7.85,4768,One Year,0,Female,1,1,0,1,1,1,1,1,Bank Withdrawal,0,4,1,72,1,565.2,0,0
35,16,4.28,5382,One Year,0,Male,1,1,1,1,1,1,1,0,Bank Withdrawal,0,4,1,34,0,145.52,0,0
21,0,1.5,5057,Month-to-Month,0,Female,0,0,0,0,0,0,0,0,Credit Card,0,5,0,1,0,1.5,0,0
49,18,12.57,3922,Two Year,1,Male,1,1,1,0,1,1,0,1,Credit Card,1,3,1,48,0,603.36,0,0
73,13,0.0,4002,Month-to-Month,1,Female,1,0,0,0,0,0,1,0,Bank Withdrawal,0,1,0,2,0,0.0,0,1
77,25,23.46,3350,Month-to-Month,0,Female,1,1,0,0,0,0,1,0,Credit Card,0,3,0,2,0,46.92,0,1
43,26,16.82,3968,Month-to-Month,1,Female,1,0,0,0,1,0,1,0,Bank Withdrawal,0,3,1,15,0,252.3,0,1
57,0,35.42,2843,One Year,0,Female,0,0,1,0,0,0,0,1,Credit Card,0,3,0,2,0,70.84,0,0
37,4,13.01,2294,Month-to-Month,0,Female,1,0,0,1,0,0,1,0,Bank Withdrawal,0,1,0,1,0,13.01,0,1
22,58,0.0,5214,Month-to-Month,1,Male,1,0,0,1,0,0,1,0,Bank Withdrawal,0,4,0,49,0,0.0,0,0
34,8,37.59,5461,Month-to-Month,0,Male,1,1,0,0,1,1,1,0,Credit Card,0,3,1,26,0,977.34,0,0
34,9,21.85,3519,Month-to-Month,0,Male,1,0,0,1,0,1,1,1,Credit Card,1,3,0,10,0,218.5,0,0
64,27,8.4,2496,Month-to-Month,0,Male,1,0,1,0,1,0,0,0,Bank Withdrawal,1,4,0,23,1,193.2,0,0
21,42,0.0,5528,Month-to-Month,0,Female,1,0,0,1,1,0,1,1,Bank Withdrawal,0,3,1,51,0,0.0,0,0
72,21,1.67,4452,One Year,0,Female,1,1,0,0,1,0,0,0,Credit Card,0,4,1,15,0,25.05,1,0
37,0,48.06,2173,One Year,0,Male,0,0,0,0,0,0,0,1,Credit Card,0,5,0,22,0,1057.32,0,0
69,12,47.02,5309,Two Year,1,Female,1,1,0,0,1,1,1,1,Credit Card,1,4,0,71,0,3338.42,0,0
58,28,34.07,4403,Month-to-Month,0,Male,1,0,1,1,0,0,1,0,Credit Card,0,5,0,18,1,613.26,0,0
58,17,2.88,3335,Month-to-Month,0,Male,1,0,0,1,0,0,1,0,Credit Card,0,1,1,3,0,8.64,0,1
21,0,9.2,5747,Two Year,0,Male,0,1,1,0,0,0,0,1,Credit Card,0,5,0,71,0,653.2,0,0
20,0,31.53,5577,Two Year,0,Female,0,1,1,1,0,0,1,1,Credit Card,0,3,0,56,0,1765.68,0,0
54,18,2.19,3670,Month-to-Month,0,Male,1,1,0,1,1,0,1,0,Bank Withdrawal,0,1,1,19,0,41.61,0,1
28,41,21.84,2640,Month-to-Month,0,Male,1,0,0,0,1,0,1,0,Credit Card,0,4,1,37,0,808.08,0,0
59,13,46.99,5114,One Year,0,Male,1,0,0,0,1,1,0,1,Credit Card,1,3,1,63,0,2960.37,0,0
73,9,24.24,4989,Month-to-Month,0,Female,1,0,0,1,0,1,1,1,Bank Withdrawal,0,1,0,1,0,24.24,0,1
38,56,22.56,4603,Month-to-Month,1,Male,1,1,1,1,0,0,1,1,Credit Card,0,5,1,55,0,1240.8,0,0
70,9,33.22,2091,Month-to-Month,0,Female,1,0,0,1,1,0,1,0,Bank Withdrawal,0,1,0,32,0,1063.04,1,1
62,7,37.08,2709,Month-to-Month,1,Female,1,0,0,1,0,0,1,1,Credit Card,0,5,1,10,0,370.8,0,0
24,0,4.27,4722,Two Year,0,Female,0,1,1,1,0,0,0,1,Credit Card,0,5,0,70,0,298.9,0,0
39,0,14.6,2047,Month-to-Month,0,Female,0,0,1,0,0,0,0,1,Credit Card,0,4,0,18,0,262.8,0,0
78,8,0.0,5433,Month-to-Month,1,Male,1,0,0,0,0,0,1,0,Bank Withdrawal,0,3,0,1,1,0.0,0,1
26,58,0.0,3345,Two Year,1,Male,1,0,0,0,1,1,0,1,Credit Card,0,4,0,7,0,0.0,0,0
37,9,5.08,5875,Month-to-Month,0,Female,1,1,0,1,0,1,1,1,Bank Withdrawal,0,3,1,55,0,279.4,0,0
46,30,9.06,4278,Two Year,1,Female,1,1,0,0,1,1,0,1,Bank Withdrawal,1,4,1,71,0,643.26,0,0
46,26,0.0,3523,Month-to-Month,1,Female,1,0,0,0,0,1,0,0,Credit Card,0,4,0,4,1,0.0,0,0
44,15,35.32,5871,Month-to-Month,1,Male,1,1,0,1,0,0,0,0,Credit Card,0,5,0,54,0,1907.28,0,0
28,69,39.09,4603,Two Year,0,Male,1,1,1,1,0,1,1,1,Bank Withdrawal,0,3,1,71,0,2775.39,0,0
43,0,16.67,2606,Month-to-Month,0,Male,0,0,1,0,0,0,1,1,Bank Withdrawal,0,5,0,11,0,183.37,0,0
24,51,16.25,4288,Month-to-Month,0,Female,1,1,0,0,0,0,0,0,Bank Withdrawal,0,4,0,4,0,65.0,1,0
31,19,7.99,4811,One Year,1,Female,1,0,1,0,0,1,0,1,Bank Withdrawal,0,3,1,52,0,415.48,0,0
31,0,30.64,4797,Two Year,0,Female,0,1,1,0,0,0,1,0,Bank Withdrawal,0,4,0,43,0,1317.52,0,0
68,21,45.81,4880,Month-to-Month,0,Female,1,1,0,0,0,0,1,0,Bank Withdrawal,0,1,1,1,0,45.81,0,1
74,12,48.62,3041,Two Year,0,Female,1,0,0,0,0,0,1,0,Bank Withdrawal,0,4,0,32,0,1555.84,0,0
35,53,22.83,5394,Two Year,1,Male,1,0,1,1,1,1,0,1,Bank Withdrawal,1,3,1,71,0,1620.93,0,0
39,29,42.08,2283,Month-to-Month,1,Male,1,0,1,0,1,0,1,1,Bank Withdrawal,0,2,0,6,0,252.48,0,1
41,29,26.01,2934,Two Year,1,Female,1,0,0,0,0,1,1,1,Credit Card,1,3,1,45,0,1170.45,0,0
61,0,34.29,5512,Two Year,0,Male,0,1,0,1,0,0,0,1,Credit Card,0,3,0,72,0,2468.88,0,0
53,0,7.74,4052,One Year,0,Male,0,0,0,0,0,0,1,0,Credit Card,0,3,0,35,0,270.9,0,0
25,51,42.81,6483,Month-to-Month,0,Female,1,1,0,0,0,0,1,1,Bank Withdrawal,0,4,1,56,0,2397.36,0,0
47,4,38.93,5140,Month-to-Month,1,Female,1,0,0,1,0,0,0,1,Bank Withdrawal,1,5,0,23,0,895.39,0,0
25,59,32.16,6171,Two Year,1,Female,1,1,1,1,0,1,0,1,Bank Withdrawal,1,3,0,71,0,2283.36,1,0
71,2,5.87,3061,One Year,0,Male,1,1,0,0,1,0,1,0,Bank Withdrawal,0,4,1,48,0,281.76,0,0
28,0,12.87,5398,Two Year,0,Female,0,0,0,0,0,0,0,1,Bank Withdrawal,0,3,0,72,0,926.64,0,0
62,19,0.0,4574,Two Year,1,Male,1,0,0,0,0,0,0,0,Bank Withdrawal,1,4,1,22,0,0.0,0,0
52,30,36.24,5670,Month-to-Month,1,Female,1,1,0,1,0,1,1,0,Mailed Check,1,1,0,12,0,434.88,0,1
53,17,22.95,5791,Two Year,1,Male,1,1,0,0,1,0,1,1,Credit Card,1,3,1,72,0,1652.4,0,0
47,18,0.0,5840,Two Year,1,Male,1,0,0,0,0,1,1,1,Credit Card,1,3,0,70,0,0.0,0,0
43,6,34.34,4544,Month-to-Month,0,Male,1,1,0,1,0,1,1,0,Bank Withdrawal,0,4,0,9,1,309.06,0,0
65,5,16.65,6441,One Year,1,Male,1,1,0,0,1,0,1,1,Bank Withdrawal,0,3,1,65,0,1082.25,0,0
51,12,19.63,4977,One Year,0,Female,1,0,1,1,0,1,0,1,Bank Withdrawal,1,3,0,13,0,255.19,0,0
43,22,36.99,4689,Month-to-Month,0,Female,1,0,0,0,0,0,1,0,Bank Withdrawal,0,2,0,1,0,36.99,0,1
42,0,3.01,3556,Two Year,0,Female,0,0,1,0,0,0,0,1,Bank Withdrawal,0,5,0,40,0,120.4,0,0
40,0,16.91,3192,Month-to-Month,0,Male,0,0,0,0,0,0,0,0,Credit Card,0,3,0,1,0,16.91,0,0
59,5,35.53,3721,Month-to-Month,0,Male,1,0,0,0,0,0,1,0,Credit Card,0,2,0,8,0,284.24,0,1
50,0,33.9,5209,Month-to-Month,0,Male,0,0,1,1,0,0,1,1,Bank Withdrawal,0,4,0,12,0,406.8,0,0
21,69,39.19,3255,Month-to-Month,0,Male,1,0,0,0,0,0,1,0,Bank Withdrawal,0,5,0,1,1,39.19,0,0
74,13,31.73,5242,One Year,0,Male,1,0,0,1,0,0,0,0,Credit Card,0,3,0,24,1,761.52,0,0
34,13,42.89,5299,Month-to-Month,0,Female,1,1,0,0,0,0,1,0,Bank Withdrawal,0,2,1,2,0,85.78,0,1
56,0,26.17,3705,Two Year,0,Male,0,1,1,0,0,0,1,1,Bank Withdrawal,0,3,0,12,0,314.04,0,0
63,7,0.0,4247,Two Year,0,Female,1,0,0,0,1,1,0,0,Credit Card,1,3,0,52,1,0.0,0,0
52,0,47.82,4246,Two Year,0,Male,0,1,0,0,0,0,1,0,Bank Withdrawal,0,3,0,56,0,2677.92,0,0
46,15,3.36,5525,Month-to-Month,0,Male,1,1,0,0,0,1,0,0,Mailed Check,0,1,1,13,1,43.68,0,1
52,9,25.88,4811,Month-to-Month,1,Female,1,1,0,0,0,1,1,1,Bank Withdrawal,0,1,1,1,0,25.88,0,1
47,14,0.0,3248,Month-to-Month,0,Female,1,0,0,0,0,0,1,0,Bank Withdrawal,0,3,1,23,1,0.0,1,0
61,11,31.09,4192,Month-to-Month,0,Male,1,0,0,0,0,0,1,0,Bank Withdrawal,1,1,1,5,0,155.45,0,1
31,0,7.83,5064,Month-to-Month,0,Male,0,0,0,0,0,0,0,0,Credit Card,0,3,0,5,0,39.15,0,0
28,59,0.0,5644,Two Year,1,Female,1,0,1,1,1,0,0,1,Bank Withdrawal,1,5,0,64,0,0.0,0,0
75,29,0.0,2494,Two Year,1,Male,1,0,0,1,1,0,0,0,Bank Withdrawal,0,5,0,37,0,0.0,0,0
36,21,2.92,3687,Month-to-Month,0,Male,1,1,0,0,0,0,1,1,Credit Card,0,1,0,13,0,37.96,0,1
38,0,38.63,5261,Two Year,0,Female,0,0,1,0,0,0,1,1,Credit Card,0,3,0,70,0,2704.1,0,0
43,3,38.3,4256,Two Year,1,Male,1,1,0,1,1,1,1,1,Credit Card,0,4,1,72,0,2757.6,0,0
69,21,0.0,4842,Month-to-Month,0,Female,1,0,0,1,0,0,0,0,Credit Card,0,1,0,1,0,0.0,0,1
38,0,18.0,3243,One Year,0,Male,0,0,1,0,0,0,0,1,Credit Card,0,3,0,21,0,378.0,0,0
31,14,11.19,3527,Month-to-Month,0,Male,1,0,0,0,0,0,1,0,Bank Withdrawal,0,3,0,2,1,22.38,0,0
46,29,10.99,5846,Month-to-Month,0,Female,1,0,0,0,0,0,1,0,Credit Card,0,5,0,5,0,54.95,0,0
46,0,1.86,5901,Two Year,0,Male,0,1,0,1,0,0,1,1,Bank Withdrawal,0,3,0,72,0,133.92,0,0
38,0,18.8,2910,One Year,0,Female,0,0,0,1,0,0,0,0,Mailed Check,0,4,0,18,0,338.4,0,0
68,27,3.96,2202,Month-to-Month,0,Female,1,0,0,0,0,0,0,0,Bank Withdrawal,0,2,1,11,0,43.56,0,1
66,6,0.0,5573,Month-to-Month,0,Male,1,0,0,0,0,0,1,0,Credit Card,0,3,0,2,0,0.0,0,1
56,5,3.13,4815,Month-to-Month,0,Male,1,0,0,1,0,0,1,0,Bank Withdrawal,0,3,1,1,0,3.13,0,1
21,59,15.29,4085,One Year,0,Female,1,1,1,0,0,1,0,1,Bank Withdrawal,0,4,1,20,1,305.8,1,0
49,21,0.0,4648,Month-to-Month,0,Female,1,0,0,1,1,1,1,0,Bank Withdrawal,0,2,0,2,0,0.0,0,1
58,13,7.51,4517,Two Year,1,Female,1,0,0,1,0,0,1,0,Bank Withdrawal,1,5,1,49,0,367.99,0,0
21,69,37.47,5206,One Year,1,Female,1,1,1,0,1,0,1,1,Bank Withdrawal,0,4,0,64,0,2398.08,0,0
32,30,11.56,4621,One Year,0,Male,1,0,0,1,1,1,1,0,Mailed Check,0,4,0,66,0,762.96,0,0
21,53,0.0,5905,Month-to-Month,0,Male,1,0,0,1,0,0,1,1,Bank Withdrawal,0,4,1,59,1,0.0,0,0
31,16,36.43,5900,Month-to-Month,0,Female,1,0,0,1,1,1,1,0,Bank Withdrawal,0,1,1,9,0,327.87,0,1
56,24,0.0,3106,Month-to-Month,1,Female,1,0,1,0,0,0,0,0,Credit Card,0,3,0,39,1,0.0,0,1
70,12,11.74,5151,Month-to-Month,1,Male,1,1,1,0,1,0,1,1,Bank Withdrawal,1,3,1,34,1,399.16,0,0
56,21,40.66,6349,Two Year,1,Male,1,1,1,0,1,1,0,1,Bank Withdrawal,1,3,1,62,0,2520.92,0,0
32,26,7.11,3503,Month-to-Month,1,Female,1,0,0,0,0,0,0,0,Bank Withdrawal,0,5,0,1,0,7.11,0,0
19,0,36.75,2864,Month-to-Month,0,Female,0,0,0,0,0,0,0,0,Credit Card,0,5,0,34,0,1249.5,0,0
63,18,30.09,2675,One Year,0,Female,1,0,0,1,0,0,1,0,Mailed Check,0,4,1,38,1,1143.42,0,0
61,3,6.45,5741,Two Year,1,Female,1,0,0,0,1,1,1,0,Credit Card,1,4,1,57,0,367.65,0,0
57,0,6.85,5191,Month-to-Month,0,Female,0,0,0,1,0,0,1,0,Mailed Check,0,3,0,2,0,13.7,0,0
36,6,44.42,5528,Month-to-Month,1,Male,1,0,0,1,0,1,1,0,Bank Withdrawal,0,4,1,3,0,133.26,0,0
67,4,17.71,4086,Two Year,1,Male,1,1,0,0,1,1,1,1,Bank Withdrawal,0,3,1,72,0,1275.12,0,0
65,3,44.13,2596,Month-to-Month,1,Female,1,1,0,0,0,0,1,1,Bank Withdrawal,1,3,0,15,1,661.95,0,1
49,19,29.18,4786,Month-to-Month,1,Female,1,1,0,0,0,0,1,1,Bank Withdrawal,0,2,0,14,0,408.52,0,1
30,52,40.71,3198,Month-to-Month,0,Male,1,0,0,1,0,0,1,0,Bank Withdrawal,0,3,0,9,0,366.39,0,0
33,28,41.53,4341,Month-to-Month,1,Female,1,1,0,0,0,0,1,0,Bank Withdrawal,0,5,1,32,0,1328.96,0,0
41,11,30.94,4348,One Year,0,Female,1,1,0,1,0,1,1,1,Credit Card,1,1,0,67,0,2072.98,0,1
31,12,27.74,4915,Month-to-Month,0,Female,1,1,1,1,0,1,1,1,Bank Withdrawal,1,3,0,64,0,1775.36,0,0
51,22,37.5,4210,Two Year,1,Male,1,1,0,0,1,0,0,0,Bank Withdrawal,1,4,1,46,0,1725.0,0,0
63,2,35.04,4591,Month-to-Month,0,Male,1,0,0,0,0,0,1,0,Credit Card,0,3,0,38,0,1331.52,1,0
54,30,36.05,2900,One Year,1,Female,1,0,0,0,0,0,0,0,Credit Card,1,5,1,1,0,36.05,0,0
46,0,19.05,3196,Month-to-Month,0,Female,0,0,1,1,0,0,1,1,Bank Withdrawal,0,3,0,10,0,190.5,0,0
46,20,36.52,4033,Month-to-Month,0,Female,1,0,0,0,0,1,0,0,Bank Withdrawal,0,4,0,11,0,401.72,0,0
25,42,12.19,4544,Two Year,0,Male,1,1,0,1,0,1,1,0,Credit Card,1,1,1,70,0,853.3,0,1
45,6,1.08,3277,Month-to-Month,0,Male,1,0,0,1,0,0,1,0,Bank Withdrawal,1,3,0,41,0,44.28,0,0
57,11,30.54,4497,Month-to-Month,1,Female,1,0,0,0,0,1,0,0,Bank Withdrawal,1,4,0,15,0,458.1,0,0
23,76,13.86,5393,Month-to-Month,0,Female,1,0,0,0,0,1,1,0,Credit Card,0,1,0,9,0,124.74,0,1
26,46,15.41,3278,One Year,0,Male,1,1,0,0,0,1,1,1,Credit Card,1,5,1,32,0,493.12,0,0
49,6,9.55,3402,Month-to-Month,1,Male,1,0,0,1,0,0,0,0,Credit Card,1,5,1,19,0,181.45,1,0
60,5,44.28,5392,Month-to-Month,0,Male,1,0,0,1,0,1,1,0,Bank Withdrawal,0,1,0,28,0,1239.84,0,1
31,29,0.0,3897,Two Year,0,Male,1,0,1,0,0,0,1,1,Bank Withdrawal,1,5,1,34,0,0.0,0,0
50,25,38.58,6466,Two Year,1,Male,1,1,0,1,1,0,0,1,Bank Withdrawal,1,4,1,70,1,2700.6,0,0
68,2,17.6,5033,Two Year,0,Female,1,0,0,0,0,0,1,0,Bank Withdrawal,0,4,0,1,1,17.6,0,0
70,12,0.0,2167,Month-to-Month,1,Female,1,0,0,0,0,0,1,1,Bank Withdrawal,0,2,1,18,0,0.0,0,1
26,52,0.0,4134,Month-to-Month,0,Male,1,0,1,1,0,0,0,1,Credit Card,0,3,0,18,0,0.0,0,0
47,0,48.57,4485,Two Year,0,Male,0,0,1,1,0,0,0,1,Credit Card,0,3,0,70,0,3399.9,0,0
57,11,31.13,4261,One Year,1,Female,1,1,0,0,1,0,1,1,Bank Withdrawal,1,1,1,72,0,2241.36,0,1
64,30,33.53,2168,Month-to-Month,0,Male,1,0,0,0,0,0,0,0,Mailed Check,0,5,0,3,0,100.59,0,0
47,25,14.05,5327,One Year,1,Male,1,0,0,0,0,1,0,1,Credit Card,1,3,0,62,0,871.1,0,0
19,41,30.51,6139,One Year,0,Male,1,1,0,1,1,1,0,1,Bank Withdrawal,0,4,0,62,0,1891.62,0,0
23,30,21.68,4280,Two Year,1,Male,1,1,0,1,1,1,0,1,Credit Card,1,4,1,70,0,1517.6,0,0
64,24,24.48,4243,Month-to-Month,0,Male,1,1,0,0,1,0,1,0,Bank Withdrawal,0,1,0,1,0,24.48,0,1
44,30,16.57,4643,Month-to-Month,0,Female,1,1,0,0,1,0,1,0,Bank Withdrawal,0,5,1,33,0,546.81,0,0
57,0,13.89,5764,Two Year,0,Female,0,0,0,1,0,0,1,0,Bank Withdrawal,0,5,0,56,0,777.84,0,0
28,59,40.63,4154,Month-to-Month,1,Female,1,1,0,0,1,0,1,1,Bank Withdrawal,0,1,0,12,0,487.56,0,1
35,0,37.66,5984,Month-to-Month,0,Female,0,0,0,0,0,0,0,0,Credit Card,0,3,0,4,0,150.64,0,1
39,18,28.13,5452,One Year,1,Female,1,1,0,0,0,0,1,0,Credit Card,0,1,1,64,0,1800.32,0,1
27,0,25.54,5939,Two Year,0,Female,0,1,1,0,0,0,1,1,Credit Card,0,5,0,23,0,587.42,0,0
61,16,31.35,5789,Month-to-Month,0,Male,1,1,1,0,1,0,1,1,Bank Withdrawal,0,1,1,47,0,1473.45,0,1
55,17,40.52,4296,Two Year,0,Female,1,1,0,1,0,0,1,1,Bank Withdrawal,0,3,1,71,0,2876.92,0,1
52,0,25.92,5994,Month-to-Month,0,Female,0,0,0,0,0,0,0,0,Credit Card,0,3,0,2,0,51.84,0,0
38,11,44.33,5340,Month-to-Month,1,Male,1,1,1,0,1,0,1,0,Bank Withdrawal,0,1,1,49,0,2172.17,0,1
43,0,11.02,4254,One Year,0,Male,0,0,0,1,0,0,0,0,Bank Withdrawal,0,5,0,48,0,528.96,0,0
23,69,23.02,5127,Two Year,1,Female,1,0,0,1,1,1,1,0,Credit Card,1,4,0,72,0,1657.44,0,0
25,71,9.84,3513,Month-to-Month,0,Female,1,1,1,0,0,0,0,1,Bank Withdrawal,0,3,0,23,0,226.32,0,0
45,0,35.89,4165,Two Year,0,Male,0,0,1,1,0,0,0,1,Bank Withdrawal,0,3,0,68,0,2440.52,1,0
44,10,8.77,4773,Month-to-Month,0,Male,1,0,0,0,0,0,1,0,Credit Card,0,1,0,1,0,8.77,0,1
42,25,14.46,2810,One Year,1,Female,1,0,0,0,0,1,0,0,Credit Card,1,3,0,29,0,419.34,0,0
34,14,38.15,4488,Month-to-Month,1,Female,1,1,0,1,0,0,1,1,Bank Withdrawal,0,3,1,47,0,1793.05,0,0
29,73,0.0,4928,One Year,1,Female,1,0,0,1,0,1,1,0,Bank Withdrawal,0,4,0,60,0,0.0,0,0
48,9,15.77,5414,One Year,0,Male,1,0,0,1,1,0,1,1,Bank Withdrawal,0,3,1,53,0,835.81,0,1
57,0,32.78,3007,Month-to-Month,0,Male,0,0,1,0,0,0,0,1,Credit Card,0,5,0,1,0,32.78,0,0
22,69,12.05,5267,Month-to-Month,0,Male,1,0,0,1,1,0,1,0,Bank Withdrawal,0,3,1,7,0,84.35,0,1
42,76,43.37,5288,One Year,1,Male,1,0,1,0,1,1,0,1,Credit Card,0,4,0,32,1,1387.84,0,0
28,48,47.02,6173,Two Year,1,Female,1,1,1,0,1,1,1,1,Bank Withdrawal,1,3,1,72,0,3385.44,1,0
50,14,41.78,5261,Month-to-Month,1,Female,1,1,0,0,1,1,1,0,Credit Card,0,4,1,65,0,2715.7,0,0
57,0,13.34,5712,Month-to-Month,0,Male,0,0,0,1,0,0,1,0,Bank Withdrawal,0,5,0,26,0,346.84,0,0
46,16,42.1,2267,Month-to-Month,1,Female,1,0,1,0,0,1,0,0,Bank Withdrawal,1,3,0,9,0,378.9,0,0
25,85,18.36,3096,Month-to-Month,1,Male,1,0,1,0,1,0,1,1,Bank Withdrawal,0,5,1,34,0,624.24,1,0
20,47,35.29,3744,Month-to-Month,1,Female,1,1,0,1,0,0,1,1,Bank Withdrawal,0,5,1,34,0,1199.86,0,0
38,26,0.0,3958,Month-to-Month,0,Male,1,0,0,0,0,0,1,0,Bank Withdrawal,0,1,0,1,0,0.0,0,1
25,52,0.0,5153,Month-to-Month,1,Female,1,0,0,1,1,0,1,0,Credit Card,0,1,1,24,0,0.0,0,1
76,20,0.0,5702,Month-to-Month,0,Female,1,0,0,0,0,0,1,0,Bank Withdrawal,1,2,0,10,1,0.0,0,1
46,0,45.77,5441,Month-to-Month,0,Male,0,0,1,1,0,0,0,1,Mailed Check,0,1,0,1,0,45.77,0,1
33,8,44.27,5096,Two Year,1,Female,1,1,0,1,1,1,1,1,Bank Withdrawal,1,3,1,72,1,3187.44,0,0
40,0,48.73,4444,Two Year,0,Male,0,1,0,1,0,0,1,1,Bank Withdrawal,0,5,0,62,0,3021.26,0,0
39,17,29.4,2227,Month-to-Month,0,Female,1,0,1,0,0,0,1,0,Bank Withdrawal,0,2,0,4,0,117.6,1,1
57,17,23.72,2081,Month-to-Month,0,Female,1,0,1,1,0,0,1,1,Bank Withdrawal,0,4,1,3,0,71.16,0,0
55,0,7.8,4841,Month-to-Month,0,Male,0,0,0,0,0,0,1,0,Bank Withdrawal,0,5,0,2,0,15.6,0,0
60,0,31.7,4784,Two Year,0,Female,0,0,1,0,0,0,0,0,Credit Card,0,4,0,49,0,1553.3,0,0
30,0,5.32,5674,Two Year,0,Female,0,1,0,1,0,0,1,1,Bank Withdrawal,0,4,0,52,0,276.64,0,0
22,27,44.99,3895,Month-to-Month,0,Female,1,0,0,0,0,0,1,0,Bank Withdrawal,0,4,0,13,0,584.87,1,0
79,29,47.35,3330,Month-to-Month,0,Female,1,1,0,0,1,0,1,0,Bank Withdrawal,0,3,1,6,0,284.1,0,1
60,17,23.0,5819,Month-to-Month,0,Female,1,0,1,1,0,0,0,1,Bank Withdrawal,0,4,0,14,0,322.0,0,0
51,22,0.0,2875,Month-to-Month,0,Female,1,0,0,0,1,0,1,0,Bank Withdrawal,0,3,1,22,0,0.0,0,0
33,18,6.1,2613,Two Year,1,Male,1,1,0,1,1,1,1,1,Bank Withdrawal,0,4,1,48,0,292.8,0,0
60,23,25.26,4994,Month-to-Month,0,Male,1,1,1,1,0,0,1,1,Bank Withdrawal,0,3,0,27,0,682.02,0,0
21,0,38.28,2189,Month-to-Month,0,Male,0,1,1,1,0,0,0,0,Credit Card,0,3,0,6,0,229.68,0,0
34,10,28.4,4421,One Year,1,Male,1,1,0,1,1,0,0,1,Bank Withdrawal,0,2,0,67,0,1902.8,0,1
55,0,47.31,2050,One Year,0,Female,0,0,0,0,0,0,0,0,Bank Withdrawal,0,5,0,24,0,1135.44,0,0
57,0,39.78,4884,Two Year,0,Female,0,1,0,1,0,0,0,1,Bank Withdrawal,0,3,0,69,0,2744.82,1,0
68,11,27.75,6117,One Year,1,Female,1,1,0,0,0,0,1,1,Credit Card,1,2,1,66,0,1831.5,0,1
78,23,0.0,5185,Two Year,1,Female,1,0,0,0,1,0,1,0,Bank Withdrawal,1,3,1,52,0,0.0,0,0
42,0,14.79,5695,Month-to-Month,0,Female,0,0,0,1,0,0,0,0,Credit Card,0,4,0,3,0,44.37,0,0
52,3,16.67,3123,Month-to-Month,1,Female,1,0,0,0,1,0,1,1,Bank Withdrawal,1,1,1,21,0,350.07,0,1
32,9,0.0,2573,Month-to-Month,0,Male,1,0,0,1,1,0,1,1,Bank Withdrawal,0,2,0,9,1,0.0,0,1
51,0,20.77,6141,Two Year,0,Female,0,1,0,1,0,0,1,0,Credit Card,0,5,0,66,0,1370.82,0,0
59,0,12.55,4272,One Year,0,Female,0,0,1,0,0,0,0,1,Credit Card,0,5,0,9,0,112.95,0,0
34,11,42.85,4577,One Year,0,Female,1,0,1,1,0,1,1,1,Bank Withdrawal,0,3,0,61,0,2613.85,0,0
36,11,13.94,5012,Month-to-Month,1,Female,1,1,1,1,0,1,1,1,Credit Card,1,3,1,56,0,780.64,0,0
41,8,34.88,5641,Month-to-Month,0,Male,1,1,0,0,0,0,1,0,Bank Withdrawal,0,1,1,25,0,872.0,0,1
56,22,14.41,5904,One Year,1,Male,1,0,1,0,0,0,1,1,Bank Withdrawal,0,4,1,40,0,576.4,1,0
51,13,27.3,5311,One Year,0,Male,1,0,0,1,0,1,0,0,Credit Card,0,3,1,51,0,1392.3,0,0
58,0,15.71,5039,One Year,0,Male,0,0,0,0,0,0,0,0,Credit Card,0,3,0,10,0,157.1,0,0
43,7,44.97,4948,One Year,1,Female,1,0,0,1,0,0,1,1,Credit Card,1,5,0,18,0,809.46,0,0
56,11,4.8,5633,Month-to-Month,0,Male,1,0,0,0,1,0,1,0,Bank Withdrawal,0,3,0,1,0,4.8,0,1
41,18,5.43,5228,Month-to-Month,0,Male,1,1,0,1,0,0,1,0,Bank Withdrawal,0,3,0,1,0,5.43,0,1
60,0,11.35,4836,One Year,0,Female,0,0,0,1,0,0,1,1,Bank Withdrawal,0,3,0,53,0,601.55,1,0
76,16,5.19,5514,Two Year,1,Male,1,1,0,0,0,0,1,0,Bank Withdrawal,0,3,1,56,1,290.64,0,0
56,7,11.22,4941,One Year,1,Male,1,1,0,0,1,1,0,0,Bank Withdrawal,0,4,1,68,0,762.96,0,0
55,20,9.36,4260,Two Year,1,Male,1,1,1,1,1,1,0,0,Mailed Check,1,4,1,57,0,533.52,1,0
51,23,43.2,5769,Two Year,1,Male,1,0,0,0,1,1,0,1,Bank Withdrawal,1,4,1,62,0,2678.4,0,0
31,10,0.0,4429,Month-to-Month,0,Female,1,0,0,0,0,0,0,0,Credit Card,1,2,0,37,0,0.0,0,1
66,2,6.03,5925,Two Year,1,Male,1,1,0,0,1,0,1,1,Bank Withdrawal,0,3,1,72,0,434.16,0,1
46,24,14.83,6079,Two Year,1,Female,1,1,1,1,0,0,1,1,Bank Withdrawal,1,3,0,67,0,993.61,0,0
31,29,43.69,4442,One Year,1,Male,1,0,1,0,0,1,0,0,Credit Card,0,4,0,15,0,655.35,0,0
30,59,34.47,2850,Month-to-Month,0,Female,1,1,0,1,0,0,0,0,Credit Card,0,3,0,1,0,34.47,0,1
66,18,8.72,3558,Two Year,1,Female,1,1,0,0,0,0,1,0,Credit Card,0,5,0,23,0,200.56,1,0
35,29,24.72,2518,Month-to-Month,0,Male,1,1,0,0,0,0,1,0,Bank Withdrawal,1,1,0,27,0,667.44,0,1
36,2,46.6,5659,Month-to-Month,0,Male,1,0,0,1,0,0,0,0,Mailed Check,1,1,0,17,0,792.2,1,1
73,0,15.9,5209,Two Year,0,Female,0,0,0,1,0,0,1,1,Credit Card,0,3,0,70,0,1113.0,0,0
31,0,14.79,2698,Month-to-Month,0,Female,0,0,1,0,0,0,0,1,Credit Card,0,3,0,20,0,295.8,0,0
79,9,29.15,4621,One Year,1,Male,1,1,0,0,1,0,1,1,Bank Withdrawal,0,4,1,52,0,1515.8,0,0
52,8,23.45,6149,Two Year,1,Female,1,1,0,0,1,1,0,0,Bank Withdrawal,1,3,1,61,0,1430.45,0,0
40,0,15.91,3944,Two Year,0,Female,0,0,1,1,0,0,0,1,Credit Card,0,3,0,39,0,620.49,0,0
36,0,20.18,5606,One Year,0,Female,0,0,0,0,0,0,0,0,Credit Card,0,5,0,27,0,544.86,0,0
27,47,17.58,5548,Month-to-Month,0,Male,1,1,0,1,1,1,1,1,Credit Card,0,4,0,50,0,879.0,0,0
46,11,24.9,4655,Month-to-Month,0,Male,1,0,0,0,0,0,0,0,Mailed Check,0,1,0,2,1,49.8,0,1
34,25,47.1,2499,One Year,0,Male,1,1,1,0,0,0,1,1,Credit Card,1,4,0,25,0,1177.5,0,0
47,28,0.0,5103,One Year,0,Female,1,0,0,0,1,1,0,0,Credit Card,1,3,0,29,0,0.0,0,0
53,27,11.4,4803,Two Year,0,Female,1,1,1,1,1,0,0,1,Credit Card,1,4,1,67,0,763.8,0,0
31,0,10.22,4441,Month-to-Month,0,Male,0,0,0,1,0,0,1,0,Credit Card,0,5,0,1,0,10.22,0,0
26,27,36.29,4233,Month-to-Month,1,Female,1,1,0,0,0,0,1,1,Bank Withdrawal,0,1,1,37,0,1342.73,0,1
41,0,8.25,4848,One Year,0,Female,0,0,0,0,0,0,0,1,Credit Card,0,3,0,52,0,429.0,1,0
19,52,5.33,4235,Month-to-Month,1,Male,1,0,0,1,0,1,1,0,Mailed Check,0,1,0,2,0,10.66,0,1
35,21,17.49,6311,Two Year,0,Female,1,1,0,0,1,0,1,1,Bank Withdrawal,0,4,1,61,0,1066.89,0,0
36,9,12.71,3676,Month-to-Month,0,Male,1,1,0,0,0,1,0,1,Bank Withdrawal,0,3,1,38,0,482.98,0,0
20,48,10.59,4839,Month-to-Month,1,Female,1,1,0,0,1,0,1,1,Bank Withdrawal,0,2,1,52,0,550.68,1,1
53,30,0.0,5388,Month-to-Month,1,Male,1,0,0,0,0,1,0,0,Credit Card,0,4,0,18,0,0.0,0,0
55,10,17.08,2969,Month-to-Month,0,Female,1,0,0,1,0,0,0,1,Bank Withdrawal,0,2,0,5,0,85.4,0,1
19,59,0.0,3072,Month-to-Month,0,Male,1,0,1,1,0,0,1,0,Credit Card,0,4,0,19,0,0.0,0,0
44,21,27.24,2131,Month-to-Month,0,Male,1,0,1,0,0,0,0,1,Credit Card,1,2,0,4,0,108.96,0,1
23,69,0.0,4324,Month-to-Month,0,Male,1,0,0,1,1,0,1,1,Bank Withdrawal,0,2,0,59,0,0.0,0,1
57,10,38.96,2328,Month-to-Month,0,Female,1,0,0,1,0,0,0,0,Credit Card,0,4,1,4,0,155.84,0,0
29,59,48.45,3446,Month-to-Month,0,Male,1,0,0,0,0,0,1,0,Credit Card,1,4,0,16,0,775.2,0,0
35,17,20.37,3666,Month-to-Month,0,Male,1,0,0,0,0,0,0,0,Credit Card,0,5,0,3,0,61.11,0,0
60,13,13.8,3093,One Year,1,Male,1,0,1,0,1,1,0,1,Bank Withdrawal,0,3,0,39,1,538.2,0,0
25,26,24.85,4115,Two Year,1,Female,1,1,0,1,1,1,0,0,Credit Card,1,4,1,43,0,1068.55,1,0
77,30,13.02,2905,Month-to-Month,0,Female,1,1,0,1,1,0,1,1,Bank Withdrawal,0,2,1,1,0,13.02,0,1
28,48,38.71,3186,Month-to-Month,1,Female,1,1,1,0,0,0,1,1,Bank Withdrawal,1,3,0,20,0,774.2,0,0
59,18,30.68,4487,Two Year,1,Female,1,1,0,0,1,1,0,1,Credit Card,1,3,1,71,0,2178.28,1,0
41,0,37.61,4115,Month-to-Month,0,Male,0,0,0,1,0,0,1,1,Credit Card,0,1,0,3,0,112.83,0,1
54,28,34.62,4697,Two Year,1,Male,1,1,0,0,0,0,1,1,Bank Withdrawal,1,4,1,62,0,2146.44,0,0
48,16,31.23,4094,Month-to-Month,1,Female,1,1,0,1,1,0,1,0,Bank Withdrawal,0,3,0,59,0,1842.57,0,0
53,18,0.0,2860,Month-to-Month,0,Female,1,0,0,0,0,0,1,0,Bank Withdrawal,1,2,0,2,0,0.0,0,1
19,82,0.0,5024,Month-to-Month,0,Female,1,0,0,1,0,0,1,1,Bank Withdrawal,0,1,1,25,0,0.0,0,1
23,46,26.45,5189,Two Year,1,Male,1,1,0,1,1,1,1,0,Credit Card,1,4,1,69,1,1825.05,0,0
66,8,20.19,6270,Two Year,1,Male,1,1,0,0,0,0,0,1,Bank Withdrawal,1,4,1,64,0,1292.16,0,0
52,6,41.21,2332,Month-to-Month,0,Male,1,1,0,0,0,0,0,0,Bank Withdrawal,0,4,1,35,0,1442.35,1,0
61,14,0.0,5535,One Year,1,Male,1,0,0,0,0,1,0,0,Mailed Check,1,4,0,9,0,0.0,0,0
46,28,4.7,6307,Two Year,0,Female,1,1,0,1,1,1,1,1,Bank Withdrawal,1,4,1,62,0,291.4,1,0
58,2,1.02,3468,Month-to-Month,1,Female,1,0,0,1,0,0,1,1,Credit Card,1,5,1,48,0,48.96,1,0
61,0,47.5,2320,Two Year,0,Female,0,0,1,0,0,0,0,1,Credit Card,0,4,0,46,0,2185.0,0,0
73,26,26.95,4457,Month-to-Month,0,Female,1,0,0,0,0,0,0,1,Bank Withdrawal,0,3,0,47,0,1266.65,1,1
37,18,38.28,2078,Month-to-Month,0,Female,1,1,0,0,0,0,0,0,Credit Card,0,1,0,2,0,76.56,0,1
59,0,30.1,6373,Two Year,0,Male,0,0,1,0,0,0,1,1,Mailed Check,0,5,0,63,0,1896.3,0,0
36,29,2.87,3597,Month-to-Month,1,Male,1,1,0,1,1,1,1,0,Credit Card,1,3,0,30,0,86.1,0,0
61,2,47.03,2031,Month-to-Month,0,Male,1,1,0,0,1,0,1,0,Bank Withdrawal,0,1,1,7,1,329.21,0,1
33,23,13.77,2862,Month-to-Month,1,Male,1,1,1,0,1,0,1,1,Bank Withdrawal,1,4,1,13,0,179.01,0,0
75,19,0.0,2617,One Year,0,Female,1,0,1,0,1,0,0,1,Bank Withdrawal,0,5,0,48,0,0.0,0,0
53,30,0.0,5638,One Year,1,Male,1,0,0,0,0,1,0,1,Credit Card,0,3,1,35,0,0.0,0,0
42,26,12.6,3265,Two Year,1,Female,1,0,1,0,0,0,1,1,Bank Withdrawal,1,5,1,42,0,529.2,0,0
48,22,0.0,5988,One Year,0,Female,1,0,1,0,0,0,0,1,Credit Card,1,4,0,12,0,0.0,0,0
48,28,44.57,6247,One Year,0,Male,1,1,0,1,1,0,1,0,Bank Withdrawal,1,3,1,69,0,3075.33,0,0
46,9,0.0,2751,Two Year,1,Female,1,0,0,0,1,1,1,0,Credit Card,1,3,0,36,0,0.0,0,0
26,59,11.79,3153,Month-to-Month,0,Male,1,0,1,1,0,0,0,1,Bank Withdrawal,1,3,1,25,0,294.75,0,0
48,23,12.48,4285,Two Year,1,Male,1,0,1,1,1,0,1,0,Credit Card,1,4,1,66,0,823.68,0,0
25,46,0.0,2496,Month-to-Month,0,Female,1,0,0,0,0,0,1,0,Credit Card,0,4,1,3,0,0.0,0,0
36,22,12.84,4116,Two Year,1,Female,1,1,1,0,1,1,1,1,Credit Card,0,3,1,72,0,924.48,0,0
60,21,27.49,2159,Month-to-Month,0,Female,1,1,1,0,1,0,1,1,Credit Card,1,4,1,23,0,632.27,1,0
65,7,28.63,5565,Month-to-Month,1,Male,1,0,0,1,1,0,1,0,Credit Card,1,1,0,12,1,343.56,1,1
23,59,1.67,5076,Two Year,1,Female,1,1,0,0,1,1,1,1,Credit Card,1,3,1,72,0,120.24,0,0
71,14,49.85,4512,Month-to-Month,0,Male,1,1,0,0,0,0,1,1,Credit Card,1,2,1,66,0,3290.1,0,1
78,17,9.7,3591,Month-to-Month,0,Male,1,1,0,0,1,1,1,1,Credit Card,0,1,0,7,0,67.9,0,1
30,59,0.0,5824,Month-to-Month,1,Male,1,0,0,0,1,1,1,0,Mailed Check,1,2,0,5,0,0.0,0,1
56,17,5.08,4370,Month-to-Month,0,Male,1,0,0,0,0,0,0,0,Bank Withdrawal,0,4,0,2,0,10.16,0,0
61,19,1.67,5998,Month-to-Month,0,Female,1,0,1,0,0,0,1,1,Bank Withdrawal,0,3,0,3,0,5.01,1,0
73,4,45.46,3771,Two Year,0,Male,1,1,0,0,0,0,1,1,Bank Withdrawal,0,4,0,14,0,636.44,0,0
22,51,0.0,4194,Month-to-Month,0,Female,1,0,1,0,0,1,1,0,Bank Withdrawal,0,3,0,8,0,0.0,0,0
55,0,33.47,6009,Two Year,0,Male,0,0,1,1,0,0,1,1,Credit Card,0,3,0,65,0,2175.55,0,0
50,16,4.45,3157,Month-to-Month,0,Female,1,0,0,0,0,0,1,1,Bank Withdrawal,0,4,0,14,0,62.3,0,0
21,0,32.73,4556,Month-to-Month,0,Female,0,1,1,1,0,0,0,0,Mailed Check,0,3,0,1,0,32.73,0,0
71,20,2.38,2535,One Year,1,Male,1,1,0,1,1,0,1,1,Bank Withdrawal,1,3,1,45,0,107.1,0,0
53,20,43.48,4302,Two Year,1,Male,1,1,0,0,1,1,1,1,Bank Withdrawal,1,4,0,61,0,2652.28,1,0
56,30,40.47,5207,Two Year,0,Male,1,0,0,1,0,1,1,1,Bank Withdrawal,1,1,1,65,0,2630.55,0,1
70,3,0.0,5172,Month-to-Month,0,Male,1,0,0,0,0,0,1,1,Bank Withdrawal,0,2,1,57,0,0.0,1,1
32,18,16.11,4159,One Year,1,Female,1,1,0,0,0,0,0,0,Credit Card,1,5,1,60,0,966.6,0,0
31,24,8.51,4461,Two Year,1,Male,1,1,1,1,1,0,0,1,Bank Withdrawal,1,3,0,72,0,612.72,0,0
61,10,33.11,6351,One Year,1,Male,1,1,0,0,0,1,1,0,Credit Card,1,4,1,65,0,2152.15,0,0
24,48,45.69,4344,One Year,1,Male,1,1,0,1,0,1,0,0,Bank Withdrawal,0,3,1,61,0,2787.09,0,0
45,11,0.0,5381,Month-to-Month,1,Female,1,0,0,1,0,0,1,0,Bank Withdrawal,1,3,0,18,1,0.0,0,0
27,0,22.01,5332,Month-to-Month,0,Female,0,0,0,1,0,0,1,0,Credit Card,0,4,0,13,0,286.13,0,0
47,14,0.0,4667,Month-to-Month,0,Male,1,0,0,1,1,0,1,0,Credit Card,0,1,0,6,0,0.0,0,1
20,52,21.72,3108,Month-to-Month,0,Female,1,0,0,1,0,0,1,0,Bank Withdrawal,0,2,0,1,0,21.72,0,1
38,22,48.2,3003,Month-to-Month,0,Male,1,1,0,1,0,0,1,0,Bank Withdrawal,0,3,1,8,0,385.6,0,0
24,53,2.38,5922,Month-to-Month,0,Male,1,0,0,1,1,0,1,1,Bank Withdrawal,0,5,0,8,0,19.04,0,0
49,2,16.64,5579,Month-to-Month,0,Male,1,0,0,0,0,0,1,0,Bank Withdrawal,0,5,1,1,0,16.64,0,0
60,0,36.14,2111,One Year,0,Male,0,0,0,0,0,0,0,1,Credit Card,0,5,0,23,0,831.22,0,0
19,47,40.96,6060,Two Year,1,Male,1,1,1,0,1,0,1,1,Bank Withdrawal,1,4,1,67,0,2744.32,0,0
29,48,41.08,5334,Month-to-Month,1,Male,1,1,1,1,0,0,1,0,Credit Card,0,5,0,18,0,739.44,0,0
80,3,18.23,4574,Two Year,1,Male,1,0,0,1,1,0,1,0,Bank Withdrawal,0,4,1,65,0,1184.95,0,0
42,27,11.5,5119,Month-to-Month,0,Male,1,1,0,1,1,0,1,1,Bank Withdrawal,0,1,0,11,0,126.5,0,1
21,0,29.33,4851,Month-to-Month,0,Male,0,0,0,0,0,0,0,0,Credit Card,0,3,0,1,0,29.33,0,1
67,10,43.19,4537,Two Year,1,Male,1,1,0,1,1,1,0,0,Credit Card,1,4,0,49,0,2116.31,0,0
45,24,41.74,6481,Month-to-Month,0,Female,1,1,0,0,1,0,1,1,Credit Card,0,2,1,53,0,2212.22,0,1
38,11,25.16,5246,One Year,0,Female,1,0,0,1,0,1,1,1,Credit Card,1,4,1,41,0,1031.56,0,0
28,51,13.58,3877,One Year,1,Male,1,1,0,0,1,0,0,1,Bank Withdrawal,0,4,1,41,0,556.78,1,0
21,47,0.0,3332,Month-to-Month,1,Male,1,0,1,1,1,1,0,1,Credit Card,0,3,1,7,0,0.0,0,0
23,71,0.0,2240,Month-to-Month,1,Female,1,0,0,1,0,0,1,0,Bank Withdrawal,0,1,1,6,0,0.0,0,1
35,9,49.48,4293,Two Year,1,Male,1,1,0,1,0,0,0,0,Credit Card,0,3,0,59,0,2919.32,0,0
54,27,0.0,4534,Month-to-Month,0,Female,1,0,0,1,1,0,0,0,Bank Withdrawal,0,1,0,1,0,0.0,0,1
71,27,46.11,5014,Month-to-Month,0,Male,1,1,0,0,0,0,1,0,Bank Withdrawal,1,1,1,22,0,1014.42,0,1
44,0,33.1,3772,Two Year,0,Male,0,1,1,1,0,0,0,1,Credit Card,0,3,0,38,0,1257.8,0,0
57,3,28.72,3091,One Year,1,Male,1,0,0,0,1,1,0,0,Credit Card,1,3,1,45,0,1292.4,0,0
35,11,13.73,4134,Month-to-Month,0,Male,1,0,0,1,0,1,1,0,Bank Withdrawal,0,1,0,2,0,27.46,0,1
28,53,21.26,5758,Two Year,0,Male,1,1,0,0,1,1,1,1,Credit Card,1,4,1,72,0,1530.72,0,0
41,18,26.38,6481,Two Year,1,Male,1,1,1,1,1,1,1,1,Bank Withdrawal,1,3,1,71,1,1872.98,1,0
55,8,9.04,2499,One Year,1,Female,1,0,0,1,1,0,0,0,Bank Withdrawal,0,3,0,23,0,207.92,0,0
52,18,0.0,4036,Two Year,1,Male,1,0,0,0,1,1,1,1,Credit Card,1,3,1,72,0,0.0,0,0
20,52,35.01,2567,Month-to-Month,0,Female,1,1,0,0,0,0,0,0,Bank Withdrawal,0,1,0,1,0,35.01,0,1
67,15,29.29,3336,Month-to-Month,0,Female,1,1,0,1,0,0,1,0,Credit Card,0,1,0,20,0,585.8,0,1
76,22,43.51,3966,Month-to-Month,1,Male,1,1,0,1,0,0,1,1,Bank Withdrawal,1,1,1,32,0,1392.32,1,1
33,11,17.01,5660,One Year,0,Female,1,0,1,0,1,1,0,1,Bank Withdrawal,0,3,0,57,0,969.57,0,0
30,0,28.1,4358,One Year,0,Female,0,0,0,0,0,0,1,1,Bank Withdrawal,0,5,0,50,0,1405.0,0,0
73,18,30.3,2784,One Year,1,Female,1,1,0,0,1,0,0,1,Bank Withdrawal,0,5,0,21,1,636.3,0,0
58,28,38.94,4418,Month-to-Month,0,Female,1,0,1,0,0,0,0,0,Bank Withdrawal,0,5,0,41,0,1596.54,0,0
32,30,17.96,3226,Month-to-Month,0,Male,1,1,0,0,0,0,1,1,Bank Withdrawal,0,1,0,16,0,287.36,0,1
52,12,29.39,4635,One Year,1,Female,1,1,0,0,1,1,0,0,Credit Card,0,3,1,53,0,1557.67,0,0
43,14,3.79,5955,Month-to-Month,0,Male,1,0,0,0,0,0,0,1,Credit Card,0,4,1,56,0,212.24,1,0
55,13,38.21,2978,Month-to-Month,0,Male,1,0,0,0,0,1,1,0,Credit Card,0,3,0,1,0,38.21,0,0
42,0,39.77,4962,Two Year,0,Male,0,0,0,1,0,0,0,0,Credit Card,0,3,0,27,0,1073.79,0,0
46,19,25.63,2068,One Year,1,Female,1,1,0,1,1,1,1,1,Credit Card,1,3,1,26,0,666.38,1,0
47,0,5.28,5676,Two Year,0,Female,0,1,0,1,0,0,0,0,Credit Card,0,4,0,22,0,116.16,0,0
33,0,15.12,4323,Month-to-Month,0,Male,0,0,0,1,0,0,1,0,Mailed Check,0,1,0,3,0,45.36,0,1
48,11,0.0,4580,Month-to-Month,0,Male,1,0,0,0,0,0,0,0,Credit Card,0,4,0,17,0,0.0,0,0
79,22,44.1,3669,Month-to-Month,0,Male,1,1,0,0,1,0,1,1,Bank Withdrawal,0,4,1,33,0,1455.3,0,0
56,13,16.15,3591,Month-to-Month,0,Female,1,0,0,0,0,0,1,0,Bank Withdrawal,0,3,1,3,0,48.45,0,1
42,20,1.76,5298,Two Year,1,Male,1,0,1,0,1,1,0,1,Credit Card,1,4,1,62,0,109.12,0,0
28,0,10.23,4186,One Year,0,Female,0,0,1,0,0,0,0,0,Bank Withdrawal,0,3,0,37,0,378.51,0,0
66,4,40.0,2893,Month-to-Month,1,Female,1,1,0,1,0,0,1,0,Bank Withdrawal,0,5,1,9,0,360.0,0,0
35,0,3.49,4123,Month-to-Month,0,Male,0,0,0,0,0,0,0,0,Credit Card,0,5,0,15,0,52.35,0,0
74,25,28.72,4796,Two Year,1,Female,1,1,0,1,1,1,1,1,Bank Withdrawal,1,3,1,72,0,2067.84,0,0
28,0,5.2,2894,One Year,0,Male,0,0,0,0,0,0,0,1,Credit Card,0,3,0,5,0,26.0,0,0
43,28,9.26,2322,One Year,1,Male,1,1,0,0,0,1,0,1,Credit Card,0,3,1,37,0,342.62,0,0
22,73,42.49,5503,Month-to-Month,0,Female,1,1,0,0,0,1,0,0,Bank Withdrawal,1,4,1,30,1,1274.7,0,0
51,0,26.63,5084,Two Year,0,Male,0,0,0,0,0,0,0,0,Credit Card,0,3,0,59,0,1571.17,1,1
56,8,26.0,3963,Month-to-Month,0,Female,1,0,0,0,0,0,0,0,Mailed Check,0,2,0,1,0,26.0,0,1
22,82,0.0,4296,One Year,0,Male,1,0,0,1,0,1,0,0,Credit Card,1,4,1,26,0,0.0,0,0
51,15,0.0,4481,Two Year,1,Female,1,0,0,1,1,0,1,1,Bank Withdrawal,0,3,1,72,0,0.0,0,1
45,0,34.38,4823,Month-to-Month,0,Male,0,0,0,0,0,0,0,1,Mailed Check,0,4,0,2,0,68.76,0,0
26,82,37.1,4591,Month-to-Month,1,Female,1,0,0,0,0,0,1,1,Bank Withdrawal,0,5,0,25,0,927.5,0,0
52,3,20.44,6350,One Year,0,Male,1,1,0,1,1,0,1,0,Bank Withdrawal,1,3,1,69,0,1410.36,0,1
48,0,43.71,4254,Two Year,0,Female,0,0,1,0,0,0,0,1,Credit Card,0,5,0,53,0,2316.63,0,0
42,9,35.7,2704,One Year,1,Male,1,0,0,0,0,1,0,1,Credit Card,1,1,1,39,0,1392.3,0,1
55,14,42.21,5812,Month-to-Month,1,Male,1,1,0,1,1,0,1,1,Bank Withdrawal,0,2,1,50,0,2110.5,0,1
47,8,10.53,4157,Month-to-Month,0,Female,1,0,0,1,0,0,1,0,Bank Withdrawal,0,3,1,2,0,21.06,0,1
64,0,43.18,5029,Month-to-Month,0,Female,0,0,0,1,0,0,0,0,Credit Card,0,5,0,6,0,259.08,0,0
49,28,19.68,4928,One Year,1,Female,1,1,0,1,0,0,1,0,Bank Withdrawal,0,4,1,66,0,1298.88,0,0
68,4,46.24,3935,Two Year,1,Female,1,0,0,0,0,0,1,1,Credit Card,0,3,1,26,0,1202.24,0,0
53,10,0.0,4307,One Year,1,Male,1,0,0,0,0,1,0,0,Bank Withdrawal,1,3,0,45,0,0.0,0,0
27,0,35.81,4862,Month-to-Month,0,Female,0,0,0,0,0,0,0,0,Bank Withdrawal,0,4,0,12,0,429.72,0,0
36,14,0.0,4921,Two Year,1,Male,1,0,0,1,1,1,1,0,Bank Withdrawal,1,3,1,72,0,0.0,0,0
19,52,43.56,4545,Month-to-Month,0,Male,1,0,0,1,1,0,1,0,Bank Withdrawal,0,3,0,2,0,87.12,0,0
61,0,5.01,4058,Month-to-Month,0,Female,0,0,1,0,0,0,0,1,Credit Card,0,3,0,7,0,35.07,0,0
48,0,32.28,4052,Two Year,0,Male,0,0,1,1,0,0,0,0,Credit Card,0,3,0,27,0,871.56,0,0
44,53,0.0,4741,Month-to-Month,0,Male,1,0,1,1,1,0,0,1,Credit Card,0,3,0,43,0,0.0,0,0
55,22,34.43,4711,One Year,0,Male,1,0,1,1,1,0,1,0,Credit Card,1,3,0,28,0,964.04,0,0
44,2,18.9,5496,Month-to-Month,1,Male,1,1,0,0,1,1,0,0,Bank Withdrawal,0,3,0,62,0,1171.8,0,0
78,5,45.9,3327,Month-to-Month,0,Male,1,0,0,0,0,0,1,1,Bank Withdrawal,0,1,0,16,0,734.4,0,1
59,17,35.33,5135,Month-to-Month,0,Female,1,1,0,0,0,0,1,1,Bank Withdrawal,0,1,1,50,0,1766.5,0,1
26,59,36.48,2450,Month-to-Month,0,Male,1,0,0,0,0,0,1,0,Bank Withdrawal,0,3,0,3,0,109.44,0,1
30,42,0.0,6041,Month-to-Month,1,Male,1,0,0,0,0,0,1,1,Bank Withdrawal,1,1,1,55,1,0.0,0,1
62,15,43.84,6082,Two Year,0,Male,1,1,0,1,1,1,1,1,Bank Withdrawal,1,5,0,72,0,3156.48,0,0
70,0,22.92,3848,Month-to-Month,0,Female,0,0,0,0,0,0,1,0,Bank Withdrawal,0,1,0,1,0,22.92,0,1
64,19,1.59,5602,Month-to-Month,0,Male,1,1,0,1,1,0,0,1,Bank Withdrawal,0,5,0,45,0,71.55,0,0
65,2,46.46,4914,Month-to-Month,0,Male,1,0,0,1,1,0,1,1,Bank Withdrawal,0,3,1,41,1,1904.86,0,0
61,22,0.0,6107,Two Year,1,Female,1,0,1,0,1,1,1,1,Bank Withdrawal,1,4,1,72,0,0.0,0,0
23,26,14.24,4434,One Year,1,Female,1,1,1,1,0,1,0,0,Credit Card,1,3,0,10,0,142.4,0,0
52,6,27.88,4320,One Year,1,Male,1,0,0,1,1,0,0,0,Credit Card,0,5,1,30,0,836.4,0,0
45,22,8.48,4520,Two Year,0,Female,1,1,0,1,0,1,1,0,Bank Withdrawal,1,3,0,72,0,610.56,0,0
41,28,43.33,5328,Two Year,1,Female,1,1,1,1,1,1,0,1,Credit Card,1,5,1,60,0,2599.8,1,0
27,58,37.57,2629,Month-to-Month,0,Female,1,0,0,0,0,0,1,0,Bank Withdrawal,0,5,0,6,0,225.42,0,0
50,26,46.58,3624,Month-to-Month,0,Male,1,0,0,0,0,0,0,0,Bank Withdrawal,1,1,0,12,1,558.96,0,1
27,76,18.33,3042,Month-to-Month,1,Male,1,0,0,1,0,0,0,0,Bank Withdrawal,0,3,0,11,0,201.63,0,0
65,20,2.37,2403,One Year,1,Female,1,1,0,0,1,1,1,0,Bank Withdrawal,0,1,1,46,0,109.02,0,1
24,27,24.27,3103,Month-to-Month,0,Female,1,0,1,1,0,0,0,1,Bank Withdrawal,0,5,0,15,0,364.05,0,0
30,59,5.74,2530,Month-to-Month,1,Female,1,0,1,0,1,0,1,1,Credit Card,0,5,0,10,0,57.4,0,0
27,42,39.84,4020,Month-to-Month,1,Female,1,0,0,0,1,0,1,0,Credit Card,0,4,0,26,0,1035.84,0,0
74,24,5.77,4993,Two Year,1,Female,1,1,0,1,1,1,1,1,Credit Card,1,3,1,72,0,415.44,0,0
42,6,44.52,2546,One Year,1,Male,1,1,0,0,1,1,1,0,Bank Withdrawal,1,4,1,37,0,1647.24,1,0
36,20,34.27,4478,One Year,0,Female,1,0,0,0,1,1,1,0,Credit Card,0,4,1,54,0,1850.58,0,0
30,0,22.78,3785,Month-to-Month,0,Male,0,0,1,0,0,0,1,0,Bank Withdrawal,0,2,0,20,0,455.6,0,1
74,9,39.97,5683,Month-to-Month,0,Male,1,1,0,1,1,0,1,0,Bank Withdrawal,0,1,1,19,0,759.43,0,1
60,0,14.41,4444,Two Year,0,Male,0,1,1,0,0,0,0,1,Bank Withdrawal,0,5,0,67,0,965.47,0,0
71,15,30.03,5910,Two Year,1,Male,1,1,0,0,1,1,0,1,Credit Card,1,1,1,66,1,1981.98,0,1
46,30,0.0,2601,Month-to-Month,1,Female,1,0,0,0,0,0,1,1,Bank Withdrawal,0,3,1,18,0,0.0,0,1
33,15,22.17,5110,Month-to-Month,1,Female,1,1,0,1,0,0,0,1,Credit Card,0,4,0,23,0,509.91,0,0
47,27,0.0,3000,Month-to-Month,1,Female,1,0,0,1,0,0,0,0,Bank Withdrawal,0,3,1,13,0,0.0,0,0
38,29,31.39,3519,One Year,1,Female,1,0,0,0,0,1,1,1,Bank Withdrawal,1,3,0,23,0,721.97,0,0
43,0,20.78,3727,Month-to-Month,0,Male,0,0,0,1,0,0,1,1,Bank Withdrawal,0,4,0,22,0,457.16,0,0
36,0,23.56,4818,One Year,0,Female,0,0,0,0,0,0,0,0,Credit Card,0,5,0,15,0,353.4,0,0
35,0,14.91,3392,Two Year,0,Male,0,0,1,0,0,0,1,1,Mailed Check,0,5,0,46,0,685.86,0,0
47,0,44.09,5774,Month-to-Month,0,Female,0,0,0,0,0,0,0,0,Credit Card,0,3,0,1,0,44.09,0,0
62,0,17.17,2916,One Year,0,Male,0,0,0,1,0,0,0,0,Credit Card,0,3,0,19,0,326.23,0,0
37,29,46.44,5189,One Year,1,Female,1,1,0,0,1,1,1,1,Bank Withdrawal,1,4,1,64,0,2972.16,0,0
51,28,43.49,5456,Month-to-Month,0,Female,1,0,0,0,0,0,1,1,Bank Withdrawal,0,5,0,20,0,869.8,0,0
46,24,12.97,3387,One Year,1,Male,1,0,0,1,1,0,0,1,Bank Withdrawal,0,3,0,40,0,518.8,0,0
27,0,26.33,5756,Month-to-Month,0,Female,0,1,0,0,0,0,0,0,Credit Card,0,4,0,3,0,78.99,0,0
49,14,11.12,2887,Month-to-Month,0,Male,1,0,0,0,0,0,1,0,Bank Withdrawal,0,3,0,12,0,133.44,0,1
36,8,6.86,5091,Month-to-Month,0,Female,1,0,0,1,1,0,1,0,Credit Card,1,3,0,16,1,109.76,0,1
35,17,36.84,4154,Month-to-Month,1,Male,1,1,0,0,0,0,1,0,Credit Card,0,1,1,7,1,257.88,0,1
46,0,37.83,4890,Two Year,0,Female,0,0,0,0,0,0,0,1,Credit Card,0,4,0,71,0,2685.93,0,0
24,41,41.8,4161,One Year,1,Male,1,0,0,1,0,0,1,1,Bank Withdrawal,0,2,1,33,1,1379.4,0,1
44,26,16.39,4494,One Year,1,Female,1,1,0,1,1,1,1,0,Bank Withdrawal,1,3,1,66,0,1081.74,0,0
64,0,26.26,2782,Two Year,0,Male,0,0,0,0,0,0,0,0,Credit Card,0,3,0,18,0,472.68,0,0
27,0,45.86,3061,Month-to-Month,0,Female,0,0,0,0,0,0,0,0,Bank Withdrawal,0,5,0,1,0,45.86,0,0
59,21,0.0,2454,Month-to-Month,0,Female,1,0,0,1,1,0,1,0,Bank Withdrawal,0,5,0,41,0,0.0,0,0
57,20,44.81,3463,Month-to-Month,1,Female,1,0,0,0,1,1,0,0,Bank Withdrawal,0,4,0,35,0,1568.35,0,0
36,30,36.93,4572,One Year,1,Female,1,1,0,0,0,0,1,0,Bank Withdrawal,1,4,0,41,0,1514.13,0,0
47,7,21.3,3527,Month-to-Month,0,Female,1,1,0,1,1,0,0,0,Credit Card,0,5,0,2,1,42.6,0,0
55,0,35.34,5887,Two Year,0,Female,0,1,0,0,0,0,1,1,Credit Card,0,5,0,67,0,2367.78,0,0
45,10,0.0,4266,Two Year,1,Male,1,0,0,0,1,1,1,0,Bank Withdrawal,1,4,1,72,0,0.0,0,0
22,52,23.09,2568,Month-to-Month,1,Male,1,1,0,1,0,0,1,1,Bank Withdrawal,0,3,1,34,1,785.06,0,1
32,0,2.52,5359,Two Year,0,Female,0,0,1,1,0,0,0,1,Credit Card,0,5,0,11,0,27.72,0,0
45,16,22.22,6174,Two Year,0,Male,1,0,0,0,1,1,1,1,Credit Card,1,3,0,60,0,1333.2,0,0
53,19,3.3,4103,One Year,1,Female,1,1,1,0,0,1,1,1,Bank Withdrawal,1,3,1,67,0,221.1,1,0
33,3,49.76,4183,Month-to-Month,0,Male,1,0,0,1,0,0,0,0,Bank Withdrawal,0,2,1,3,1,149.28,0,1
27,48,5.77,5192,One Year,1,Female,1,1,0,1,1,1,1,1,Credit Card,0,4,1,70,0,403.9,0,0
68,2,40.93,3797,Month-to-Month,0,Male,1,0,0,0,0,0,1,0,Bank Withdrawal,0,1,0,17,0,695.81,0,1
44,9,21.08,4747,Month-to-Month,0,Male,1,1,0,0,0,0,1,1,Bank Withdrawal,0,1,1,51,0,1075.08,0,1
54,6,17.47,3016,Month-to-Month,1,Male,1,0,0,0,1,0,1,1,Credit Card,1,2,1,9,0,157.23,0,1
26,52,11.76,4825,Two Year,1,Female,1,1,0,0,0,0,1,0,Bank Withdrawal,1,3,0,54,0,635.04,0,0
35,10,11.12,5540,Two Year,0,Male,1,1,0,0,1,0,0,1,Credit Card,1,4,0,68,0,756.16,0,0
25,27,19.41,2725,Month-to-Month,0,Female,1,0,0,0,1,1,1,0,Bank Withdrawal,0,4,0,30,0,582.3,0,0
79,17,9.53,4871,Month-to-Month,0,Female,1,1,0,0,0,0,1,0,Bank Withdrawal,0,2,1,42,0,400.26,0,1
46,17,25.09,2495,One Year,1,Female,1,1,0,0,0,1,0,1,Bank Withdrawal,0,3,1,12,0,301.08,0,0
64,19,28.63,4641,Two Year,1,Male,1,1,1,1,1,1,0,1,Credit Card,1,4,1,72,0,2061.36,0,0
38,19,32.23,6419,Two Year,1,Female,1,0,1,0,1,1,1,1,Credit Card,1,3,1,72,0,2320.56,0,0
62,0,46.59,5820,Month-to-Month,0,Male,0,0,0,1,0,0,0,0,Bank Withdrawal,0,3,0,1,0,46.59,0,0
66,28,39.49,5291,One Year,1,Male,1,1,0,0,1,0,1,1,Bank Withdrawal,0,5,1,70,0,2764.3,1,0
60,27,6.73,4558,Month-to-Month,1,Male,1,1,1,0,1,0,0,1,Credit Card,0,4,1,29,0,195.17,0,0
21,71,40.77,6116,Two Year,1,Male,1,1,1,1,1,1,1,1,Credit Card,1,3,1,70,0,2853.9,0,0
37,13,10.74,4864,Month-to-Month,0,Female,1,0,0,1,0,1,1,0,Credit Card,0,3,0,30,0,322.2,0,0
41,7,10.28,2853,One Year,0,Female,1,1,0,0,0,1,0,0,Bank Withdrawal,1,3,0,33,0,339.24,0,0
23,41,19.2,3549,Month-to-Month,0,Female,1,1,0,0,0,0,1,0,Bank Withdrawal,0,3,1,22,1,422.4,0,0
32,0,31.77,3874,Month-to-Month,0,Male,0,0,0,1,0,0,1,0,Bank Withdrawal,0,2,0,1,0,31.77,0,1
28,0,20.49,6015,Two Year,0,Female,0,0,1,1,0,0,0,1,Credit Card,0,3,0,71,0,1454.79,0,0
39,26,33.88,2066,Month-to-Month,0,Female,1,0,0,0,0,0,1,0,Bank Withdrawal,0,3,0,1,0,33.88,0,1
53,0,26.03,4669,One Year,0,Male,0,0,0,0,0,0,0,1,Credit Card,0,5,0,34,0,885.02,0,0
74,27,49.82,5148,One Year,0,Female,1,1,0,0,1,1,0,1,Credit Card,0,4,0,38,1,1893.16,0,0
62,27,24.05,2969,Month-to-Month,1,Female,1,0,0,1,0,0,1,0,Mailed Check,0,3,0,2,0,48.1,0,1
32,7,10.38,4390,Month-to-Month,1,Male,1,1,0,0,0,0,1,0,Bank Withdrawal,0,1,1,1,0,10.38,0,1
80,3,18.46,4223,Two Year,0,Female,1,1,0,1,0,1,1,0,Bank Withdrawal,1,3,0,45,0,830.7,0,0
33,0,8.5,5703,Two Year,0,Male,0,0,0,1,0,0,1,0,Credit Card,0,3,0,36,0,306.0,0,0
24,52,36.73,2045,Two Year,1,Male,1,0,1,0,1,1,0,0,Bank Withdrawal,1,3,0,14,0,514.22,0,0
50,14,17.95,5628,One Year,0,Female,1,0,0,0,1,1,1,1,Credit Card,1,3,0,51,0,915.45,0,0
65,9,25.04,4030,Two Year,0,Male,1,1,0,1,0,0,1,0,Bank Withdrawal,0,5,1,26,0,651.04,0,0
49,11,6.32,4160,Month-to-Month,0,Male,1,1,0,0,0,0,1,0,Bank Withdrawal,0,1,0,6,0,37.92,0,1
59,0,23.46,5368,Two Year,0,Male,0,0,0,0,0,0,1,1,Credit Card,0,3,0,65,0,1524.9,0,0
25,73,0.0,4824,Two Year,1,Female,1,0,0,1,0,1,1,0,Bank Withdrawal,1,3,1,66,1,0.0,0,0
41,0,24.1,5188,Month-to-Month,0,Male,0,0,1,1,0,0,1,0,Bank Withdrawal,0,3,0,19,0,457.9,0,0
48,19,0.0,6340,One Year,1,Male,1,0,1,0,0,1,0,1,Bank Withdrawal,0,3,0,52,0,0.0,1,0
23,85,0.0,4698,One Year,1,Female,1,0,0,0,1,1,0,1,Bank Withdrawal,1,4,1,71,0,0.0,0,0
35,9,27.38,6312,One Year,1,Female,1,0,0,1,0,0,0,0,Credit Card,0,3,0,63,0,1724.94,0,0
29,27,6.67,4091,Month-to-Month,0,Female,1,0,0,0,0,1,1,0,Bank Withdrawal,0,2,1,1,0,6.67,0,1
67,13,9.56,5437,One Year,0,Female,1,0,0,1,0,0,1,1,Bank Withdrawal,0,4,0,5,0,47.8,0,0
36,3,6.77,3475,Month-to-Month,0,Female,1,0,0,0,1,1,0,1,Credit Card,0,4,0,4,0,27.08,0,0
24,0,15.66,2675,Month-to-Month,0,Female,0,0,1,1,0,0,0,0,Credit Card,0,4,0,8,0,125.28,0,0
80,14,15.24,2740,Month-to-Month,0,Female,1,0,0,1,0,0,0,0,Credit Card,0,1,0,1,0,15.24,0,1
35,26,35.06,6297,Two Year,1,Male,1,0,0,1,1,1,0,1,Credit Card,1,3,1,72,0,2524.32,0,0
35,0,46.68,4411,Two Year,0,Female,0,1,0,0,0,0,0,1,Credit Card,0,4,0,15,0,700.2,0,0
71,26,7.86,4138,One Year,1,Male,1,1,0,0,1,0,1,1,Bank Withdrawal,1,4,1,66,0,518.76,1,0
74,24,48.35,5808,Month-to-Month,1,Female,1,1,0,0,0,0,1,0,Bank Withdrawal,0,1,1,4,0,193.4,0,1
36,5,24.64,5853,Month-to-Month,1,Female,1,0,0,0,1,0,1,1,Bank Withdrawal,0,2,1,25,0,616.0,0,1
55,21,0.0,4517,Month-to-Month,0,Male,1,0,0,1,0,0,1,1,Bank Withdrawal,0,2,0,1,0,0.0,0,1
22,41,0.0,4416,Month-to-Month,0,Male,1,0,0,0,0,0,1,1,Bank Withdrawal,1,3,0,3,0,0.0,0,0
73,29,47.13,4463,One Year,1,Female,1,1,0,0,1,1,0,0,Bank Withdrawal,0,4,1,56,0,2639.28,0,0
73,21,4.71,5195,One Year,0,Male,1,1,1,0,0,0,1,1,Bank Withdrawal,0,3,0,28,1,131.88,0,0
55,0,44.12,2219,Two Year,0,Male,0,1,1,1,0,0,1,1,Bank Withdrawal,0,3,0,12,0,529.44,0,0
32,27,34.85,5542,Two Year,0,Male,1,0,0,1,1,0,0,0,Bank Withdrawal,1,4,0,33,0,1150.05,0,0
57,0,40.63,3968,Month-to-Month,0,Female,0,0,0,0,0,0,0,0,Credit Card,0,4,0,1,0,40.63,0,0
45,22,0.0,6251,Two Year,1,Female,1,0,0,0,0,1,0,0,Credit Card,1,3,1,65,0,0.0,0,0
31,0,47.19,2606,Month-to-Month,0,Female,0,0,0,0,0,0,1,0,Mailed Check,0,5,0,2,0,94.38,0,0
70,4,35.76,4997,One Year,1,Female,1,1,0,1,1,1,1,0,Bank Withdrawal,0,3,1,27,0,965.52,0,0
49,22,26.14,3065,Month-to-Month,0,Female,1,0,0,0,0,0,1,0,Bank Withdrawal,0,1,0,1,0,26.14,0,1
53,0,1.57,3461,One Year,0,Male,0,0,1,1,0,0,0,1,Credit Card,0,4,0,6,0,9.42,0,0
51,14,17.33,3533,Month-to-Month,0,Male,1,0,0,1,0,0,1,0,Bank Withdrawal,0,3,0,2,0,34.66,0,1
24,76,0.0,6495,Month-to-Month,1,Male,1,0,1,0,0,1,0,1,Bank Withdrawal,0,3,0,61,1,0.0,0,0
56,0,20.57,3043,Month-to-Month,0,Female,0,0,1,1,0,0,0,1,Bank Withdrawal,0,5,0,36,0,740.52,0,0
23,42,0.0,5683,One Year,1,Male,1,0,0,0,1,0,1,1,Credit Card,1,4,1,69,0,0.0,0,0
75,3,29.6,5182,One Year,1,Female,1,1,0,0,0,0,1,0,Bank Withdrawal,0,4,1,55,0,1628.0,0,0
24,82,38.38,2075,One Year,1,Male,1,0,0,0,1,1,0,0,Mailed Check,0,3,0,35,0,1343.3,0,0
40,24,25.93,3962,Month-to-Month,1,Female,1,0,0,0,0,0,0,0,Bank Withdrawal,0,1,0,6,0,155.58,0,1
23,0,16.39,2406,Month-to-Month,0,Male,0,0,0,1,0,0,1,0,Credit Card,0,5,0,3,0,49.17,0,0
80,6,36.82,3209,Month-to-Month,1,Female,1,1,0,1,0,1,1,1,Bank Withdrawal,0,1,0,17,0,625.94,0,1
55,21,49.36,4399,Two Year,1,Male,1,0,0,1,1,0,1,0,Credit Card,1,5,1,56,0,2764.16,0,0
34,2,0.0,5359,Month-to-Month,1,Male,1,0,0,1,1,0,1,1,Bank Withdrawal,1,5,1,60,0,0.0,0,0
70,19,35.39,4368,One Year,1,Female,1,0,0,1,1,0,0,0,Credit Card,0,4,0,44,0,1557.16,0,0
71,11,30.05,3368,Month-to-Month,0,Female,1,0,0,0,0,0,1,0,Credit Card,0,3,0,5,0,150.25,0,1
46,19,0.0,5790,Two Year,1,Female,1,0,0,1,0,1,0,1,Credit Card,1,5,1,60,0,0.0,0,0
27,59,15.45,3160,One Year,0,Female,1,0,0,0,1,0,1,1,Credit Card,1,3,0,33,0,509.85,0,0
30,0,8.23,5537,Month-to-Month,0,Female,0,0,0,0,0,0,0,0,Credit Card,0,4,0,1,0,8.23,0,0
50,0,19.58,5868,Month-to-Month,0,Male,0,0,1,0,0,0,0,0,Credit Card,0,4,0,3,0,58.74,0,0
75,30,36.5,4969,Month-to-Month,0,Female,1,1,0,0,1,1,1,0,Credit Card,0,1,1,25,0,912.5,0,1
22,0,4.13,3705,Month-to-Month,0,Male,0,0,0,1,0,0,0,0,Credit Card,0,3,0,16,0,66.08,0,0
70,18,22.74,5061,One Year,1,Female,1,1,0,1,0,1,1,1,Bank Withdrawal,0,3,1,62,0,1409.88,0,0
32,0,42.84,5517,One Year,0,Male,0,1,1,1,0,0,1,1,Credit Card,0,4,0,66,0,2827.44,0,0
56,0,12.99,4565,Two Year,0,Male,0,0,0,1,0,0,0,0,Credit Card,0,3,0,57,0,740.43,0,0
29,52,7.14,4067,Month-to-Month,0,Male,1,0,1,1,0,0,1,0,Bank Withdrawal,0,3,0,1,0,7.14,0,1
26,85,16.76,4460,Month-to-Month,0,Female,1,1,0,0,0,1,1,0,Bank Withdrawal,0,4,0,33,0,553.08,0,0
39,14,41.61,5228,Two Year,1,Male,1,1,0,0,1,1,1,1,Credit Card,1,4,1,68,0,2829.48,0,0
70,14,0.0,3353,Month-to-Month,0,Female,1,0,1,1,0,0,1,1,Mailed Check,1,4,0,12,0,0.0,0,0
69,21,32.41,4168,Two Year,1,Female,1,1,0,0,1,0,1,0,Bank Withdrawal,0,4,1,65,0,2106.65,0,0
41,23,12.36,3330,Month-to-Month,0,Male,1,1,0,0,0,0,1,0,Bank Withdrawal,0,2,1,12,0,148.32,0,1
29,0,14.17,4278,Two Year,0,Male,0,0,0,0,0,0,0,0,Bank Withdrawal,0,5,0,62,0,878.54,0,0
39,23,49.12,6087,Two Year,1,Female,1,1,1,0,1,1,0,1,Bank Withdrawal,1,4,1,72,0,3536.64,0,0
43,0,16.84,6342,Two Year,0,Female,0,0,1,0,0,0,0,1,Bank Withdrawal,0,4,0,71,0,1195.64,0,0
36,0,2.4,4870,Two Year,0,Female,0,0,1,0,0,0,0,1,Credit Card,0,5,0,27,0,64.8,0,0
42,11,17.4,4001,Two Year,1,Male,1,1,0,1,1,0,1,1,Bank Withdrawal,0,4,0,67,1,1165.8,0,0
49,0,29.31,6339,Two Year,0,Male,0,0,0,0,0,0,1,0,Bank Withdrawal,0,5,0,58,0,1699.98,1,0
35,29,49.9,6130,Month-to-Month,1,Male,1,1,0,1,1,1,0,1,Bank Withdrawal,0,4,1,54,0,2694.6,0,0
23,85,20.07,5504,One Year,0,Male,1,1,0,1,1,0,1,1,Bank Withdrawal,1,2,1,66,0,1324.62,0,1
62,0,26.21,6265,Two Year,0,Male,0,0,0,1,0,0,0,0,Bank Withdrawal,0,3,0,53,0,1389.13,0,1
34,17,49.58,4061,Month-to-Month,0,Male,1,0,0,0,0,0,1,0,Credit Card,0,2,0,10,0,495.8,0,1
73,3,2.81,5014,Two Year,0,Female,1,1,0,0,0,1,1,0,Bank Withdrawal,0,4,0,11,0,30.91,1,0
61,24,21.19,3371,Month-to-Month,0,Female,1,1,0,0,1,0,0,0,Credit Card,1,3,0,38,0,805.22,0,0
51,16,41.57,5256,Two Year,1,Male,1,1,0,1,1,0,1,1,Bank Withdrawal,1,5,1,65,0,2702.05,0,0
31,19,26.62,5392,One Year,0,Male,1,1,1,0,1,1,0,0,Bank Withdrawal,1,4,0,70,0,1863.4,1,0
45,4,33.34,3967,Month-to-Month,1,Female,1,0,0,1,0,0,1,0,Credit Card,0,2,1,1,0,33.34,0,1
61,0,7.35,5980,Two Year,0,Female,0,0,0,1,0,0,0,0,Credit Card,0,5,0,6,0,44.1,0,0
48,30,0.0,4850,Two Year,0,Female,1,0,0,0,1,0,1,1,Bank Withdrawal,1,4,1,64,0,0.0,0,0
63,10,9.06,4321,Month-to-Month,0,Female,1,1,0,0,0,0,1,0,Bank Withdrawal,0,3,1,21,0,190.26,0,1
53,21,25.04,2785,Month-to-Month,0,Male,1,1,0,1,0,0,0,0,Credit Card,0,3,0,35,0,876.4,0,1
66,30,15.78,5165,Month-to-Month,0,Female,1,1,0,0,0,0,1,1,Bank Withdrawal,0,1,0,38,0,599.64,0,1
40,19,14.45,5781,Month-to-Month,0,Female,1,1,0,0,1,0,1,0,Credit Card,0,5,1,23,0,332.35,0,0
27,59,40.42,4599,Month-to-Month,0,Female,1,0,1,0,0,0,1,1,Bank Withdrawal,0,2,0,1,0,40.42,0,1
54,5,10.66,3605,Month-to-Month,0,Female,1,0,0,1,0,1,1,0,Bank Withdrawal,0,3,1,13,0,138.58,1,0
55,14,21.81,2140,Month-to-Month,0,Female,1,1,0,1,1,0,1,1,Bank Withdrawal,0,2,1,4,0,87.24,0,1
40,0,49.39,4312,Two Year,0,Female,0,1,0,0,0,0,0,1,Credit Card,0,4,0,64,0,3160.96,0,0
56,16,10.91,4909,Month-to-Month,0,Female,1,0,0,0,0,0,0,0,Credit Card,0,3,0,8,0,87.28,0,0
21,69,9.41,5925,Month-to-Month,1,Female,1,0,0,0,0,0,0,1,Credit Card,1,1,0,10,0,94.1,0,1
77,21,36.47,5023,One Year,1,Female,1,1,0,1,1,1,0,0,Bank Withdrawal,1,4,0,49,0,1787.03,0,0
21,42,39.21,3949,Month-to-Month,0,Female,1,0,0,0,0,0,1,0,Mailed Check,0,2,1,7,1,274.47,0,1
70,20,12.27,4054,Month-to-Month,0,Female,1,0,0,1,0,0,0,0,Bank Withdrawal,0,3,0,5,0,61.35,0,1
37,28,43.24,6026,Two Year,1,Male,1,0,1,0,1,1,0,1,Bank Withdrawal,0,3,0,60,0,2594.4,0,0
21,0,35.31,5194,Two Year,0,Female,0,1,0,0,0,0,1,1,Credit Card,0,3,0,33,0,1165.23,1,1
34,23,38.4,5631,Month-to-Month,1,Female,1,1,0,1,0,1,1,0,Bank Withdrawal,0,4,1,13,1,499.2,0,0
42,0,46.3,2783,Month-to-Month,0,Female,0,0,0,1,0,0,0,0,Credit Card,0,5,0,13,0,601.9,0,0
43,21,9.77,5772,Month-to-Month,0,Female,1,1,1,1,1,0,0,1,Credit Card,1,3,1,14,0,136.78,0,0
20,0,11.68,2382,One Year,0,Female,0,1,0,0,0,0,0,1,Bank Withdrawal,0,4,0,47,0,548.96,0,0
35,0,5.74,3438,Month-to-Month,0,Male,0,0,0,1,0,0,1,0,Credit Card,0,1,0,16,0,91.84,0,1
35,30,48.85,5344,One Year,1,Male,1,0,0,1,0,1,0,1,Credit Card,0,3,1,33,0,1612.05,0,0
68,20,6.9,2636,One Year,1,Female,1,1,0,1,0,0,1,0,Bank Withdrawal,0,4,1,45,0,310.5,0,0
30,0,1.57,2007,Two Year,0,Female,0,0,0,1,0,0,0,0,Mailed Check,0,3,0,39,0,61.23,1,0
37,16,0.0,4943,Month-to-Month,0,Male,1,0,0,1,0,0,1,0,Bank Withdrawal,0,5,0,13,0,0.0,1,0
25,69,20.23,5465,Month-to-Month,0,Female,1,0,1,0,0,1,1,1,Credit Card,1,4,0,17,0,343.91,0,0
59,25,42.22,5884,One Year,1,Male,1,1,1,0,0,1,1,1,Credit Card,1,3,0,43,0,1815.46,1,0
29,19,40.25,3364,Month-to-Month,0,Male,1,0,0,1,1,0,1,1,Credit Card,0,1,1,39,0,1569.75,0,1
21,59,22.41,4288,Two Year,1,Female,1,1,0,1,1,1,0,1,Credit Card,1,4,1,72,1,1613.52,0,0
20,85,38.3,3446,One Year,1,Male,1,0,1,1,1,0,1,1,Credit Card,0,4,0,48,0,1838.4,0,0
66,16,2.07,5381,Month-to-Month,0,Male,1,1,0,0,0,0,1,1,Bank Withdrawal,0,5,0,34,0,70.38,0,0
23,51,13.54,3273,Month-to-Month,1,Male,1,0,0,0,0,0,1,1,Bank Withdrawal,0,1,0,3,0,40.62,0,1
78,11,14.22,5214,Month-to-Month,0,Female,1,1,0,0,1,0,1,0,Bank Withdrawal,1,2,1,47,0,668.34,0,1
49,19,0.0,5916,Month-to-Month,0,Female,1,0,1,0,0,0,0,0,Bank Withdrawal,0,3,0,11,0,0.0,0,0
76,15,44.88,5651,Month-to-Month,1,Female,1,1,0,1,0,0,1,0,Credit Card,0,2,0,49,0,2199.12,0,1
35,13,44.72,4077,One Year,0,Female,1,1,0,1,0,1,1,1,Bank Withdrawal,1,4,0,48,1,2146.56,0,0
43,17,15.73,4305,Two Year,1,Female,1,1,1,1,1,1,1,1,Credit Card,0,3,1,71,0,1116.83,0,0
38,56,33.74,4523,One Year,1,Male,1,0,1,1,1,1,0,0,Bank Withdrawal,0,3,0,53,0,1788.22,0,0
55,5,0.0,2044,One Year,0,Female,1,0,0,1,1,0,0,1,Mailed Check,1,2,0,42,1,0.0,0,1
65,9,36.49,4872,Two Year,1,Female,1,0,0,1,1,0,1,1,Credit Card,1,4,1,65,0,2371.85,0,0
38,27,19.9,4658,Two Year,1,Female,1,1,0,1,1,1,0,1,Credit Card,1,3,1,71,0,1412.9,0,0
39,24,12.92,2681,Month-to-Month,0,Male,1,0,0,0,1,0,0,0,Credit Card,1,4,1,29,1,374.68,0,0
53,0,39.29,4391,One Year,0,Male,0,0,1,1,0,0,0,0,Bank Withdrawal,0,5,0,55,0,2160.95,0,0
78,26,36.57,5225,Month-to-Month,0,Male,1,0,0,0,0,0,0,1,Bank Withdrawal,0,5,0,13,0,475.41,0,0
62,18,0.0,5388,Two Year,0,Male,1,0,0,0,1,1,1,0,Bank Withdrawal,1,3,1,69,0,0.0,1,0
42,0,25.53,2017,Two Year,0,Female,0,1,0,0,0,0,1,0,Credit Card,0,4,0,43,0,1097.79,0,0
21,59,3.72,2911,Month-to-Month,0,Male,1,0,0,1,1,0,1,0,Mailed Check,0,3,0,24,0,89.28,0,0
20,30,0.0,6445,One Year,1,Male,1,0,0,0,0,0,1,1,Bank Withdrawal,1,4,1,56,1,0.0,0,0
80,15,26.84,3355,Month-to-Month,0,Male,1,0,0,1,0,0,1,0,Credit Card,0,5,0,11,1,295.24,0,0
73,4,14.22,2660,One Year,0,Female,1,0,0,1,1,0,1,0,Bank Withdrawal,0,4,1,5,0,71.1,1,0
74,9,3.29,3834,Month-to-Month,0,Female,1,0,0,1,0,0,1,1,Bank Withdrawal,0,2,1,3,0,9.87,0,1
43,8,19.01,4444,Month-to-Month,0,Female,1,0,0,0,0,1,0,0,Credit Card,0,1,0,11,1,209.11,0,1
27,69,24.81,5515,Month-to-Month,0,Female,1,0,0,0,1,0,0,0,Mailed Check,1,3,1,9,1,223.29,0,1
33,0,4.24,2682,Two Year,0,Male,0,0,0,1,0,0,0,0,Credit Card,0,4,0,35,0,148.4,0,0
51,0,21.16,5759,One Year,0,Male,0,0,1,1,0,0,1,0,Credit Card,0,3,0,33,0,698.28,0,0
27,26,22.08,3048,Month-to-Month,1,Female,1,0,0,1,1,1,0,0,Bank Withdrawal,0,3,0,42,0,927.36,0,0
21,48,34.95,6022,Two Year,0,Male,1,1,0,0,1,0,1,1,Bank Withdrawal,0,5,1,72,0,2516.4,0,0
51,15,44.11,4468,Month-to-Month,0,Female,1,0,0,1,1,1,0,0,Bank Withdrawal,0,3,0,28,1,1235.08,0,0
43,17,48.82,5502,Two Year,0,Female,1,1,0,0,1,1,0,0,Credit Card,1,4,1,68,1,3319.76,0,0
42,0,47.33,2009,Two Year,0,Male,0,0,1,0,0,0,0,1,Bank Withdrawal,0,4,0,35,0,1656.55,0,0
42,5,43.8,5617,Month-to-Month,0,Female,1,1,0,1,0,0,1,0,Bank Withdrawal,0,2,1,6,0,262.8,0,1
61,13,48.95,4352,Month-to-Month,1,Male,1,1,0,0,1,0,1,1,Bank Withdrawal,0,2,1,63,0,3083.85,0,1
33,30,14.53,5184,Month-to-Month,0,Female,1,1,0,0,0,0,1,0,Bank Withdrawal,1,1,1,10,1,145.3,0,1
64,26,0.0,4800,Month-to-Month,0,Male,1,0,0,1,0,0,0,1,Mailed Check,1,1,1,9,0,0.0,0,1
32,0,45.99,2392,Month-to-Month,0,Female,0,0,0,1,0,0,1,0,Credit Card,0,4,0,9,0,413.91,0,0
56,22,34.49,3736,Month-to-Month,0,Male,1,0,0,0,0,1,1,0,Mailed Check,0,1,0,7,0,241.43,0,1
39,22,45.25,2673,One Year,1,Male,1,0,0,0,0,0,1,0,Credit Card,0,2,1,5,1,226.25,0,1
45,0,46.57,5986,One Year,0,Male,0,1,1,0,0,0,0,0,Bank Withdrawal,0,5,0,39,0,1816.23,0,0
52,0,26.57,2953,One Year,0,Female,0,0,0,0,0,0,0,0,Mailed Check,0,5,0,13,0,345.41,0,0
36,75,43.7,3918,Month-to-Month,0,Female,1,0,1,1,0,1,0,1,Bank Withdrawal,1,3,0,44,1,1922.8,1,0
40,21,29.92,4745,Month-to-Month,0,Male,1,0,0,1,0,1,0,1,Bank Withdrawal,0,1,0,13,0,388.96,1,1
56,0,39.98,6126,Two Year,0,Female,0,1,0,0,0,0,0,1,Credit Card,0,4,0,72,0,2878.56,0,0
31,12,6.89,4340,Month-to-Month,0,Male,1,1,0,0,0,0,0,0,Bank Withdrawal,0,2,1,1,0,6.89,0,1
28,85,7.52,3398,One Year,0,Male,1,1,0,0,0,0,0,0,Bank Withdrawal,1,3,0,24,0,180.48,1,0
65,0,41.98,3460,Two Year,0,Female,0,0,0,0,0,0,0,0,Credit Card,0,5,0,4,0,167.92,0,0
64,8,48.38,5850,Month-to-Month,1,Female,1,0,0,0,0,0,1,0,Credit Card,0,5,0,9,1,435.42,0,0
63,19,47.66,5764,Two Year,1,Male,1,1,0,1,1,1,1,1,Credit Card,1,3,1,72,0,3431.52,0,0
35,0,20.65,5052,One Year,0,Female,0,0,0,1,0,0,0,0,Credit Card,0,3,0,16,0,330.4,0,0
22,73,14.58,5094,Month-to-Month,0,Male,1,0,0,0,0,0,1,0,Mailed Check,0,1,1,1,0,14.58,0,1
71,52,11.33,3179,Month-to-Month,0,Male,1,1,1,1,0,0,1,0,Bank Withdrawal,0,2,1,18,0,203.94,1,1
28,59,0.0,5192,Two Year,1,Female,1,0,1,1,1,1,0,1,Credit Card,1,4,0,72,0,0.0,0,0
61,18,49.26,4512,Two Year,0,Female,1,1,0,1,1,0,1,1,Bank Withdrawal,1,3,1,64,0,3152.64,1,0
47,15,17.75,5096,Month-to-Month,1,Male,1,1,0,0,1,0,1,1,Bank Withdrawal,0,4,1,63,0,1118.25,0,0
46,16,0.0,5131,Month-to-Month,0,Female,1,0,0,0,1,0,1,0,Bank Withdrawal,0,2,0,13,0,0.0,0,1
48,5,39.74,4848,Two Year,1,Female,1,1,0,0,1,1,1,1,Bank Withdrawal,0,4,1,72,0,2861.28,0,0
46,20,34.38,3091,Month-to-Month,0,Male,1,0,0,0,1,0,1,0,Bank Withdrawal,1,1,0,31,1,1065.78,0,1
35,6,36.62,4915,One Year,0,Female,1,1,0,1,1,1,1,1,Bank Withdrawal,1,4,1,65,0,2380.3,0,0
44,20,0.0,5605,Month-to-Month,0,Male,1,0,0,1,0,0,1,0,Bank Withdrawal,0,2,1,4,1,0.0,0,1
73,15,24.85,5811,Two Year,0,Male,1,0,0,1,0,0,1,0,Bank Withdrawal,0,5,0,9,1,223.65,0,0
22,71,34.31,5657,Two Year,1,Female,1,0,0,0,0,1,0,1,Credit Card,1,4,0,65,0,2230.15,0,0
57,10,33.75,4840,Month-to-Month,0,Female,1,0,0,0,0,0,1,0,Bank Withdrawal,0,3,0,2,0,67.5,0,0
45,18,23.18,5172,Two Year,0,Female,1,0,0,0,0,1,1,0,Credit Card,1,3,0,62,0,1437.16,0,0
30,73,24.23,4870,One Year,0,Male,1,1,0,0,1,0,1,0,Credit Card,1,1,1,64,0,1550.72,0,1
24,0,12.17,4439,One Year,0,Male,0,0,0,1,0,0,0,0,Credit Card,0,3,0,6,0,73.02,0,0
56,57,4.45,5476,Two Year,1,Female,1,0,1,1,1,1,1,1,Credit Card,0,4,0,48,1,213.6,0,0
40,28,4.67,5671,Month-to-Month,0,Female,1,0,0,1,0,0,0,0,Bank Withdrawal,0,1,0,15,0,70.05,0,1
64,17,39.88,5128,Two Year,1,Female,1,1,0,0,0,1,1,1,Credit Card,1,3,0,69,1,2751.72,0,0
32,30,15.12,4753,Two Year,1,Male,1,1,0,0,1,0,0,1,Credit Card,1,4,1,71,0,1073.52,0,0
47,2,0.0,3351,Month-to-Month,0,Female,1,0,0,1,0,0,1,0,Bank Withdrawal,0,3,1,1,0,0.0,0,1
33,10,25.4,2156,Month-to-Month,0,Female,1,0,0,1,0,0,1,0,Bank Withdrawal,0,4,0,3,0,76.2,0,0
39,53,26.24,2545,One Year,1,Male,1,1,1,0,1,1,1,0,Bank Withdrawal,0,4,0,48,0,1259.52,0,0
72,28,3.57,4722,One Year,1,Female,1,1,0,0,1,0,0,0,Bank Withdrawal,0,3,1,66,0,235.62,0,0
29,0,35.44,2429,Month-to-Month,0,Female,0,0,1,1,0,0,1,1,Credit Card,0,4,0,18,0,637.92,0,0
33,24,30.06,6354,Two Year,1,Male,1,1,0,0,1,0,1,1,Credit Card,1,5,1,70,0,2104.2,0,0
44,28,46.9,5122,One Year,0,Female,1,0,1,1,1,0,0,1,Credit Card,0,5,0,67,0,3142.3,0,0
32,7,5.67,4512,Month-to-Month,0,Male,1,0,0,1,0,0,1,0,Bank Withdrawal,0,2,0,1,0,5.67,0,1
34,18,5.63,2895,Month-to-Month,1,Female,1,0,0,1,0,0,1,0,Bank Withdrawal,1,1,1,4,0,22.52,0,1
27,41,30.92,4545,Month-to-Month,0,Male,1,0,0,1,0,1,1,0,Credit Card,1,4,0,5,0,154.6,0,0
26,59,39.67,3291,Month-to-Month,0,Female,1,0,0,1,1,0,1,1,Bank Withdrawal,0,3,0,27,0,1071.09,1,0
52,17,45.2,2793,Two Year,1,Female,1,0,0,0,0,0,0,0,Credit Card,1,3,0,46,0,2079.2,0,1
32,26,39.3,4483,Month-to-Month,0,Male,1,0,0,0,0,1,0,0,Credit Card,0,4,0,1,0,39.3,0,0
78,9,17.13,5171,Two Year,0,Male,1,0,0,1,0,0,1,0,Credit Card,0,4,0,5,0,85.65,0,0
60,23,12.19,4739,Month-to-Month,0,Female,1,1,0,0,0,0,1,0,Bank Withdrawal,1,2,1,22,0,268.18,0,1
35,23,36.13,5177,One Year,0,Female,1,1,0,0,0,0,0,1,Bank Withdrawal,1,3,1,61,0,2203.93,0,0
56,5,48.37,4589,Two Year,1,Female,1,1,0,1,1,1,1,0,Bank Withdrawal,1,4,1,72,0,3482.64,0,0
45,19,17.26,3778,Month-to-Month,0,Male,1,1,0,1,0,1,1,0,Bank Withdrawal,0,3,1,30,0,517.8,0,0
47,0,41.33,2691,One Year,0,Female,0,0,0,0,0,0,0,0,Credit Card,0,5,0,36,0,1487.88,0,0
38,29,0.0,5500,Two Year,1,Male,1,0,0,0,1,1,1,1,Bank Withdrawal,1,4,1,66,0,0.0,0,0
57,15,0.0,4700,Two Year,1,Female,1,0,0,1,1,1,1,1,Bank Withdrawal,0,3,0,72,0,0.0,0,0
65,22,28.64,5193,One Year,0,Male,1,1,1,0,0,0,1,1,Credit Card,0,5,0,11,0,315.04,0,0
33,0,13.13,4464,One Year,0,Male,0,0,1,1,0,0,0,1,Credit Card,0,5,0,19,0,249.47,0,0
69,19,7.74,4531,Month-to-Month,0,Female,1,0,0,0,0,0,0,1,Bank Withdrawal,0,1,0,1,0,7.74,0,1
45,16,0.0,5374,Two Year,1,Male,1,0,1,1,1,0,0,1,Bank Withdrawal,1,5,0,63,0,0.0,0,0
36,13,4.51,4940,Month-to-Month,0,Male,1,0,0,0,0,1,0,0,Bank Withdrawal,0,1,1,17,0,76.67,0,1
53,3,1.8,5385,Month-to-Month,0,Male,1,0,0,1,1,0,1,0,Credit Card,1,5,0,12,0,21.6,0,0
71,25,36.71,5084,Month-to-Month,1,Female,1,1,0,1,1,0,1,1,Bank Withdrawal,0,5,1,60,1,2202.6,0,0
80,21,21.37,3533,Month-to-Month,0,Male,1,1,0,0,0,0,1,1,Bank Withdrawal,0,4,0,7,0,149.59,0,0
37,0,24.89,4194,Month-to-Month,0,Male,0,0,0,1,0,0,0,0,Credit Card,0,4,0,9,0,224.01,0,0
45,26,15.23,4675,Two Year,0,Female,1,1,0,0,1,1,0,1,Bank Withdrawal,1,3,0,72,0,1096.56,0,0
38,16,0.0,3194,Month-to-Month,0,Female,1,0,1,0,0,0,1,1,Credit Card,1,4,0,48,0,0.0,0,0
36,57,28.47,5737,Two Year,1,Male,1,0,1,0,1,1,0,1,Credit Card,1,3,1,71,1,2021.37,0,0
35,19,34.53,5647,One Year,1,Female,1,1,1,1,1,1,1,1,Credit Card,1,3,0,71,0,2451.63,0,0
28,48,10.06,3885,Month-to-Month,0,Female,1,1,0,1,0,1,1,0,Bank Withdrawal,0,3,0,11,0,110.66,0,0
55,20,39.32,5034,One Year,0,Female,1,0,0,0,1,1,1,0,Credit Card,1,4,0,42,0,1651.44,0,0
26,19,28.77,4939,Month-to-Month,1,Male,1,1,0,1,1,0,1,1,Bank Withdrawal,0,3,0,4,0,115.08,0,1
21,82,42.58,5036,Month-to-Month,0,Male,1,0,1,1,1,1,1,1,Credit Card,1,3,0,22,0,936.76,0,0
44,23,0.0,6018,Month-to-Month,0,Male,1,0,1,0,0,1,1,1,Credit Card,0,3,1,50,0,0.0,0,0
44,0,35.86,3071,One Year,0,Female,0,0,0,0,0,0,0,1,Credit Card,0,5,0,24,0,860.64,0,0
35,0,34.79,5890,Month-to-Month,0,Female,0,0,0,0,0,0,1,0,Credit Card,0,2,0,1,0,34.79,0,1
22,59,18.7,5694,Month-to-Month,0,Female,1,0,0,1,0,0,0,0,Bank Withdrawal,0,3,0,2,0,37.4,0,0
75,26,0.0,4972,Month-to-Month,1,Male,1,0,0,1,1,0,1,0,Bank Withdrawal,0,3,0,1,0,0.0,0,1
76,22,19.18,2508,Month-to-Month,0,Male,1,1,0,0,0,0,1,0,Bank Withdrawal,0,3,1,16,0,306.88,0,1
79,29,23.33,6020,Two Year,1,Male,1,1,0,1,1,0,1,1,Bank Withdrawal,0,3,0,64,0,1493.12,0,0
70,20,44.08,5527,One Year,0,Male,1,1,0,0,0,0,1,0,Credit Card,0,3,1,47,0,2071.76,0,0
53,11,46.49,4625,One Year,1,Female,1,1,0,1,1,0,1,1,Credit Card,1,3,1,50,0,2324.5,0,0
56,15,20.27,3192,Two Year,1,Female,1,1,0,1,0,0,1,0,Credit Card,1,4,1,42,0,851.34,0,0
40,23,0.0,3970,Month-to-Month,0,Female,1,0,1,1,1,1,0,1,Credit Card,1,4,0,26,1,0.0,0,0
42,13,14.7,2960,Month-to-Month,0,Female,1,0,0,1,1,0,1,0,Credit Card,0,1,0,2,1,29.4,0,1
53,0,31.26,5403,Month-to-Month,0,Male,0,1,1,1,0,0,0,0,Credit Card,0,4,0,21,0,656.46,0,0
22,0,2.44,4529,Two Year,0,Female,0,0,1,0,0,0,0,1,Bank Withdrawal,0,4,0,52,0,126.88,1,0
32,0,48.41,5293,One Year,0,Male,0,0,0,0,0,0,1,0,Credit Card,0,3,0,42,0,2033.22,1,0
49,0,24.53,5967,Month-to-Month,0,Female,0,0,0,0,0,0,0,0,Credit Card,0,3,0,5,0,122.65,0,0
24,47,9.97,4999,Month-to-Month,0,Male,1,1,0,0,1,0,0,0,Bank Withdrawal,1,5,0,15,0,149.55,0,0
41,27,47.48,5905,One Year,1,Female,1,0,1,0,0,0,0,1,Credit Card,1,4,1,50,0,2374.0,0,0
75,29,17.65,5570,Month-to-Month,1,Female,1,1,0,1,0,0,1,0,Bank Withdrawal,1,5,1,50,0,882.5,0,0
64,12,0.0,4044,Month-to-Month,1,Female,1,0,0,1,0,0,1,0,Bank Withdrawal,0,1,1,43,0,0.0,1,1
63,0,44.53,2642,Month-to-Month,0,Male,0,0,0,1,0,0,1,0,Credit Card,0,4,0,11,0,489.83,0,0
58,0,48.56,4681,Two Year,0,Female,0,0,1,1,0,0,1,1,Credit Card,0,3,0,56,0,2719.36,0,0
68,25,38.5,5129,Two Year,0,Female,1,1,0,0,0,1,1,1,Bank Withdrawal,0,4,0,70,0,2695.0,0,0
37,9,11.35,5687,Month-to-Month,0,Male,1,0,0,0,0,1,1,0,Credit Card,0,1,0,1,0,11.35,0,1
65,22,25.19,3594,Two Year,1,Male,1,1,0,0,0,0,1,1,Credit Card,0,4,0,48,0,1209.12,0,0
24,51,48.1,4106,One Year,0,Male,1,1,0,1,0,1,1,1,Credit Card,1,3,0,43,0,2068.3,0,0
57,0,27.37,4462,Month-to-Month,0,Female,0,0,1,0,0,0,1,0,Bank Withdrawal,0,5,0,4,0,109.48,0,0
69,9,17.87,5748,Month-to-Month,0,Female,1,1,0,0,0,1,1,1,Bank Withdrawal,0,1,0,51,0,911.37,0,1
30,0,25.98,4386,Two Year,0,Female,0,1,1,1,0,0,0,1,Credit Card,0,3,0,22,0,571.56,0,0
42,24,5.68,5718,Two Year,1,Female,1,1,0,0,1,0,1,0,Credit Card,1,5,1,64,1,363.52,0,0
76,22,3.66,4745,Month-to-Month,0,Female,1,1,0,0,1,1,1,1,Bank Withdrawal,0,3,1,43,0,157.38,0,0
56,18,48.68,5233,Month-to-Month,1,Male,1,0,0,0,0,0,1,1,Bank Withdrawal,0,4,1,22,0,1070.96,0,0
27,0,39.39,2706,Month-to-Month,0,Male,0,0,0,0,0,0,0,0,Bank Withdrawal,0,3,0,10,0,393.9,0,0
26,0,42.67,3153,Two Year,0,Female,0,0,1,0,0,0,0,1,Credit Card,0,3,0,8,0,341.36,0,0
42,0,31.49,5897,One Year,0,Male,0,0,1,1,0,0,0,1,Credit Card,0,3,0,61,0,1920.89,0,0
47,0,4.53,5491,Month-to-Month,0,Female,0,1,0,0,0,0,0,0,Bank Withdrawal,0,4,0,29,0,131.37,0,0
33,10,18.72,5984,Month-to-Month,0,Female,1,1,1,0,1,0,1,0,Bank Withdrawal,0,3,1,41,0,767.52,0,0
75,24,38.59,4442,Two Year,0,Female,1,0,0,0,0,0,1,1,Bank Withdrawal,0,4,0,25,0,964.75,0,0
26,59,41.05,5025,Two Year,1,Male,1,0,0,1,1,1,0,1,Credit Card,1,3,0,70,0,2873.5,0,0
35,27,9.74,4275,Month-to-Month,0,Male,1,0,0,0,0,0,1,0,Credit Card,0,4,0,3,0,29.22,0,0
48,22,9.98,4115,Month-to-Month,1,Female,1,1,0,1,1,0,1,1,Bank Withdrawal,0,3,1,60,0,598.8,0,0
62,4,0.0,5614,Month-to-Month,0,Male,1,0,0,1,1,0,0,1,Credit Card,0,3,0,3,0,0.0,0,0
43,23,26.13,3280,Month-to-Month,0,Female,1,1,1,1,0,0,1,0,Bank Withdrawal,0,3,0,12,0,313.56,0,0
71,3,2.26,2491,Month-to-Month,0,Female,1,0,0,1,0,0,1,0,Bank Withdrawal,0,3,0,3,0,6.78,0,1
54,0,37.67,5137,Two Year,0,Male,0,1,1,1,0,0,0,1,Bank Withdrawal,0,4,0,56,0,2109.52,1,0
24,48,25.71,3360,Month-to-Month,1,Male,1,1,0,0,1,0,1,0,Bank Withdrawal,0,5,0,16,0,411.36,0,0
45,0,23.95,2902,Two Year,0,Female,0,0,1,0,0,0,0,1,Bank Withdrawal,0,3,0,41,0,981.95,0,0
68,30,30.23,3067,Month-to-Month,0,Female,1,0,0,1,0,0,1,0,Bank Withdrawal,0,1,1,1,0,30.23,0,1
73,20,34.24,4001,One Year,0,Male,1,1,0,0,1,0,0,1,Bank Withdrawal,0,4,0,61,0,2088.64,0,0
47,26,32.74,3809,Month-to-Month,0,Female,1,0,0,0,0,0,1,0,Credit Card,0,1,1,1,0,32.74,0,1
53,10,36.82,4017,Two Year,1,Female,1,1,1,1,1,1,1,1,Bank Withdrawal,1,4,1,72,0,2651.04,1,0
37,0,37.4,2233,One Year,0,Male,0,0,1,1,0,0,0,1,Credit Card,0,3,0,22,0,822.8,0,0
42,3,18.66,5945,Two Year,1,Female,1,1,0,1,1,1,0,1,Credit Card,0,4,1,72,0,1343.52,0,0
64,0,35.24,4517,Month-to-Month,0,Female,0,0,0,0,0,0,1,1,Credit Card,0,4,0,1,0,35.24,0,0
33,7,21.03,4423,One Year,0,Female,1,1,0,1,1,0,1,0,Mailed Check,0,5,0,14,0,294.42,0,0
30,0,5.84,4484,Month-to-Month,0,Female,0,0,1,1,0,0,0,1,Credit Card,0,4,0,7,0,40.88,0,0
60,0,18.14,4220,One Year,0,Male,0,0,0,0,0,0,0,0,Credit Card,0,4,0,44,0,798.16,0,0
24,76,17.18,4850,One Year,0,Male,1,1,0,0,0,0,0,0,Credit Card,1,5,0,31,0,532.58,0,0
40,23,38.22,5770,Two Year,1,Female,1,0,0,0,0,1,1,1,Credit Card,1,3,1,71,0,2713.62,0,0
77,29,36.78,2097,Month-to-Month,0,Male,1,0,0,0,0,1,0,0,Bank Withdrawal,0,1,0,46,0,1691.88,0,1
76,10,47.34,4105,Month-to-Month,0,Male,1,1,0,1,0,0,1,1,Bank Withdrawal,0,2,0,32,0,1514.88,0,1
56,0,13.51,2067,Month-to-Month,0,Male,0,0,0,0,0,0,0,0,Credit Card,0,5,0,1,0,13.51,0,0
33,28,9.21,4616,One Year,0,Male,1,1,0,0,1,0,0,0,Credit Card,0,3,0,63,1,580.23,0,0
80,17,14.49,4184,One Year,1,Male,1,1,0,0,1,1,1,1,Bank Withdrawal,0,3,1,50,0,724.5,0,0
62,0,28.28,2400,Month-to-Month,0,Female,0,0,1,1,0,0,1,1,Credit Card,0,4,0,1,0,28.28,0,0
63,6,13.14,3999,Month-to-Month,0,Female,1,1,0,1,0,0,0,0,Credit Card,1,5,0,35,0,459.9,0,0
22,59,33.53,5866,One Year,0,Male,1,0,0,0,1,0,1,0,Credit Card,1,3,0,22,0,737.66,0,1
53,11,4.67,3947,Month-to-Month,0,Female,1,0,0,1,0,0,0,0,Credit Card,0,1,0,1,0,4.67,0,1
31,0,18.81,2810,Month-to-Month,0,Male,0,0,0,0,0,0,0,0,Credit Card,0,5,0,1,0,18.81,0,0
45,14,9.85,2719,One Year,1,Female,1,0,0,1,1,1,1,1,Bank Withdrawal,0,3,1,41,0,403.85,0,0
79,24,48.02,4828,Month-to-Month,0,Male,1,1,0,1,0,0,1,1,Bank Withdrawal,1,5,1,30,0,1440.6,0,0
77,3,7.92,4113,Month-to-Month,1,Male,1,1,0,0,1,0,0,1,Bank Withdrawal,0,2,1,32,0,253.44,0,1
62,0,7.67,2610,Two Year,0,Male,0,0,1,0,0,0,0,1,Credit Card,0,4,0,46,0,352.82,0,0
35,14,11.5,4867,Month-to-Month,0,Male,1,1,0,1,0,0,1,0,Bank Withdrawal,0,5,1,9,0,103.5,0,0
60,5,20.11,3613,Month-to-Month,0,Male,1,0,0,1,0,1,1,0,Bank Withdrawal,0,3,0,6,0,120.66,0,0
76,5,43.04,5915,Month-to-Month,1,Female,1,1,0,0,1,1,0,1,Bank Withdrawal,1,1,1,48,0,2065.92,0,1
35,11,13.68,4469,Month-to-Month,0,Male,1,0,0,0,0,0,1,1,Bank Withdrawal,0,1,0,17,0,232.56,0,1
23,73,16.77,5108,Month-to-Month,0,Female,1,0,1,1,0,0,1,0,Credit Card,1,3,1,9,0,150.93,0,0
60,18,45.25,4219,Two Year,1,Male,1,0,0,0,1,1,0,1,Credit Card,0,3,1,67,0,3031.75,0,0
23,27,33.93,4995,One Year,1,Male,1,0,0,1,0,0,1,1,Credit Card,1,3,1,49,0,1662.57,0,0
25,48,24.01,5015,Month-to-Month,0,Male,1,1,0,1,1,1,1,1,Bank Withdrawal,1,3,1,68,0,1632.68,0,0
21,58,2.12,4792,Two Year,1,Male,1,0,0,1,0,1,0,1,Credit Card,1,3,0,67,0,142.04,0,0
75,16,36.83,5556,Month-to-Month,0,Female,1,0,0,0,0,0,0,0,Bank Withdrawal,1,1,1,16,0,589.28,0,1
40,19,8.0,4113,One Year,0,Male,1,0,1,0,1,1,0,1,Credit Card,0,4,0,36,0,288.0,0,0
39,3,44.65,4729,Month-to-Month,0,Male,1,1,0,0,1,0,0,1,Bank Withdrawal,1,3,0,52,0,2321.8,0,0
29,71,27.34,5510,Month-to-Month,1,Male,1,0,0,0,0,0,1,0,Credit Card,0,5,0,3,1,82.02,0,0
33,0,32.34,3266,Month-to-Month,0,Male,0,0,0,1,0,0,0,0,Credit Card,0,5,0,6,0,194.04,0,0
30,85,31.27,5274,Month-to-Month,1,Male,1,1,0,1,0,0,1,0,Bank Withdrawal,0,1,1,38,0,1188.26,0,1
71,11,41.97,5711,Two Year,0,Male,1,0,0,0,0,0,1,1,Bank Withdrawal,0,4,1,7,0,293.79,0,0
56,0,15.51,2019,Two Year,0,Male,0,0,1,0,0,0,0,1,Credit Card,0,3,0,10,0,155.1,0,0
22,48,0.0,4033,Month-to-Month,0,Male,1,0,0,0,0,0,1,0,Credit Card,0,3,0,2,1,0.0,0,0
39,20,8.1,4843,Month-to-Month,0,Female,1,0,1,0,0,0,1,1,Bank Withdrawal,1,5,0,9,0,72.9,0,0
26,82,2.02,3573,Month-to-Month,0,Male,1,1,0,1,0,0,1,1,Bank Withdrawal,0,3,0,10,1,20.2,0,1
21,52,33.25,4111,One Year,1,Male,1,0,0,1,1,0,0,1,Bank Withdrawal,0,3,1,60,0,1995.0,0,1
75,24,0.0,3162,Two Year,1,Female,1,0,0,1,0,1,0,0,Credit Card,1,4,0,14,0,0.0,0,0
46,27,0.0,5119,Two Year,1,Female,1,0,0,1,1,0,1,1,Credit Card,1,4,1,71,0,0.0,0,0
23,73,25.46,5027,One Year,1,Female,1,1,0,1,1,0,1,1,Bank Withdrawal,0,4,1,67,0,1705.82,0,0
61,7,0.0,5473,Month-to-Month,0,Male,1,0,0,0,0,0,1,0,Bank Withdrawal,0,5,0,9,0,0.0,0,0
57,11,5.76,4982,Two Year,1,Male,1,1,0,1,1,0,1,1,Credit Card,1,1,1,71,1,408.96,0,1
62,75,17.29,5434,One Year,1,Male,1,1,1,1,0,0,0,1,Bank Withdrawal,0,3,1,39,0,674.31,0,0
50,0,14.91,3398,Two Year,0,Male,0,0,0,0,0,0,1,0,Bank Withdrawal,0,5,0,32,0,477.12,1,0
41,30,49.35,5709,Two Year,1,Male,1,1,0,1,1,0,1,0,Credit Card,1,3,1,69,0,3405.15,0,0
49,0,45.75,5940,Two Year,0,Male,0,0,0,0,0,0,0,1,Bank Withdrawal,0,5,0,42,0,1921.5,0,0
45,13,21.58,6177,Two Year,1,Male,1,1,0,1,0,1,0,1,Bank Withdrawal,1,4,0,65,0,1402.7,0,0
51,30,14.63,4511,Two Year,1,Male,1,1,0,1,1,1,1,0,Bank Withdrawal,1,3,1,70,0,1024.1,0,0
48,0,49.58,6061,One Year,0,Female,0,0,0,1,0,0,0,1,Bank Withdrawal,0,3,0,49,0,2429.42,0,0
57,19,11.54,5124,Month-to-Month,0,Male,1,1,1,0,1,0,1,1,Bank Withdrawal,0,1,0,5,0,57.7,0,1
55,0,3.07,3274,Month-to-Month,0,Male,0,0,1,0,0,0,0,0,Credit Card,0,5,0,25,0,76.75,1,0
75,11,41.9,3501,Month-to-Month,0,Female,1,1,0,0,1,0,1,0,Bank Withdrawal,0,1,0,3,0,125.7,0,1
29,0,17.88,5247,One Year,0,Female,0,0,0,0,0,0,1,0,Mailed Check,0,3,0,50,0,894.0,1,0
36,25,23.24,4793,Month-to-Month,1,Female,1,1,0,0,0,0,1,1,Bank Withdrawal,0,1,0,25,0,581.0,0,1
26,30,45.93,4495,Two Year,1,Male,1,1,1,1,1,1,0,1,Credit Card,1,3,0,72,0,3306.96,0,0
38,23,49.04,4292,Month-to-Month,0,Male,1,0,0,0,0,1,1,0,Credit Card,0,4,0,10,0,490.4,0,0
62,0,23.17,5878,Two Year,0,Male,0,0,0,0,0,0,0,0,Bank Withdrawal,0,3,0,53,0,1228.01,0,0
64,5,36.17,4696,Month-to-Month,0,Male,1,1,0,1,0,0,0,0,Bank Withdrawal,0,3,0,39,0,1410.63,0,1
43,4,5.79,3771,Month-to-Month,0,Male,1,1,0,0,1,0,0,0,Bank Withdrawal,0,5,0,16,0,92.64,0,0
29,53,31.88,2333,Month-to-Month,0,Female,1,0,0,1,1,0,1,1,Credit Card,0,5,1,46,0,1466.48,0,0
23,0,4.92,5355,Month-to-Month,0,Female,0,0,0,0,0,0,0,0,Bank Withdrawal,0,4,0,2,0,9.84,0,0
19,0,1.57,4050,Month-to-Month,0,Male,0,0,0,0,0,0,1,0,Bank Withdrawal,0,5,0,3,0,4.71,0,0
66,25,39.77,2003,Two Year,0,Male,1,1,0,1,0,0,1,0,Bank Withdrawal,0,5,0,9,0,357.93,0,0
40,24,13.58,5020,Month-to-Month,1,Female,1,0,1,0,0,0,0,0,Bank Withdrawal,0,1,0,1,0,13.58,0,1
57,19,18.84,4207,Month-to-Month,0,Male,1,0,0,1,0,0,1,1,Bank Withdrawal,0,2,0,1,0,18.84,0,1
55,4,5.27,2241,Month-to-Month,0,Male,1,0,0,0,1,0,1,0,Bank Withdrawal,0,1,1,25,0,131.75,0,1
79,25,1.06,3754,One Year,1,Female,1,1,0,1,0,0,1,0,Credit Card,0,4,0,17,0,18.02,0,0
54,57,27.93,4975,Two Year,0,Male,1,1,1,0,1,1,0,1,Bank Withdrawal,0,3,0,53,0,1480.29,0,0
51,28,45.66,5367,Month-to-Month,0,Male,1,0,0,1,0,0,1,0,Bank Withdrawal,0,3,0,1,0,45.66,0,1
64,13,21.65,5644,Month-to-Month,0,Female,1,0,0,1,0,0,1,1,Bank Withdrawal,0,2,0,1,0,21.65,0,1
60,13,10.13,4534,Two Year,1,Female,1,1,0,0,0,0,0,1,Bank Withdrawal,1,5,1,56,0,567.28,0,0
48,8,7.96,4529,One Year,0,Male,1,0,0,1,1,1,0,0,Bank Withdrawal,0,4,0,62,0,493.52,0,0
62,0,5.57,3779,One Year,0,Male,0,1,0,1,0,0,0,0,Bank Withdrawal,0,3,0,25,0,139.25,0,1
25,0,19.23,4725,Two Year,0,Female,0,0,0,1,0,0,0,0,Bank Withdrawal,0,3,0,51,0,980.73,1,0
46,21,19.1,6325,One Year,1,Female,1,0,0,0,1,1,0,1,Credit Card,1,3,0,70,0,1337.0,0,0
22,52,40.03,2789,Month-to-Month,0,Female,1,0,1,0,0,0,1,0,Credit Card,1,4,0,5,0,200.15,0,0
61,28,6.34,4697,Month-to-Month,0,Male,1,0,0,0,0,0,1,0,Credit Card,1,4,0,2,1,12.68,0,0
51,26,26.15,4138,Month-to-Month,0,Female,1,0,0,0,0,0,1,0,Credit Card,0,4,0,1,0,26.15,0,0
70,7,0.0,4049,Two Year,1,Male,1,0,0,1,1,1,1,1,Credit Card,1,3,1,72,1,0.0,0,0
68,26,3.19,5116,Two Year,0,Male,1,1,0,0,1,1,0,1,Bank Withdrawal,1,4,0,7,0,22.33,0,0
35,30,37.55,5043,One Year,1,Male,1,1,0,1,0,0,0,0,Mailed Check,0,4,0,41,1,1539.55,0,0
80,4,31.11,4993,Two Year,0,Male,1,1,0,0,1,0,1,1,Bank Withdrawal,0,3,1,58,0,1804.38,0,0
76,20,12.96,4486,Month-to-Month,1,Male,1,0,0,1,1,0,1,0,Credit Card,1,3,0,2,0,25.92,0,1
26,47,34.69,2401,Month-to-Month,1,Male,1,0,0,1,0,1,0,0,Bank Withdrawal,0,3,0,4,0,138.76,0,0
61,4,0.0,4987,Two Year,0,Male,1,0,0,0,0,0,1,1,Bank Withdrawal,1,4,1,62,0,0.0,0,0
19,51,45.72,3843,Month-to-Month,1,Male,1,0,0,0,1,0,1,0,Credit Card,0,5,1,33,0,1508.76,0,0
30,53,20.5,4765,One Year,0,Male,1,1,0,1,0,1,1,1,Credit Card,1,3,0,59,0,1209.5,0,0
22,73,41.61,4461,One Year,1,Female,1,1,0,1,0,1,1,1,Mailed Check,0,2,1,33,0,1373.13,0,1
39,6,5.51,6286,Two Year,1,Male,1,0,0,1,1,1,1,1,Bank Withdrawal,1,4,1,71,0,391.21,0,0
65,0,34.39,4327,One Year,0,Female,0,0,0,0,0,0,1,0,Credit Card,0,3,0,22,0,756.58,0,0
27,46,21.07,5561,One Year,1,Female,1,0,0,1,1,1,1,1,Bank Withdrawal,0,3,1,51,0,1074.57,0,0
61,11,0.0,5990,Month-to-Month,1,Female,1,0,0,0,0,0,1,0,Credit Card,1,5,1,67,0,0.0,0,0
33,0,10.54,5322,One Year,0,Male,0,0,0,0,0,0,0,0,Credit Card,0,5,0,6,0,63.24,0,0
42,25,35.97,4804,Month-to-Month,1,Female,1,1,0,1,1,0,1,0,Bank Withdrawal,0,1,1,47,0,1690.59,0,1
70,10,45.13,3199,Two Year,1,Female,1,1,0,0,0,0,0,1,Bank Withdrawal,0,5,1,35,0,1579.55,0,0
25,0,37.85,4166,One Year,0,Female,0,0,0,1,0,0,0,1,Bank Withdrawal,0,3,0,53,0,2006.05,0,1
37,0,38.73,6271,Two Year,0,Male,0,0,0,0,0,0,0,0,Credit Card,0,3,0,57,0,2207.61,0,0
61,30,43.01,4605,One Year,1,Female,1,1,1,0,1,0,1,1,Credit Card,0,4,1,58,0,2494.58,1,0
24,59,5.3,5310,Month-to-Month,0,Female,1,1,0,0,0,1,0,0,Mailed Check,0,3,0,68,0,360.4,0,0
42,3,32.02,4454,Month-to-Month,0,Female,1,1,0,0,1,0,1,0,Bank Withdrawal,0,5,0,32,0,1024.64,0,0
26,76,9.5,4644,Two Year,1,Female,1,1,0,1,1,1,0,1,Credit Card,1,3,1,71,0,674.5,0,0
40,16,0.0,5578,Month-to-Month,0,Male,1,0,0,0,0,0,0,0,Mailed Check,0,2,0,8,0,0.0,0,1
47,16,38.92,5629,One Year,1,Female,1,1,1,0,0,1,0,1,Bank Withdrawal,0,3,0,69,1,2685.48,0,0
64,22,39.74,4664,Month-to-Month,1,Female,1,1,0,0,0,0,1,1,Bank Withdrawal,0,1,1,30,0,1192.2,0,1
38,12,18.97,3598,Month-to-Month,0,Male,1,1,1,0,0,0,1,1,Credit Card,1,3,0,5,0,94.85,0,0
51,20,17.17,5563,One Year,1,Male,1,1,0,1,1,1,0,1,Credit Card,1,2,1,70,1,1201.9,0,1
44,19,0.0,5646,One Year,0,Male,1,0,0,0,0,1,1,0,Bank Withdrawal,0,3,0,46,0,0.0,0,0
61,24,32.59,5671,Two Year,1,Male,1,1,1,1,1,1,1,1,Bank Withdrawal,1,3,1,68,0,2216.12,0,0
59,4,43.01,2313,One Year,1,Female,1,0,0,0,1,1,0,0,Bank Withdrawal,1,2,1,30,1,1290.3,0,1
55,0,13.27,4325,Month-to-Month,0,Male,0,0,0,0,0,0,1,0,Mailed Check,0,1,0,1,0,13.27,0,1
29,0,24.17,5625,Two Year,0,Male,0,0,0,1,0,0,0,0,Credit Card,0,5,0,53,0,1281.01,0,0
22,42,15.77,4838,Month-to-Month,0,Male,1,0,0,1,0,0,1,0,Credit Card,0,3,0,22,0,346.94,0,0
42,0,20.11,3107,Month-to-Month,0,Female,0,0,0,1,0,0,0,0,Credit Card,0,5,0,1,0,20.11,0,0
61,0,14.37,4577,Month-to-Month,0,Male,0,0,1,0,0,0,0,0,Credit Card,0,3,0,8,0,114.96,0,0
33,0,34.8,5252,Month-to-Month,0,Female,0,0,0,0,0,0,0,0,Credit Card,0,3,0,5,0,174.0,0,0
56,57,0.0,3001,Month-to-Month,0,Male,1,0,1,0,0,0,0,0,Bank Withdrawal,0,1,0,1,0,0.0,0,1
61,0,25.21,5408,Two Year,0,Female,0,1,0,0,0,0,0,1,Credit Card,0,3,0,34,0,857.14,0,0
41,23,34.04,4138,Month-to-Month,0,Female,1,0,0,0,0,0,1,0,Bank Withdrawal,1,1,0,1,0,34.04,0,1
28,0,14.93,5431,Two Year,0,Male,0,0,1,1,0,0,1,1,Bank Withdrawal,0,5,0,64,0,955.52,0,0
64,2,10.26,5584,Two Year,0,Female,1,0,0,0,1,0,1,0,Bank Withdrawal,1,4,1,41,0,420.66,1,0
58,27,1.28,3718,Month-to-Month,0,Male,1,0,0,1,1,0,0,0,Bank Withdrawal,0,1,0,1,0,1.28,0,1
37,29,0.0,4458,One Year,1,Female,1,0,0,1,0,0,0,0,Bank Withdrawal,1,3,1,25,0,0.0,0,0
53,9,42.09,5773,Month-to-Month,0,Female,1,0,0,1,0,0,1,0,Credit Card,0,1,0,1,0,42.09,0,1
19,73,45.04,2804,Month-to-Month,1,Female,1,0,0,0,0,0,0,0,Mailed Check,1,5,0,8,1,360.32,0,0
38,0,26.64,6146,Two Year,0,Female,0,1,0,1,0,0,1,1,Credit Card,0,5,0,68,0,1811.52,0,0
61,6,0.0,5656,One Year,0,Female,1,0,0,1,1,1,1,1,Bank Withdrawal,1,3,1,43,0,0.0,0,0
39,26,43.7,4102,Month-to-Month,1,Female,1,1,1,0,0,1,1,1,Credit Card,0,3,1,36,0,1573.2,0,0
70,11,49.76,2104,Month-to-Month,1,Male,1,1,0,1,1,0,1,1,Bank Withdrawal,0,1,1,24,0,1194.24,0,1
19,48,23.02,4686,One Year,1,Female,1,1,1,1,1,1,1,1,Credit Card,1,3,1,69,1,1588.38,0,0
72,21,12.91,5754,Two Year,1,Male,1,1,0,1,1,0,1,1,Bank Withdrawal,1,5,1,55,0,710.05,0,0
21,51,0.0,5775,Month-to-Month,1,Male,1,0,0,1,0,0,1,0,Bank Withdrawal,0,3,1,2,0,0.0,0,1
52,26,27.68,4978,One Year,0,Female,1,0,0,0,0,1,0,0,Credit Card,1,4,0,14,1,387.52,0,0
42,0,1.91,5707,Month-to-Month,0,Male,0,0,0,0,0,0,0,0,Mailed Check,0,2,0,1,0,1.91,0,1
46,27,0.0,3747,Month-to-Month,0,Female,1,0,0,0,1,0,0,1,Mailed Check,0,1,0,12,0,0.0,0,1
24,41,22.07,4164,Month-to-Month,0,Female,1,0,0,0,0,1,1,0,Bank Withdrawal,0,4,0,4,0,88.28,0,0
50,4,16.34,3173,Month-to-Month,0,Male,1,0,0,1,0,0,1,0,Mailed Check,0,4,0,1,0,16.34,0,0
77,16,7.11,5052,One Year,1,Male,1,1,0,0,1,0,1,1,Bank Withdrawal,0,1,1,62,0,440.82,0,1
40,0,32.22,4163,One Year,0,Male,0,1,0,1,0,0,0,0,Bank Withdrawal,0,3,0,66,0,2126.52,0,0
22,59,23.2,4172,Month-to-Month,1,Female,1,1,1,0,1,1,1,1,Bank Withdrawal,0,3,0,66,0,1531.2,1,0
19,82,0.0,4865,One Year,0,Female,1,0,0,0,0,1,1,1,Credit Card,1,4,0,49,0,0.0,0,0
59,12,0.0,2553,Month-to-Month,1,Female,1,0,0,1,0,0,1,0,Credit Card,1,5,0,35,1,0.0,0,0
20,59,38.37,5082,One Year,1,Male,1,1,0,0,1,1,0,0,Bank Withdrawal,1,3,0,63,0,2417.31,0,0
63,2,21.82,5531,Two Year,1,Female,1,1,0,0,1,1,1,0,Bank Withdrawal,1,3,1,68,0,1483.76,1,0
53,0,11.61,5384,Month-to-Month,0,Male,0,0,0,0,0,0,1,0,Mailed Check,0,3,0,1,0,11.61,0,0
76,27,45.13,2926,Two Year,0,Male,1,1,1,0,0,1,1,0,Credit Card,0,3,0,38,0,1714.94,0,0
43,52,42.93,3857,Month-to-Month,1,Female,1,0,1,0,0,0,1,0,Bank Withdrawal,1,3,1,10,0,429.3,0,0
45,0,32.12,4425,Two Year,0,Male,0,0,1,0,0,0,1,1,Bank Withdrawal,0,5,0,60,0,1927.2,0,0
39,16,15.24,5488,One Year,0,Male,1,0,0,1,0,1,1,1,Credit Card,0,3,1,60,0,914.4,0,0
50,0,39.34,5347,Two Year,0,Male,0,0,0,1,0,0,0,0,Credit Card,0,4,0,17,0,668.78,0,0
25,73,2.34,5620,Month-to-Month,0,Female,1,0,0,0,1,1,1,1,Credit Card,1,4,0,25,0,58.5,1,0
43,12,29.6,4709,One Year,1,Female,1,0,0,0,0,1,1,1,Credit Card,0,3,0,59,0,1746.4,0,0
39,6,25.68,5207,Month-to-Month,0,Male,1,1,0,1,1,0,1,0,Bank Withdrawal,0,3,1,24,0,616.32,0,0
58,9,36.3,4252,Two Year,0,Male,1,0,0,1,1,0,1,1,Bank Withdrawal,0,4,1,49,1,1778.7,0,0
39,17,32.73,4634,Month-to-Month,0,Male,1,0,1,0,0,1,0,1,Mailed Check,0,4,0,15,0,490.95,0,0
21,0,23.41,2539,One Year,0,Male,0,0,0,1,0,0,0,1,Mailed Check,0,3,0,1,0,23.41,0,0
80,30,22.14,4788,Month-to-Month,1,Male,1,1,0,1,0,1,1,1,Bank Withdrawal,0,1,1,51,0,1129.14,0,1
34,0,44.69,5404,Two Year,0,Female,0,0,0,0,0,0,1,0,Credit Card,0,4,0,47,0,2100.43,0,0
44,10,19.49,5811,Month-to-Month,1,Male,1,0,0,0,0,0,1,0,Bank Withdrawal,0,1,1,8,1,155.92,0,1
36,20,18.0,4163,One Year,1,Female,1,1,0,1,1,0,1,1,Bank Withdrawal,1,4,1,53,0,954.0,0,0
47,8,0.0,5369,Month-to-Month,0,Male,1,0,0,1,0,1,0,0,Credit Card,0,4,0,8,1,0.0,0,0
22,59,24.36,3974,Month-to-Month,1,Male,1,1,1,1,0,0,1,1,Bank Withdrawal,1,4,0,15,0,365.4,1,0
60,23,16.45,3965,Month-to-Month,1,Male,1,1,0,0,1,0,1,0,Mailed Check,1,2,1,12,0,197.4,0,1
37,10,45.57,4965,Month-to-Month,1,Male,1,1,0,1,1,0,1,1,Bank Withdrawal,0,5,0,14,0,637.98,0,0
65,2,38.85,3748,One Year,0,Female,1,0,0,0,0,0,1,1,Bank Withdrawal,0,5,1,20,0,777.0,0,0
25,59,20.79,4054,Two Year,0,Male,1,1,1,0,1,1,1,1,Credit Card,1,3,0,72,0,1496.88,0,0
64,0,11.38,2347,Two Year,0,Male,0,0,0,0,0,0,0,1,Credit Card,0,4,0,30,0,341.4,0,0
77,3,16.61,4652,Month-to-Month,0,Male,1,1,0,0,1,0,1,1,Bank Withdrawal,0,3,1,36,0,597.96,0,1
50,11,6.95,5111,Month-to-Month,1,Male,1,0,0,1,0,0,0,0,Credit Card,0,1,0,1,0,6.95,0,1
49,53,42.55,5613,Two Year,0,Male,1,0,1,1,1,1,0,1,Mailed Check,1,4,0,2,0,85.1,0,0
54,16,15.28,4521,Month-to-Month,1,Female,1,0,0,0,0,0,1,0,Credit Card,0,3,1,15,0,229.2,0,0
26,30,5.6,4205,Month-to-Month,0,Female,1,0,1,0,1,1,1,0,Bank Withdrawal,0,3,0,43,0,240.8,0,0
65,6,22.33,3179,Month-to-Month,1,Female,1,1,0,0,0,0,1,1,Bank Withdrawal,0,1,1,29,0,647.57,0,1
75,5,0.0,4591,Month-to-Month,0,Male,1,0,0,0,0,1,0,1,Bank Withdrawal,0,1,0,24,0,0.0,0,1
75,9,20.83,2944,Two Year,1,Female,1,1,0,0,0,0,0,1,Bank Withdrawal,1,4,1,44,0,916.52,0,0
53,0,31.12,6213,Two Year,0,Female,0,0,0,1,0,0,0,0,Bank Withdrawal,0,4,0,60,0,1867.2,0,0
78,12,25.57,4537,Two Year,1,Male,1,0,0,1,0,0,1,1,Credit Card,1,5,0,8,0,204.56,0,0
43,3,49.51,5757,One Year,0,Male,1,0,0,0,1,0,1,1,Bank Withdrawal,1,4,1,68,1,3366.68,0,0
28,48,6.42,2887,One Year,1,Male,1,1,0,1,1,1,1,0,Bank Withdrawal,0,3,0,42,0,269.64,0,0
51,11,29.72,5156,One Year,1,Male,1,0,0,0,1,0,1,0,Bank Withdrawal,1,5,0,26,0,772.72,0,0
61,21,4.66,2318,Month-to-Month,0,Female,1,0,0,1,0,0,1,0,Credit Card,0,2,0,34,0,158.44,1,1
53,0,31.76,3864,Month-to-Month,0,Male,0,0,0,1,0,0,0,1,Mailed Check,0,1,0,5,0,158.8,0,1
65,22,15.98,4745,Month-to-Month,0,Female,1,1,0,0,1,1,1,1,Bank Withdrawal,1,1,1,35,0,559.3,0,1
61,0,49.51,4676,Two Year,0,Male,0,1,1,1,0,0,0,1,Mailed Check,0,3,0,52,0,2574.52,0,0
32,28,41.37,4320,Month-to-Month,0,Female,1,1,0,0,0,0,1,0,Bank Withdrawal,0,2,0,2,0,82.74,0,1
63,25,40.59,4761,Two Year,1,Female,1,1,0,0,1,1,0,1,Bank Withdrawal,1,4,1,72,0,2922.48,0,0
46,21,47.82,5890,Two Year,1,Male,1,1,0,1,1,1,1,1,Bank Withdrawal,1,3,1,72,0,3443.04,0,0
47,30,38.09,2014,Month-to-Month,0,Female,1,1,0,0,0,0,1,1,Bank Withdrawal,0,1,0,3,0,114.27,0,1
19,47,0.0,4122,One Year,1,Male,1,0,1,1,1,0,0,1,Bank Withdrawal,1,3,1,70,0,0.0,1,0
55,53,25.02,5010,Two Year,1,Male,1,1,1,1,0,1,0,1,Bank Withdrawal,0,3,1,71,0,1776.42,0,0
74,21,9.86,4407,Month-to-Month,0,Female,1,0,0,1,0,0,0,0,Bank Withdrawal,0,2,0,2,0,19.72,0,1
52,27,27.59,5184,Two Year,0,Male,1,0,1,0,1,1,0,1,Bank Withdrawal,1,4,1,68,0,1876.12,0,0
65,23,0.0,5546,Month-to-Month,0,Male,1,0,0,0,1,0,1,1,Bank Withdrawal,0,4,1,59,0,0.0,0,0
42,3,47.9,5957,One Year,1,Male,1,0,0,0,0,1,0,0,Bank Withdrawal,0,3,0,52,0,2490.8,1,0
39,17,0.0,5281,Two Year,0,Male,1,0,1,1,0,1,0,1,Credit Card,0,4,1,67,0,0.0,0,0
69,5,11.82,4997,Month-to-Month,0,Female,1,1,0,0,0,1,1,0,Bank Withdrawal,0,1,0,20,0,236.4,0,1
34,19,41.58,4972,One Year,1,Male,1,1,1,0,1,1,1,1,Bank Withdrawal,0,4,1,50,0,2079.0,0,0
31,8,39.66,5996,Month-to-Month,0,Female,1,0,0,1,1,0,1,0,Credit Card,0,1,0,1,0,39.66,0,1
57,0,9.33,4439,One Year,0,Male,0,0,1,1,0,0,0,1,Credit Card,0,4,0,42,0,391.86,0,0
78,22,24.75,5287,Month-to-Month,0,Female,1,0,0,1,0,0,1,0,Bank Withdrawal,0,3,0,1,1,24.75,0,1
62,26,35.9,2404,Month-to-Month,0,Male,1,1,0,1,0,0,1,1,Bank Withdrawal,0,3,1,26,0,933.4,0,1
62,22,48.22,4629,Month-to-Month,0,Male,1,0,0,0,0,0,1,0,Credit Card,0,1,0,1,0,48.22,0,1
55,27,29.03,6012,Two Year,1,Male,1,1,0,1,0,1,0,0,Credit Card,1,4,1,72,0,2090.16,0,0
22,0,46.27,4221,Month-to-Month,0,Female,0,0,0,0,0,0,1,1,Credit Card,0,3,0,61,0,2822.47,0,1
38,28,5.25,5046,Two Year,1,Female,1,1,0,1,0,1,1,1,Credit Card,1,3,1,72,0,378.0,0,0
27,59,34.49,3936,Month-to-Month,1,Female,1,1,0,1,0,0,0,0,Bank Withdrawal,0,5,1,30,1,1034.7,0,0
52,4,40.47,5186,One Year,1,Female,1,1,0,1,1,1,1,1,Credit Card,0,4,1,59,0,2387.73,0,0
44,0,18.2,4333,Month-to-Month,0,Female,0,0,0,1,0,0,0,0,Credit Card,0,3,0,18,0,327.6,0,0
74,27,8.66,4330,Two Year,0,Male,1,1,0,0,1,0,0,0,Credit Card,0,5,0,24,1,207.84,0,0
23,73,24.28,2301,Month-to-Month,1,Female,1,1,1,0,1,0,1,1,Bank Withdrawal,0,3,1,3,0,72.84,0,0
65,19,2.86,2009,Month-to-Month,0,Male,1,1,0,0,0,0,0,1,Mailed Check,0,3,0,30,0,85.8,0,0
28,0,4.01,4530,Two Year,0,Male,0,1,0,1,0,0,0,0,Mailed Check,0,4,0,63,0,252.63,0,0
72,11,16.94,2420,Month-to-Month,1,Female,1,1,0,0,0,0,0,0,Credit Card,0,3,0,27,0,457.38,0,1
44,0,6.71,3678,Two Year,0,Female,0,0,0,1,0,0,1,0,Bank Withdrawal,0,3,0,43,0,288.53,0,0
36,18,0.0,3503,Month-to-Month,0,Male,1,0,0,0,0,0,0,0,Bank Withdrawal,0,2,0,3,0,0.0,0,1
30,0,22.77,5306,Two Year,0,Female,0,0,0,0,0,0,1,0,Bank Withdrawal,0,5,0,72,0,1639.44,1,0
61,17,0.0,5833,Month-to-Month,0,Male,1,0,1,1,0,0,1,0,Bank Withdrawal,0,4,1,30,0,0.0,0,0
42,23,37.23,3708,Month-to-Month,0,Male,1,0,1,0,0,0,1,1,Credit Card,0,4,0,4,0,148.92,0,0
28,42,28.54,2071,Month-to-Month,0,Male,1,1,0,1,0,0,1,0,Bank Withdrawal,0,5,0,21,0,599.34,0,0
50,25,47.73,2508,Month-to-Month,0,Male,1,1,0,0,1,1,0,0,Credit Card,1,3,1,47,0,2243.31,0,0
28,0,10.21,3901,Month-to-Month,0,Female,0,0,0,0,0,0,0,0,Mailed Check,0,5,0,1,0,10.21,0,0
33,0,9.81,4006,One Year,0,Male,0,0,0,0,0,0,0,1,Credit Card,0,5,0,30,0,294.3,0,0
61,8,4.76,4337,Two Year,0,Male,1,0,0,0,1,1,1,1,Credit Card,1,4,1,64,0,304.64,0,0
63,30,35.72,2845,One Year,0,Female,1,0,1,0,1,0,1,1,Credit Card,0,4,1,21,0,750.12,0,0
44,0,25.52,3726,One Year,0,Female,0,0,1,0,0,0,1,0,Credit Card,0,4,0,35,0,893.2,0,0
78,17,26.95,5859,Month-to-Month,0,Female,1,1,0,1,0,0,1,0,Bank Withdrawal,0,3,0,37,0,997.15,0,1
36,14,47.45,2504,One Year,1,Male,1,0,1,0,0,1,1,1,Credit Card,0,3,0,36,0,1708.2,0,0
57,24,12.29,5841,Two Year,1,Female,1,1,1,0,1,1,1,1,Bank Withdrawal,1,3,1,72,0,884.88,0,0
59,76,31.45,5975,One Year,1,Male,1,0,1,0,1,1,0,1,Bank Withdrawal,1,3,1,38,0,1195.1,0,0
19,48,28.42,5271,One Year,0,Female,1,0,0,1,0,1,0,0,Credit Card,1,3,0,28,1,795.76,0,0
39,0,14.97,5594,One Year,0,Male,0,0,1,0,0,0,1,1,Credit Card,0,4,0,43,0,643.71,1,0
69,22,37.39,4994,Two Year,1,Female,1,1,0,1,1,1,0,0,Credit Card,1,3,1,71,1,2654.69,0,0
48,0,5.32,3595,Month-to-Month,0,Male,0,0,0,1,0,0,0,0,Bank Withdrawal,0,5,0,1,0,5.32,0,0
30,48,29.14,5807,Month-to-Month,0,Female,1,0,1,0,1,1,1,1,Credit Card,1,4,0,40,0,1165.6,0,0
46,15,48.36,3077,Month-to-Month,1,Female,1,0,0,1,0,0,1,0,Bank Withdrawal,0,2,1,7,0,338.52,1,1
25,41,36.07,3086,Month-to-Month,1,Male,1,0,0,0,0,0,1,0,Bank Withdrawal,0,1,1,1,0,36.07,0,1
75,16,47.86,4113,Two Year,1,Female,1,1,0,1,0,0,0,0,Bank Withdrawal,0,5,1,71,0,3398.06,0,0
47,12,35.09,5350,Two Year,1,Male,1,1,0,0,0,1,0,1,Bank Withdrawal,1,3,1,71,0,2491.39,0,0
53,0,40.49,4132,Month-to-Month,0,Male,0,0,0,0,0,0,1,0,Mailed Check,0,1,0,1,0,40.49,0,1
36,16,37.37,5227,Month-to-Month,0,Female,1,0,0,1,1,0,1,0,Bank Withdrawal,1,5,1,8,0,298.96,0,0
22,59,28.34,5876,One Year,0,Male,1,1,1,1,1,0,0,1,Bank Withdrawal,0,5,1,71,0,2012.14,1,0
62,29,37.49,3982,Month-to-Month,1,Female,1,1,0,0,0,0,1,1,Credit Card,0,3,0,37,0,1387.13,0,1
73,6,25.74,3016,Month-to-Month,0,Female,1,0,0,0,1,1,0,0,Credit Card,0,1,0,2,0,51.48,0,1
63,8,39.16,3672,Month-to-Month,0,Female,1,0,0,0,0,1,1,0,Bank Withdrawal,0,3,0,6,0,234.96,0,0
59,22,25.89,3137,Month-to-Month,0,Female,1,0,1,1,1,0,1,1,Bank Withdrawal,1,5,0,10,0,258.9,0,0
51,13,9.47,5749,Month-to-Month,0,Male,1,1,1,1,0,0,0,1,Credit Card,0,5,0,19,1,179.93,0,0
34,22,24.32,5435,Month-to-Month,0,Female,1,0,0,1,0,1,0,0,Credit Card,1,1,0,5,1,121.6,1,1
65,15,48.71,4038,Month-to-Month,1,Male,1,1,0,0,0,0,1,0,Bank Withdrawal,0,1,1,9,0,438.39,0,1
25,59,48.86,3391,Month-to-Month,0,Female,1,0,0,1,0,0,0,0,Bank Withdrawal,0,3,1,5,0,244.3,0,0
20,73,0.0,4986,Month-to-Month,0,Male,1,0,0,0,1,0,1,0,Bank Withdrawal,1,4,0,11,0,0.0,0,0
42,0,44.34,5863,Month-to-Month,0,Male,0,0,0,0,0,0,0,0,Credit Card,0,3,0,2,0,88.68,0,0
29,0,48.87,4838,One Year,0,Male,0,0,0,0,0,0,0,1,Credit Card,0,5,0,56,0,2736.72,0,0
59,26,30.07,2591,Month-to-Month,0,Male,1,1,0,1,0,0,1,0,Bank Withdrawal,0,1,0,1,0,30.07,0,1
69,9,5.27,5590,Two Year,1,Male,1,0,0,1,1,1,0,1,Bank Withdrawal,1,4,1,72,1,379.44,0,0
44,20,44.6,2540,Month-to-Month,0,Male,1,0,0,1,1,0,1,1,Credit Card,0,3,0,12,0,535.2,0,0
39,0,4.6,3979,One Year,0,Female,0,1,0,1,0,0,0,1,Credit Card,0,3,0,46,0,211.6,0,0
25,46,25.83,5432,Month-to-Month,0,Male,1,1,0,0,0,0,1,1,Bank Withdrawal,0,5,0,16,0,413.28,0,0
58,0,38.84,2732,Month-to-Month,0,Female,0,0,0,0,0,0,0,0,Credit Card,0,5,0,1,0,38.84,0,0
37,30,19.32,5580,Month-to-Month,0,Female,1,0,1,1,1,0,0,1,Credit Card,0,3,0,27,0,521.64,0,0
73,10,33.68,6202,Two Year,1,Male,1,1,0,1,1,0,0,1,Credit Card,1,4,1,72,0,2424.96,0,0
54,4,9.52,2405,Month-to-Month,1,Female,1,0,0,0,1,0,1,0,Bank Withdrawal,1,3,0,11,0,104.72,0,0
22,73,8.53,4798,Two Year,0,Female,1,1,1,0,0,1,0,1,Bank Withdrawal,1,3,0,54,0,460.62,0,0
21,47,19.3,3131,Month-to-Month,0,Female,1,0,0,1,0,1,1,1,Bank Withdrawal,0,3,0,32,0,617.6,0,0
48,6,0.0,5174,Two Year,1,Female,1,0,0,0,1,0,0,0,Credit Card,1,3,0,50,0,0.0,0,0
70,0,8.48,5079,Two Year,0,Female,0,1,0,0,0,0,1,1,Credit Card,0,3,0,72,0,610.56,0,0
55,19,31.79,2831,Month-to-Month,1,Male,1,0,0,1,0,0,0,1,Bank Withdrawal,1,5,0,18,0,572.22,0,0
40,0,42.52,5597,Month-to-Month,0,Male,0,0,0,1,0,0,0,0,Bank Withdrawal,0,4,0,5,0,212.6,0,0
48,0,14.37,5860,Two Year,0,Male,0,0,1,1,0,0,0,0,Bank Withdrawal,0,3,0,44,0,632.28,0,0
51,22,23.36,4291,Month-to-Month,0,Female,1,1,1,0,1,0,1,1,Credit Card,0,5,0,9,0,210.24,0,0
49,23,21.16,5574,Two Year,0,Female,1,1,1,1,1,1,0,1,Bank Withdrawal,1,3,1,64,0,1354.24,0,0
34,2,29.49,4369,One Year,0,Female,1,0,0,0,0,0,0,1,Bank Withdrawal,0,3,0,13,0,383.37,0,0
40,11,26.85,2484,Month-to-Month,0,Male,1,0,1,0,0,1,1,0,Credit Card,0,2,0,1,0,26.85,0,1
64,0,9.84,5208,Month-to-Month,0,Female,0,1,0,1,0,0,0,0,Credit Card,0,5,0,17,0,167.28,1,0
72,19,16.92,4406,Two Year,1,Male,1,1,0,0,1,0,1,1,Bank Withdrawal,1,4,1,72,1,1218.24,0,0
46,26,0.0,5063,Two Year,1,Female,1,0,1,1,1,0,1,1,Bank Withdrawal,1,3,1,61,0,0.0,0,0
58,15,40.49,4165,Two Year,1,Male,1,1,0,0,1,0,1,1,Bank Withdrawal,0,4,1,72,0,2915.28,0,0
43,26,31.08,5286,Month-to-Month,1,Female,1,1,0,1,0,0,1,1,Bank Withdrawal,0,3,1,11,0,341.88,0,1
52,0,44.73,3233,One Year,0,Female,0,0,0,0,0,0,0,1,Bank Withdrawal,0,5,0,4,0,178.92,0,0
24,69,43.05,5523,Month-to-Month,0,Male,1,1,1,1,0,0,1,0,Bank Withdrawal,0,4,0,1,0,43.05,0,0
71,28,30.25,2930,Month-to-Month,0,Male,1,1,0,0,0,0,1,0,Bank Withdrawal,0,1,0,3,0,90.75,0,1
68,13,6.81,2259,Month-to-Month,0,Male,1,1,0,0,0,0,1,1,Bank Withdrawal,0,4,0,7,0,47.67,0,0
66,2,32.36,5904,Month-to-Month,0,Male,1,1,0,1,0,0,1,0,Bank Withdrawal,0,2,1,49,0,1585.64,0,1
56,0,30.47,5480,Two Year,0,Female,0,0,0,0,0,0,1,1,Credit Card,0,5,0,46,0,1401.62,0,0
49,2,38.88,4260,One Year,1,Female,1,0,0,0,1,0,1,0,Credit Card,1,3,1,60,0,2332.8,0,0
42,0,13.93,3875,Two Year,0,Female,0,0,0,1,0,0,0,0,Credit Card,0,3,0,25,0,348.25,0,0
65,25,11.41,5428,One Year,1,Female,1,1,0,0,1,0,1,1,Credit Card,0,5,1,62,0,707.42,0,0
28,48,0.0,4566,Month-to-Month,0,Female,1,0,0,0,0,0,1,0,Bank Withdrawal,0,1,1,2,1,0.0,0,1
62,0,3.57,5390,Two Year,0,Male,0,0,1,0,0,0,0,1,Credit Card,0,4,0,4,0,14.28,0,0
46,21,14.28,4934,Month-to-Month,0,Male,1,1,0,1,0,0,1,0,Bank Withdrawal,0,1,0,3,0,42.84,0,1
21,69,6.37,5643,One Year,0,Female,1,1,1,1,1,1,1,1,Credit Card,0,3,1,42,1,267.54,0,0
55,22,29.06,4258,One Year,0,Male,1,1,0,0,1,1,1,1,Bank Withdrawal,1,3,0,31,0,900.86,1,0
27,85,8.94,4465,Month-to-Month,0,Male,1,1,0,0,1,0,1,1,Credit Card,1,3,0,52,0,464.88,1,0
58,0,34.36,4886,One Year,0,Male,0,1,0,1,0,0,1,0,Bank Withdrawal,0,5,0,51,0,1752.36,1,0
59,25,20.26,3666,Month-to-Month,1,Male,1,0,0,1,1,0,1,0,Bank Withdrawal,0,1,0,19,0,384.94,0,1
45,18,3.94,2764,Month-to-Month,0,Male,1,0,0,1,1,0,1,0,Credit Card,0,4,0,20,0,78.8,0,0
27,0,38.41,2011,Month-to-Month,0,Male,0,0,0,1,0,0,0,0,Credit Card,0,4,0,3,0,115.23,0,0
61,27,0.0,4871,Two Year,0,Female,1,0,0,1,0,1,0,0,Bank Withdrawal,0,4,0,36,0,0.0,0,0
51,9,46.92,3590,Month-to-Month,1,Female,1,1,0,0,0,0,1,1,Bank Withdrawal,0,1,0,32,1,1501.44,0,1
25,0,29.29,5398,Two Year,0,Male,0,1,0,1,0,0,0,0,Bank Withdrawal,0,5,0,72,0,2108.88,0,0
74,5,0.0,5688,Month-to-Month,0,Female,1,0,0,0,0,0,1,0,Bank Withdrawal,0,1,0,1,0,0.0,0,1
25,0,34.68,5596,Two Year,0,Male,0,0,0,1,0,0,0,0,Credit Card,0,5,0,19,0,658.92,0,0
41,12,48.77,4688,One Year,1,Female,1,1,0,1,1,0,1,1,Credit Card,0,1,1,66,1,3218.82,0,1
60,0,26.98,5374,Two Year,0,Female,0,1,0,1,0,0,1,1,Credit Card,0,4,0,72,0,1942.56,0,0
44,3,25.81,2198,Month-to-Month,0,Female,1,1,0,0,0,1,1,0,Bank Withdrawal,1,3,0,24,0,619.44,0,0
37,27,39.9,5136,One Year,0,Female,1,0,1,1,1,0,1,0,Credit Card,1,5,0,25,0,997.5,1,0
62,11,22.57,5949,Month-to-Month,1,Male,1,1,0,1,0,0,1,1,Bank Withdrawal,0,3,0,32,0,722.24,0,1
40,23,12.63,4515,Two Year,0,Female,1,1,0,0,1,1,0,0,Bank Withdrawal,0,3,0,72,0,909.36,0,0
42,56,45.26,4734,Month-to-Month,1,Female,1,1,1,0,1,1,0,1,Credit Card,1,1,0,41,0,1855.66,0,1
63,24,7.01,5255,Month-to-Month,0,Female,1,1,0,0,1,0,1,1,Credit Card,1,3,1,30,0,210.3,0,1
36,10,45.03,2098,One Year,1,Male,1,1,0,1,0,0,1,1,Bank Withdrawal,1,1,1,41,0,1846.23,1,1
40,0,12.05,2088,One Year,0,Male,0,0,0,0,0,0,0,0,Credit Card,0,5,0,3,0,36.15,0,0
77,21,42.06,2169,Month-to-Month,1,Male,1,1,0,1,0,0,1,0,Bank Withdrawal,0,1,1,41,0,1724.46,0,1
26,73,4.18,5833,One Year,1,Male,1,0,1,0,1,0,1,1,Credit Card,0,4,1,57,0,238.26,0,0
40,28,26.13,2992,Month-to-Month,0,Female,1,0,0,0,0,0,1,0,Credit Card,0,4,0,13,0,339.69,1,0
29,51,2.87,4622,Month-to-Month,1,Female,1,1,0,0,1,1,1,1,Bank Withdrawal,0,1,1,47,0,134.89,0,1
55,0,33.63,3052,Two Year,0,Female,0,1,0,0,0,0,0,1,Bank Withdrawal,0,4,0,42,0,1412.46,0,0
65,22,20.99,5569,Month-to-Month,0,Male,1,1,0,1,0,0,1,0,Bank Withdrawal,0,1,1,2,0,41.98,0,1
50,6,23.06,5643,One Year,1,Female,1,0,0,0,1,1,1,1,Bank Withdrawal,1,3,1,71,0,1637.26,0,0
54,15,30.57,4924,Month-to-Month,1,Male,1,0,0,0,0,0,0,0,Bank Withdrawal,0,4,0,11,0,336.27,0,0
79,27,43.99,3662,Two Year,0,Female,1,0,0,0,1,1,0,0,Credit Card,1,4,0,5,1,219.95,0,0
65,23,25.61,5479,One Year,1,Female,1,1,0,0,1,0,1,0,Bank Withdrawal,0,3,1,71,1,1818.31,1,0
20,73,8.01,6026,One Year,1,Female,1,1,0,1,1,0,1,1,Bank Withdrawal,1,5,1,57,0,456.57,0,0
26,69,47.47,4474,Two Year,1,Male,1,0,0,1,1,0,0,0,Bank Withdrawal,1,4,1,58,0,2753.26,0,0
23,69,4.75,5314,Two Year,0,Female,1,1,1,1,1,1,1,1,Bank Withdrawal,1,3,1,65,1,308.75,0,0
28,48,13.97,4014,Month-to-Month,0,Male,1,1,0,0,1,0,0,1,Credit Card,0,3,0,34,0,474.98,0,0
45,0,17.12,5433,Two Year,0,Male,0,0,0,1,0,0,0,0,Credit Card,0,3,0,11,0,188.32,1,0
30,51,41.95,5643,Month-to-Month,0,Female,1,0,0,1,0,1,0,1,Bank Withdrawal,1,1,1,17,0,713.15,0,1
31,0,31.3,4277,Month-to-Month,0,Female,0,0,1,1,0,0,0,1,Credit Card,0,4,0,55,0,1721.5,0,0
53,28,44.49,4022,Two Year,0,Male,1,1,1,1,0,1,1,1,Credit Card,1,4,1,50,0,2224.5,0,0
80,13,0.0,2587,One Year,0,Male,1,0,0,1,0,1,0,1,Bank Withdrawal,0,3,0,7,0,0.0,1,0
32,30,3.95,2270,Month-to-Month,0,Female,1,0,0,0,0,1,1,0,Credit Card,0,1,0,22,1,86.9,0,1
46,6,32.72,2221,Month-to-Month,1,Female,1,1,0,1,1,1,1,1,Credit Card,1,3,0,44,0,1439.68,0,0
42,0,40.33,5320,Two Year,0,Male,0,1,1,1,0,0,0,1,Credit Card,0,5,0,52,0,2097.16,0,0
67,23,12.72,3820,Two Year,1,Female,1,1,0,0,1,0,0,0,Bank Withdrawal,1,4,0,28,0,356.16,0,0
67,21,34.8,6423,Two Year,0,Male,1,1,0,0,1,0,1,0,Bank Withdrawal,1,3,1,71,0,2470.8,0,0
22,0,49.83,3149,Month-to-Month,0,Male,0,0,1,1,0,0,1,1,Bank Withdrawal,0,5,0,7,0,348.81,0,0
27,27,5.69,4227,Month-to-Month,0,Female,1,0,0,1,0,0,0,1,Credit Card,0,4,0,6,0,34.14,0,0
56,0,23.25,5956,One Year,0,Female,0,0,0,0,0,0,1,0,Credit Card,0,4,0,42,0,976.5,0,0
56,0,23.84,5811,Month-to-Month,0,Female,0,0,0,0,0,0,1,0,Credit Card,0,4,0,10,0,238.4,0,0
72,28,47.34,4005,Month-to-Month,0,Female,1,1,0,1,0,0,1,1,Bank Withdrawal,1,5,1,58,0,2745.72,0,0
62,2,31.97,3233,Month-to-Month,0,Male,1,1,0,0,0,0,1,0,Credit Card,1,3,0,30,0,959.1,0,0
36,0,7.76,4590,Month-to-Month,0,Male,0,0,0,0,0,0,1,0,Credit Card,0,3,0,1,0,7.76,0,0
77,22,23.43,5602,One Year,0,Female,1,0,0,0,1,1,0,0,Bank Withdrawal,0,4,0,22,0,515.46,1,0
56,0,28.06,4458,One Year,0,Male,0,0,1,1,0,0,0,1,Bank Withdrawal,0,5,0,18,0,505.08,0,0
45,22,0.0,4115,Month-to-Month,1,Female,1,0,0,1,1,1,1,1,Bank Withdrawal,0,3,1,57,0,0.0,0,0
45,22,12.69,5574,One Year,0,Female,1,0,0,0,1,1,0,0,Credit Card,1,3,1,17,0,215.73,0,0
